Trade number,Type,Date and time,Signal,Price,Size (qty),Size (value),Net PnL NONE,Net PnL %,Favorable excursion NONE,Favorable excursion %,Adverse excursion NONE,Adverse excursion %,Cumulative PnL NONE,Cumulative PnL %
1,Exit short,2025-10-14 10:45,S-Exit,25237,1,25187,-50,-0.20,22.25,0.09,-50,-0.20,-50,0.00
1,Entry short,2025-10-14 10:00,Short,25187,1,25187,-50,-0.20,22.25,0.09,-50,-0.20,-50,0.00
2,Exit short,2025-10-14 12:09,S-Exit,25103.2,1,25178.2,75,0.30,75,0.30,-3.05,-0.01,25,0.00
2,Entry short,2025-10-14 11:06,Short,25178.2,1,25178.2,75,0.30,75,0.30,-3.05,-0.01,25,0.00
3,Exit short,2025-10-14 14:33,Long,25176.55,1,25126.9,-49.65,-0.20,31.85,0.13,-49.65,-0.20,-24.65,0.00
3,Entry short,2025-10-14 13:36,Short,25126.9,1,25126.9,-49.65,-0.20,31.85,0.13,-49.65,-0.20,-24.65,0.00
4,Exit long,2025-10-14 15:15,EOD Square-off,25158,1,25176.55,-18.55,-0.07,20.9,0.08,-41.8,-0.17,-43.2,0.00
4,Entry long,2025-10-14 14:33,Long,25176.55,1,25176.55,-18.55,-0.07,20.9,0.08,-41.8,-0.17,-43.2,0.00
5,Exit long,2025-10-15 15:15,EOD Square-off,25327.9,1,25314.65,13.25,0.05,17.15,0.07,-11,-0.04,-29.95,0.00
5,Entry long,2025-10-15 14:51,Long,25314.65,1,25314.65,13.25,0.05,17.15,0.07,-11,-0.04,-29.95,0.00
6,Exit long,2025-10-17 13:36,L-Exit,25629.25,1,25679.25,-50,-0.19,25.95,0.10,-50,-0.19,-79.95,-0.01
6,Entry long,2025-10-17 13:09,Long,25679.25,1,25679.25,-50,-0.19,25.95,0.10,-50,-0.19,-79.95,-0.01
7,Exit short,2025-10-17 14:00,S-Exit,25677.4,1,25626.9,-50.5,-0.20,6.45,0.03,-50.5,-0.20,-130.45,-0.01
7,Entry short,2025-10-17 13:36,Short,25626.9,1,25626.9,-50.5,-0.20,6.45,0.03,-50.5,-0.20,-130.45,-0.01
8,Exit long,2025-10-17 15:15,EOD Square-off,25712.1,1,25685.15,26.95,0.10,66.55,0.26,-26.9,-0.10,-103.5,-0.01
8,Entry long,2025-10-17 14:06,Long,25685.15,1,25685.15,26.95,0.10,66.55,0.26,-26.9,-0.10,-103.5,-0.01
9,Exit long,2025-10-20 14:27,L-Exit,25811.05,1,25861.05,-50,-0.19,23.1,0.09,-50,-0.19,-153.5,-0.02
9,Entry long,2025-10-20 14:12,Long,25861.05,1,25861.05,-50,-0.19,23.1,0.09,-50,-0.19,-153.5,-0.02
10,Exit long,2025-10-21 14:30,L-Exit,25866,1,25916,-50,-0.19,5.3,0.02,-50,-0.19,-203.5,-0.02
10,Entry long,2025-10-21 13:45,Long,25916,1,25916,-50,-0.19,5.3,0.02,-50,-0.19,-203.5,-0.02
11,Exit short,2025-10-23 15:06,S-Exit,25901.85,1,25976.85,75,0.29,75,0.29,-20,-0.08,-128.5,-0.01
11,Entry short,2025-10-23 14:03,Short,25976.85,1,25976.85,75,0.29,75,0.29,-20,-0.08,-128.5,-0.01
12,Exit long,2025-10-27 15:15,EOD Square-off,25965.75,1,25953.8,11.95,0.05,31.1,0.12,-27.05,-0.10,-116.55,-0.01
12,Entry long,2025-10-27 13:48,Long,25953.8,1,25953.8,11.95,0.05,31.1,0.12,-27.05,-0.10,-116.55,-0.01
13,Exit short,2025-10-28 12:06,S-Exit,25832.05,1,25907.05,75,0.29,75,0.29,-7.05,-0.03,-41.55,0.00
13,Entry short,2025-10-28 10:03,Short,25907.05,1,25907.05,75,0.29,75,0.29,-7.05,-0.03,-41.55,0.00
14,Exit long,2025-10-28 13:42,L-Exit,25888.3,1,25938.3,-50,-0.19,17.7,0.07,-50,-0.19,-91.55,-0.01
14,Entry long,2025-10-28 12:45,Long,25938.3,1,25938.3,-50,-0.19,17.7,0.07,-50,-0.19,-91.55,-0.01
15,Exit short,2025-10-28 15:06,S-Exit,25929.6,1,25879.6,-50,-0.19,69.55,0.27,-50,-0.19,-141.55,-0.01
15,Entry short,2025-10-28 13:42,Short,25879.6,1,25879.6,-50,-0.19,69.55,0.27,-50,-0.19,-141.55,-0.01
16,Exit long,2025-10-29 15:15,EOD Square-off,26050.85,1,26046.8,4.05,0.02,35.6,0.14,-31.5,-0.12,-137.5,-0.01
16,Entry long,2025-10-29 14:09,Long,26046.8,1,26046.8,4.05,0.02,35.6,0.14,-31.5,-0.12,-137.5,-0.01
17,Exit short,2025-10-30 13:30,S-Exit,25879.65,1,25954.65,75,0.29,75,0.29,-2.85,-0.01,-62.5,-0.01
17,Entry short,2025-10-30 11:27,Short,25954.65,1,25954.65,75,0.29,75,0.29,-2.85,-0.01,-62.5,-0.01
18,Exit long,2025-10-31 10:03,L-Exit,25898.1,1,25948.1,-50,-0.19,5.65,0.02,-50,-0.19,-112.5,-0.01
18,Entry long,2025-10-31 09:33,Long,25948.1,1,25948.1,-50,-0.19,5.65,0.02,-50,-0.19,-112.5,-0.01
19,Exit short,2025-10-31 10:30,S-Exit,25808.65,1,25883.65,75,0.29,75,0.29,-8.5,-0.03,-37.5,0.00
19,Entry short,2025-10-31 10:03,Short,25883.65,1,25883.65,75,0.29,75,0.29,-8.5,-0.03,-37.5,0.00
20,Exit short,2025-11-03 14:15,S-Exit,25782.95,1,25732.95,-50,-0.19,37.6,0.15,-50,-0.19,-87.5,-0.01
20,Entry short,2025-11-03 10:00,Short,25732.95,1,25732.95,-50,-0.19,37.6,0.15,-50,-0.19,-87.5,-0.01
21,Exit long,2025-11-03 14:48,L-Exit,25745.85,1,25795.85,-50,-0.19,7.25,0.03,-50,-0.19,-137.5,-0.01
21,Entry long,2025-11-03 14:15,Long,25795.85,1,25795.85,-50,-0.19,7.25,0.03,-50,-0.19,-137.5,-0.01
22,Exit short,2025-11-04 14:12,S-Exit,25616.75,1,25691.75,75,0.29,75,0.29,-4.9,-0.02,-62.5,-0.01
22,Entry short,2025-11-04 11:03,Short,25691.75,1,25691.75,75,0.29,75,0.29,-4.9,-0.02,-62.5,-0.01
23,Exit short,2025-11-06 10:15,S-Exit,25538.7,1,25613.7,75,0.29,75,0.29,-3.4,-0.01,12.5,0.00
23,Entry short,2025-11-06 10:03,Short,25613.7,1,25613.7,75,0.29,75,0.29,-3.4,-0.01,12.5,0.00
24,Exit short,2025-11-06 15:12,S-Exit,25493.65,1,25568.65,75,0.29,75,0.29,-34.45,-0.13,87.5,0.01
24,Entry short,2025-11-06 13:09,Short,25568.65,1,25568.65,75,0.29,75,0.29,-34.45,-0.13,87.5,0.01
25,Exit short,2025-11-07 12:39,S-Exit,25480.4,1,25430.4,-50,-0.20,1.35,0.01,-50,-0.20,37.5,0.00
25,Entry short,2025-11-07 11:48,Short,25430.4,1,25430.4,-50,-0.20,1.35,0.01,-50,-0.20,37.5,0.00
26,Exit long,2025-11-07 15:15,EOD Square-off,25511.5,1,25499.25,12.25,0.05,52,0.20,-42.65,-0.17,49.75,0.00
26,Entry long,2025-11-07 12:48,Long,25499.25,1,25499.25,12.25,0.05,52,0.20,-42.65,-0.17,49.75,0.00
27,Exit long,2025-11-10 15:09,L-Exit,25573.35,1,25623.35,-50,-0.20,26.1,0.10,-50,-0.20,-0.25,0.00
27,Entry long,2025-11-10 14:03,Long,25623.35,1,25623.35,-50,-0.20,26.1,0.10,-50,-0.20,-0.25,0.00
28,Exit long,2025-11-11 13:45,L-Exit,25649.3,1,25574.3,75,0.29,75,0.29,-15.45,-0.06,74.75,0.01
28,Entry long,2025-11-11 12:27,Long,25574.3,1,25574.3,75,0.29,75,0.29,-15.45,-0.06,74.75,0.01
29,Exit long,2025-11-13 11:03,L-Exit,25961.8,1,25886.8,75,0.29,75,0.29,-28,-0.11,149.75,0.01
29,Entry long,2025-11-13 09:48,Long,25886.8,1,25886.8,75,0.29,75,0.29,-28,-0.11,149.75,0.01
30,Exit short,2025-11-13 15:15,EOD Square-off,25877.45,1,25895.8,18.35,0.07,29.7,0.11,-44.15,-0.17,168.1,0.02
30,Entry short,2025-11-13 14:06,Short,25895.8,1,25895.8,18.35,0.07,29.7,0.11,-44.15,-0.17,168.1,0.02
31,Exit short,2025-11-14 13:39,S-Exit,25766.45,1,25841.45,75,0.29,75,0.29,-22.6,-0.09,243.1,0.02
31,Entry short,2025-11-14 11:03,Short,25841.45,1,25841.45,75,0.29,75,0.29,-22.6,-0.09,243.1,0.02
32,Exit short,2025-11-14 15:00,S-Exit,25839.65,1,25789.65,-50,-0.19,30.55,0.12,-50,-0.19,193.1,0.02
32,Entry short,2025-11-14 14:42,Short,25789.65,1,25789.65,-50,-0.19,30.55,0.12,-50,-0.19,193.1,0.02
33,Exit short,2025-11-18 11:45,S-Exit,25968.1,1,25918.1,-50,-0.19,41,0.16,-50,-0.19,143.1,0.01
33,Entry short,2025-11-18 09:48,Short,25918.1,1,25918.1,-50,-0.19,41,0.16,-50,-0.19,143.1,0.01
34,Exit long,2025-11-18 15:00,L-Exit,25919.95,1,25969.95,-50,-0.19,27.2,0.10,-50,-0.19,93.1,0.01
34,Entry long,2025-11-18 11:45,Long,25969.95,1,25969.95,-50,-0.19,27.2,0.10,-50,-0.19,93.1,0.01
35,Exit long,2025-11-19 14:15,L-Exit,26042.35,1,25967.35,75,0.29,75,0.29,-49.55,-0.19,168.1,0.02
35,Entry long,2025-11-19 10:18,Long,25967.35,1,25967.35,75,0.29,75,0.29,-49.55,-0.19,168.1,0.02
36,Exit short,2025-11-21 12:21,Long,26149.85,1,26126.3,-23.55,-0.09,70.35,0.27,-26.45,-0.10,144.55,0.01
36,Entry short,2025-11-21 09:45,Short,26126.3,1,26126.3,-23.55,-0.09,70.35,0.27,-26.45,-0.10,144.55,0.01
37,Exit long,2025-11-21 13:45,L-Exit,26099.85,1,26149.85,-50,-0.19,29.35,0.11,-50,-0.19,94.55,0.01
37,Entry long,2025-11-21 12:21,Long,26149.85,1,26149.85,-50,-0.19,29.35,0.11,-50,-0.19,94.55,0.01
38,Exit short,2025-11-21 15:15,EOD Square-off,26071.65,1,26099.3,27.65,0.11,35.25,0.14,-3,-0.01,122.2,0.01
38,Entry short,2025-11-21 14:51,Short,26099.3,1,26099.3,27.65,0.11,35.25,0.14,-3,-0.01,122.2,0.01
39,Exit short,2025-11-24 10:33,S-Exit,26132,1,26082,-50,-0.19,17.3,0.07,-50,-0.19,72.2,0.01
39,Entry short,2025-11-24 09:33,Short,26082,1,26082,-50,-0.19,17.3,0.07,-50,-0.19,72.2,0.01
40,Exit long,2025-11-24 11:18,L-Exit,26090.3,1,26140.3,-50,-0.19,1.45,0.01,-50,-0.19,22.2,0.00
40,Entry long,2025-11-24 10:36,Long,26140.3,1,26140.3,-50,-0.19,1.45,0.01,-50,-0.19,22.2,0.00
41,Exit short,2025-11-24 15:00,S-Exit,25998.8,1,26073.8,75,0.29,75,0.29,-22.25,-0.09,97.2,0.01
41,Entry short,2025-11-24 11:51,Short,26073.8,1,26073.8,75,0.29,75,0.29,-22.25,-0.09,97.2,0.01
42,Exit short,2025-11-25 11:00,S-Exit,25933.4,1,26008.4,75,0.29,75,0.29,-12,-0.05,172.2,0.02
42,Entry short,2025-11-25 10:21,Short,26008.4,1,26008.4,75,0.29,75,0.29,-12,-0.05,172.2,0.02
43,Exit short,2025-11-25 14:18,S-Exit,26031.4,1,25981.4,-50,-0.19,27.05,0.10,-50,-0.19,122.2,0.01
43,Entry short,2025-11-25 12:12,Short,25981.4,1,25981.4,-50,-0.19,27.05,0.10,-50,-0.19,122.2,0.01
44,Exit short,2025-11-25 14:57,S-Exit,25898.65,1,25973.65,75,0.29,75,0.29,0,0.00,197.2,0.02
44,Entry short,2025-11-25 14:27,Short,25973.65,1,25973.65,75,0.29,75,0.29,0,0.00,197.2,0.02
45,Exit long,2025-11-26 10:00,L-Exit,26088.15,1,26013.15,75,0.29,75,0.29,-14.05,-0.05,272.2,0.03
45,Entry long,2025-11-26 09:33,Long,26013.15,1,26013.15,75,0.29,75,0.29,-14.05,-0.05,272.2,0.03
46,Exit long,2025-11-27 13:12,L-Exit,26195.45,1,26245.45,-50,-0.19,17.1,0.07,-50,-0.19,222.2,0.02
46,Entry long,2025-11-27 11:57,Long,26245.45,1,26245.45,-50,-0.19,17.1,0.07,-50,-0.19,222.2,0.02
47,Exit short,2025-11-27 15:15,EOD Square-off,26217.95,1,26178.3,-39.65,-0.15,36.4,0.14,-49.9,-0.19,182.55,0.02
47,Entry short,2025-11-27 13:12,Short,26178.3,1,26178.3,-39.65,-0.15,36.4,0.14,-49.9,-0.19,182.55,0.02
48,Exit long,2025-11-28 14:12,Short,26200.75,1,26239.7,-38.95,-0.15,41.05,0.16,-45.7,-0.17,143.6,0.01
48,Entry long,2025-11-28 09:30,Long,26239.7,1,26239.7,-38.95,-0.15,41.05,0.16,-45.7,-0.17,143.6,0.01
49,Exit short,2025-11-28 15:15,EOD Square-off,26197,1,26200.75,3.75,0.01,5.85,0.02,-21.7,-0.08,147.35,0.01
49,Entry short,2025-11-28 14:12,Short,26200.75,1,26200.75,3.75,0.01,5.85,0.02,-21.7,-0.08,147.35,0.01
50,Exit short,2025-12-01 14:54,S-Exit,26136.75,1,26211.75,75,0.29,75,0.29,-17.2,-0.07,222.35,0.02
50,Entry short,2025-12-01 11:42,Short,26211.75,1,26211.75,75,0.29,75,0.29,-17.2,-0.07,222.35,0.02
51,Exit short,2025-12-03 15:09,S-Exit,26002.25,1,25952.25,-50,-0.19,46.6,0.18,-50,-0.19,172.35,0.02
51,Entry short,2025-12-03 12:27,Short,25952.25,1,25952.25,-50,-0.19,46.6,0.18,-50,-0.19,172.35,0.02
52,Exit long,2025-12-04 10:36,L-Exit,26092.2,1,26017.2,75,0.29,75,0.29,-18.05,-0.07,247.35,0.02
52,Entry long,2025-12-04 09:33,Long,26017.2,1,26017.2,75,0.29,75,0.29,-18.05,-0.07,247.35,0.02
53,Exit long,2025-12-04 12:51,L-Exit,25989.25,1,26039.25,-50,-0.19,4.85,0.02,-50,-0.19,197.35,0.02
53,Entry long,2025-12-04 12:03,Long,26039.25,1,26039.25,-50,-0.19,4.85,0.02,-50,-0.19,197.35,0.02
54,Exit short,2025-12-04 14:54,S-Exit,26032.6,1,25982.6,-50,-0.19,20.2,0.08,-50,-0.19,147.35,0.01
54,Entry short,2025-12-04 13:36,Short,25982.6,1,25982.6,-50,-0.19,20.2,0.08,-50,-0.19,147.35,0.01
55,Exit long,2025-12-04 15:15,EOD Square-off,26027.65,1,26040.85,-13.2,-0.05,18.2,0.07,-14.2,-0.05,134.15,0.01
55,Entry long,2025-12-04 14:54,Long,26040.85,1,26040.85,-13.2,-0.05,18.2,0.07,-14.2,-0.05,134.15,0.01
56,Exit long,2025-12-05 10:48,L-Exit,26119.55,1,26044.55,75,0.29,75,0.29,-37.9,-0.15,209.15,0.02
56,Entry long,2025-12-05 09:33,Long,26044.55,1,26044.55,75,0.29,75,0.29,-37.9,-0.15,209.15,0.02
57,Exit long,2025-12-05 15:15,EOD Square-off,26193,1,26152.85,40.15,0.15,46.4,0.18,-30.05,-0.11,249.3,0.02
57,Entry long,2025-12-05 14:36,Long,26152.85,1,26152.85,40.15,0.15,46.4,0.18,-30.05,-0.11,249.3,0.02
58,Exit short,2025-12-08 12:27,S-Exit,26029.05,1,26104.05,75,0.29,75,0.29,-5.1,-0.02,324.3,0.03
58,Entry short,2025-12-08 09:45,Short,26104.05,1,26104.05,75,0.29,75,0.29,-5.1,-0.02,324.3,0.03
59,Exit short,2025-12-09 13:33,S-Exit,25902.8,1,25852.8,-50,-0.19,0.8,0.00,-50,-0.19,274.3,0.03
59,Entry short,2025-12-09 12:54,Short,25852.8,1,25852.8,-50,-0.19,0.8,0.00,-50,-0.19,274.3,0.03
60,Exit short,2025-12-09 15:15,EOD Square-off,25836.75,1,25861.7,24.95,0.10,60.1,0.23,-1.35,-0.01,299.25,0.03
60,Entry short,2025-12-09 14:15,Short,25861.7,1,25861.7,24.95,0.10,60.1,0.23,-1.35,-0.01,299.25,0.03
61,Exit long,2025-12-10 10:54,L-Exit,25854.55,1,25904.55,-50,-0.19,43.1,0.17,-50,-0.19,249.25,0.02
61,Entry long,2025-12-10 09:30,Long,25904.55,1,25904.55,-50,-0.19,43.1,0.17,-50,-0.19,249.25,0.02
62,Exit short,2025-12-10 12:36,S-Exit,25783.05,1,25858.05,75,0.29,75,0.29,-22.75,-0.09,324.25,0.03
62,Entry short,2025-12-10 10:54,Short,25858.05,1,25858.05,75,0.29,75,0.29,-22.75,-0.09,324.25,0.03
63,Exit short,2025-12-10 14:18,S-Exit,25746.55,1,25821.55,75,0.29,75,0.29,-28.65,-0.11,399.25,0.04
63,Entry short,2025-12-10 13:24,Short,25821.55,1,25821.55,75,0.29,75,0.29,-28.65,-0.11,399.25,0.04
64,Exit short,2025-12-11 09:39,S-Exit,25701.95,1,25776.95,75,0.29,75,0.29,-0.8,0.00,474.25,0.05
64,Entry short,2025-12-11 09:33,Short,25776.95,1,25776.95,75,0.29,75,0.29,-0.8,0.00,474.25,0.05
65,Exit long,2025-12-11 11:03,L-Exit,25769.9,1,25819.9,-50,-0.19,24.6,0.10,-50,-0.19,424.25,0.04
65,Entry long,2025-12-11 10:15,Long,25819.9,1,25819.9,-50,-0.19,24.6,0.10,-50,-0.19,424.25,0.04
66,Exit short,2025-12-11 11:21,S-Exit,25819.1,1,25769.1,-50,-0.19,3.2,0.01,-50,-0.19,374.25,0.04
66,Entry short,2025-12-11 11:03,Short,25769.1,1,25769.1,-50,-0.19,3.2,0.01,-50,-0.19,374.25,0.04
67,Exit long,2025-12-11 12:27,L-Exit,25910.9,1,25835.9,75,0.29,75,0.29,-22.6,-0.09,449.25,0.04
67,Entry long,2025-12-11 11:30,Long,25835.9,1,25835.9,75,0.29,75,0.29,-22.6,-0.09,449.25,0.04
68,Exit long,2025-12-11 15:15,EOD Square-off,25894.95,1,25860.9,34.05,0.13,61.9,0.24,-20.1,-0.08,483.3,0.05
68,Entry long,2025-12-11 13:09,Long,25860.9,1,25860.9,34.05,0.13,61.9,0.24,-20.1,-0.08,483.3,0.05
69,Exit short,2025-12-15 11:51,S-Exit,26004.15,1,25954.15,-50,-0.19,0.55,0.00,-50,-0.19,433.3,0.04
69,Entry short,2025-12-15 10:39,Short,25954.15,1,25954.15,-50,-0.19,0.55,0.00,-50,-0.19,433.3,0.04
70,Exit long,2025-12-15 15:15,EOD Square-off,26024.05,1,26008.6,15.45,0.06,38.55,0.15,-18.45,-0.07,448.75,0.04
70,Entry long,2025-12-15 11:51,Long,26008.6,1,26008.6,15.45,0.06,38.55,0.15,-18.45,-0.07,448.75,0.04
71,Exit short,2025-12-16 15:15,EOD Square-off,25851.25,1,25897.25,46,0.18,49.1,0.19,-12.5,-0.05,494.75,0.05
71,Entry short,2025-12-16 13:57,Short,25897.25,1,25897.25,46,0.18,49.1,0.19,-12.5,-0.05,494.75,0.05
72,Exit short,2025-12-17 12:27,S-Exit,25786.85,1,25861.85,75,0.29,75,0.29,-16.6,-0.06,569.75,0.06
72,Entry short,2025-12-17 09:48,Short,25861.85,1,25861.85,75,0.29,75,0.29,-16.6,-0.06,569.75,0.06
73,Exit short,2025-12-17 15:15,EOD Square-off,25812.8,1,25811.4,-1.4,-0.01,41.05,0.16,-21.25,-0.08,568.35,0.06
73,Entry short,2025-12-17 13:27,Short,25811.4,1,25811.4,-1.4,-0.01,41.05,0.16,-21.25,-0.08,568.35,0.06
74,Exit long,2025-12-18 14:09,Short,25806.05,1,25837.1,-31.05,-0.12,65.25,0.25,-34.95,-0.14,537.3,0.05
74,Entry long,2025-12-18 10:21,Long,25837.1,1,25837.1,-31.05,-0.12,65.25,0.25,-34.95,-0.14,537.3,0.05
75,Exit short,2025-12-18 15:15,EOD Square-off,25813.7,1,25806.05,-7.65,-0.03,35.2,0.14,-27.9,-0.11,529.65,0.05
75,Entry short,2025-12-18 14:09,Short,25806.05,1,25806.05,-7.65,-0.03,35.2,0.14,-27.9,-0.11,529.65,0.05
76,Exit long,2025-12-19 15:15,EOD Square-off,25968.4,1,25924.15,44.25,0.17,69.2,0.27,-16.4,-0.06,573.9,0.06
76,Entry long,2025-12-19 11:48,Long,25924.15,1,25924.15,44.25,0.17,69.2,0.27,-16.4,-0.06,573.9,0.06
77,Exit long,2025-12-23 15:15,EOD Square-off,26177.3,1,26161.2,16.1,0.06,72.35,0.28,-3.65,-0.01,590,0.06
77,Entry long,2025-12-23 09:54,Long,26161.2,1,26161.2,16.1,0.06,72.35,0.28,-3.65,-0.01,590,0.06
78,Exit long,2025-12-24 13:21,L-Exit,26171.4,1,26221.4,-50,-0.19,15,0.06,-50,-0.19,540,0.05
78,Entry long,2025-12-24 10:09,Long,26221.4,1,26221.4,-50,-0.19,15,0.06,-50,-0.19,540,0.05
79,Exit short,2025-12-24 15:15,EOD Square-off,26137.75,1,26154.2,16.45,0.06,31.2,0.12,-14.45,-0.06,556.45,0.06
79,Entry short,2025-12-24 13:30,Short,26154.2,1,26154.2,16.45,0.06,31.2,0.12,-14.45,-0.06,556.45,0.06
80,Exit short,2025-12-29 12:21,S-Exit,25962.25,1,26037.25,75,0.29,75,0.29,-5.45,-0.02,631.45,0.06
80,Entry short,2025-12-29 09:57,Short,26037.25,1,26037.25,75,0.29,75,0.29,-5.45,-0.02,631.45,0.06
81,Exit short,2025-12-30 13:45,Long,25955.75,1,25935.7,-20.05,-0.08,55.8,0.22,-40.15,-0.15,611.4,0.06
81,Entry short,2025-12-30 09:57,Short,25935.7,1,25935.7,-20.05,-0.08,55.8,0.22,-40.15,-0.15,611.4,0.06
82,Exit long,2025-12-30 15:15,EOD Square-off,25943.3,1,25955.75,-12.45,-0.05,4.6,0.02,-40.3,-0.16,598.95,0.06
82,Entry long,2025-12-30 13:45,Long,25955.75,1,25955.75,-12.45,-0.05,4.6,0.02,-40.3,-0.16,598.95,0.06
83,Exit long,2026-01-01 15:15,EOD Square-off,26126.8,1,26148.75,-21.95,-0.08,36.85,0.14,-35.35,-0.14,577,0.06
83,Entry long,2026-01-01 10:24,Long,26148.75,1,26148.75,-21.95,-0.08,36.85,0.14,-35.35,-0.14,577,0.06
84,Exit long,2026-01-02 15:15,EOD Square-off,26324.15,1,26288.3,35.85,0.14,43.85,0.17,-0.1,0.00,612.85,0.06
84,Entry long,2026-01-02 14:54,Long,26288.3,1,26288.3,35.85,0.14,43.85,0.17,-0.1,0.00,612.85,0.06
85,Exit long,2026-01-05 13:30,Short,26287.05,1,26309.7,-22.65,-0.09,63.5,0.24,-27.05,-0.10,590.2,0.06
85,Entry long,2026-01-05 09:48,Long,26309.7,1,26309.7,-22.65,-0.09,63.5,0.24,-27.05,-0.10,590.2,0.06
86,Exit short,2026-01-05 14:03,S-Exit,26212.05,1,26287.05,75,0.29,75,0.29,-11.25,-0.04,665.2,0.07
86,Entry short,2026-01-05 13:30,Short,26287.05,1,26287.05,75,0.29,75,0.29,-11.25,-0.04,665.2,0.07
87,Exit short,2026-01-06 11:15,S-Exit,26166.05,1,26241.05,75,0.29,75,0.29,-11.85,-0.05,740.2,0.07
87,Entry short,2026-01-06 10:09,Short,26241.05,1,26241.05,75,0.29,75,0.29,-11.85,-0.05,740.2,0.07
88,Exit short,2026-01-06 15:15,EOD Square-off,26177.8,1,26185.7,7.9,0.03,60.95,0.23,-2.55,-0.01,748.1,0.07
88,Entry short,2026-01-06 13:09,Short,26185.7,1,26185.7,7.9,0.03,60.95,0.23,-2.55,-0.01,748.1,0.07
89,Exit short,2026-01-07 11:03,S-Exit,26184,1,26134,-50,-0.19,8.8,0.03,-50,-0.19,698.1,0.07
89,Entry short,2026-01-07 10:27,Short,26134,1,26134,-50,-0.19,8.8,0.03,-50,-0.19,698.1,0.07
90,Exit short,2026-01-07 15:15,EOD Square-off,26140.35,1,26138.35,-2,-0.01,70.45,0.27,-28.1,-0.11,696.1,0.07
90,Entry short,2026-01-07 11:21,Short,26138.35,1,26138.35,-2,-0.01,70.45,0.27,-28.1,-0.11,696.1,0.07
91,Exit short,2026-01-08 10:51,S-Exit,26015.7,1,26090.7,75,0.29,75,0.29,-8.4,-0.03,771.1,0.08
91,Entry short,2026-01-08 09:42,Short,26090.7,1,26090.7,75,0.29,75,0.29,-8.4,-0.03,771.1,0.08
92,Exit long,2026-01-12 13:33,L-Exit,25740.5,1,25665.5,75,0.29,75,0.29,-25.4,-0.10,846.1,0.08
92,Entry long,2026-01-12 12:24,Long,25665.5,1,25665.5,75,0.29,75,0.29,-25.4,-0.10,846.1,0.08
93,Exit long,2026-01-13 09:54,L-Exit,25720.25,1,25770.25,-50,-0.19,5.85,0.02,-50,-0.19,796.1,0.08
93,Entry long,2026-01-13 09:45,Long,25770.25,1,25770.25,-50,-0.19,5.85,0.02,-50,-0.19,796.1,0.08
94,Exit long,2026-01-13 10:30,L-Exit,25821.85,1,25746.85,75,0.29,75,0.29,-20.75,-0.08,871.1,0.09
94,Entry long,2026-01-13 10:03,Long,25746.85,1,25746.85,75,0.29,75,0.29,-20.75,-0.08,871.1,0.09
95,Exit long,2026-01-13 12:09,L-Exit,25728.95,1,25778.95,-50,-0.19,0,0.00,-50,-0.19,821.1,0.08
95,Entry long,2026-01-13 11:54,Long,25778.95,1,25778.95,-50,-0.19,0,0.00,-50,-0.19,821.1,0.08
96,Exit short,2026-01-13 13:00,S-Exit,25638.7,1,25713.7,75,0.29,75,0.29,-20.7,-0.08,896.1,0.09
96,Entry short,2026-01-13 12:12,Short,25713.7,1,25713.7,75,0.29,75,0.29,-20.7,-0.08,896.1,0.09
97,Exit long,2026-01-14 10:18,L-Exit,25689.8,1,25739.8,-50,-0.19,1.55,0.01,-50,-0.19,846.1,0.08
97,Entry long,2026-01-14 09:54,Long,25739.8,1,25739.8,-50,-0.19,1.55,0.01,-50,-0.19,846.1,0.08
98,Exit short,2026-01-14 11:00,S-Exit,25729.65,1,25679.65,-50,-0.19,18.3,0.07,-50,-0.19,796.1,0.08
98,Entry short,2026-01-14 10:18,Short,25679.65,1,25679.65,-50,-0.19,18.3,0.07,-50,-0.19,796.1,0.08
99,Exit long,2026-01-14 13:30,Short,25704.55,1,25729.6,-25.05,-0.10,62.15,0.24,-27.25,-0.11,771.05,0.08
99,Entry long,2026-01-14 11:00,Long,25729.6,1,25729.6,-25.05,-0.10,62.15,0.24,-27.25,-0.11,771.05,0.08
100,Exit short,2026-01-14 14:21,S-Exit,25629.55,1,25704.55,75,0.29,75,0.29,-4.8,-0.02,846.05,0.08
100,Entry short,2026-01-14 13:30,Short,25704.55,1,25704.55,75,0.29,75,0.29,-4.8,-0.02,846.05,0.08
101,Exit short,2026-01-14 15:15,EOD Square-off,25650.4,1,25678.2,27.8,0.11,29.9,0.12,-15.9,-0.06,873.85,0.09
101,Entry short,2026-01-14 14:57,Short,25678.2,1,25678.2,27.8,0.11,29.9,0.12,-15.9,-0.06,873.85,0.09
102,Exit long,2026-01-16 10:15,L-Exit,25800.9,1,25725.9,75,0.29,75,0.29,-10.7,-0.04,948.85,0.09
102,Entry long,2026-01-16 09:42,Long,25725.9,1,25725.9,75,0.29,75,0.29,-10.7,-0.04,948.85,0.09
103,Exit long,2026-01-16 12:30,L-Exit,25740.15,1,25790.15,-50,-0.19,39.05,0.15,-50,-0.19,898.85,0.09
103,Entry long,2026-01-16 12:03,Long,25790.15,1,25790.15,-50,-0.19,39.05,0.15,-50,-0.19,898.85,0.09
104,Exit short,2026-01-16 15:15,EOD Square-off,25697.15,1,25724.55,27.4,0.11,62.15,0.24,-6.85,-0.03,926.25,0.09
104,Entry short,2026-01-16 13:00,Short,25724.55,1,25724.55,27.4,0.11,62.15,0.24,-6.85,-0.03,926.25,0.09
105,Exit long,2026-01-19 15:15,EOD Square-off,25578.85,1,25616.1,-37.25,-0.15,20.2,0.08,-37.25,-0.15,889,0.09
105,Entry long,2026-01-19 14:00,Long,25616.1,1,25616.1,-37.25,-0.15,20.2,0.08,-37.25,-0.15,889,0.09
106,Exit long,2026-01-21 13:30,L-Exit,25191.7,1,25241.7,-50,-0.20,59.25,0.23,-50,-0.20,839,0.08
106,Entry long,2026-01-21 12:39,Long,25241.7,1,25241.7,-50,-0.20,59.25,0.23,-50,-0.20,839,0.08
107,Exit short,2026-01-21 13:39,S-Exit,25237.5,1,25187.5,-50,-0.20,13.25,0.05,-50,-0.20,789,0.08
107,Entry short,2026-01-21 13:30,Short,25187.5,1,25187.5,-50,-0.20,13.25,0.05,-50,-0.20,789,0.08
108,Exit short,2026-01-21 15:15,EOD Square-off,25160.2,1,25179.95,19.75,0.08,60.1,0.24,-22.1,-0.09,808.75,0.08
108,Entry short,2026-01-21 13:48,Short,25179.95,1,25179.95,19.75,0.08,60.1,0.24,-22.1,-0.09,808.75,0.08
109,Exit long,2026-01-22 10:51,L-Exit,25262.45,1,25312.45,-50,-0.20,20.05,0.08,-50,-0.20,758.75,0.08
109,Entry long,2026-01-22 10:33,Long,25312.45,1,25312.45,-50,-0.20,20.05,0.08,-50,-0.20,758.75,0.08
110,Exit short,2026-01-22 11:24,S-Exit,25271.7,1,25221.7,-50,-0.20,19.8,0.08,-50,-0.20,708.75,0.07
110,Entry short,2026-01-22 10:57,Short,25221.7,1,25221.7,-50,-0.20,19.8,0.08,-50,-0.20,708.75,0.07
111,Exit short,2026-01-22 12:18,S-Exit,25268.65,1,25218.65,-50,-0.20,40.8,0.16,-50,-0.20,658.75,0.07
111,Entry short,2026-01-22 11:39,Short,25218.65,1,25218.65,-50,-0.20,40.8,0.16,-50,-0.20,658.75,0.07
112,Exit long,2026-01-22 12:42,L-Exit,25222.9,1,25272.9,-50,-0.20,4.4,0.02,-50,-0.20,608.75,0.06
112,Entry long,2026-01-22 12:18,Long,25272.9,1,25272.9,-50,-0.20,4.4,0.02,-50,-0.20,608.75,0.06
113,Exit short,2026-01-22 14:30,S-Exit,25262.15,1,25212.15,-50,-0.20,43.65,0.17,-50,-0.20,558.75,0.06
113,Entry short,2026-01-22 12:54,Short,25212.15,1,25212.15,-50,-0.20,43.65,0.17,-50,-0.20,558.75,0.06
114,Exit long,2026-01-22 15:15,EOD Square-off,25307.85,1,25264.05,43.8,0.17,54.15,0.21,-25.25,-0.10,602.55,0.06
114,Entry long,2026-01-22 14:30,Long,25264.05,1,25264.05,43.8,0.17,54.15,0.21,-25.25,-0.10,602.55,0.06
115,Exit long,2026-01-23 11:36,L-Exit,25243.15,1,25293.15,-50,-0.20,27.65,0.11,-50,-0.20,552.55,0.06
115,Entry long,2026-01-23 10:03,Long,25293.15,1,25293.15,-50,-0.20,27.65,0.11,-50,-0.20,552.55,0.06
116,Exit short,2026-01-23 13:18,S-Exit,25141.15,1,25216.15,75,0.30,75,0.30,-27.65,-0.11,627.55,0.06
116,Entry short,2026-01-23 11:39,Short,25216.15,1,25216.15,75,0.30,75,0.30,-27.65,-0.11,627.55,0.06
117,Exit long,2026-01-27 09:54,L-Exit,25110.45,1,25160.45,-50,-0.20,1.4,0.01,-50,-0.20,577.55,0.06
117,Entry long,2026-01-27 09:45,Long,25160.45,1,25160.45,-50,-0.20,1.4,0.01,-50,-0.20,577.55,0.06
118,Exit short,2026-01-27 10:15,S-Exit,25135,1,25085,-50,-0.20,0.95,0.00,-50,-0.20,527.55,0.05
118,Entry short,2026-01-27 10:06,Short,25085,1,25085,-50,-0.20,0.95,0.00,-50,-0.20,527.55,0.05
119,Exit long,2026-01-27 10:30,L-Exit,25115.9,1,25165.9,-50,-0.20,19.05,0.08,-50,-0.20,477.55,0.05
119,Entry long,2026-01-27 10:15,Long,25165.9,1,25165.9,-50,-0.20,19.05,0.08,-50,-0.20,477.55,0.05
120,Exit short,2026-01-27 10:54,S-Exit,24980.75,1,25055.75,75,0.30,75,0.30,-6.15,-0.02,552.55,0.06
120,Entry short,2026-01-27 10:39,Short,25055.75,1,25055.75,75,0.30,75,0.30,-6.15,-0.02,552.55,0.06
121,Exit long,2026-01-27 11:48,L-Exit,25104.65,1,25154.65,-50,-0.20,7.4,0.03,-50,-0.20,502.55,0.05
121,Entry long,2026-01-27 11:42,Long,25154.65,1,25154.65,-50,-0.20,7.4,0.03,-50,-0.20,502.55,0.05
122,Exit short,2026-01-27 13:30,S-Exit,25129.55,1,25079.55,-50,-0.20,23.05,0.09,-50,-0.20,452.55,0.05
122,Entry short,2026-01-27 12:42,Short,25079.55,1,25079.55,-50,-0.20,23.05,0.09,-50,-0.20,452.55,0.05
123,Exit short,2026-01-27 14:39,S-Exit,25103.55,1,25053.55,-50,-0.20,55.3,0.22,-50,-0.20,402.55,0.04
123,Entry short,2026-01-27 13:36,Short,25053.55,1,25053.55,-50,-0.20,55.3,0.22,-50,-0.20,402.55,0.04
124,Exit long,2026-01-27 15:15,EOD Square-off,25189.55,1,25122.3,67.25,0.27,68.25,0.27,-21.55,-0.09,469.8,0.05
124,Entry long,2026-01-27 14:48,Long,25122.3,1,25122.3,67.25,0.27,68.25,0.27,-21.55,-0.09,469.8,0.05
125,Exit long,2026-01-28 13:21,L-Exit,25216.95,1,25266.95,-50,-0.20,24.35,0.10,-50,-0.20,419.8,0.04
125,Entry long,2026-01-28 13:00,Long,25266.95,1,25266.95,-50,-0.20,24.35,0.10,-50,-0.20,419.8,0.04
126,Exit short,2026-01-28 14:45,S-Exit,25258.35,1,25208.35,-50,-0.20,20.7,0.08,-50,-0.20,369.8,0.04
126,Entry short,2026-01-28 13:42,Short,25208.35,1,25208.35,-50,-0.20,20.7,0.08,-50,-0.20,369.8,0.04
127,Exit long,2026-01-28 15:00,L-Exit,25343.75,1,25268.75,75,0.30,75,0.30,-4.25,-0.02,444.8,0.04
127,Entry long,2026-01-28 14:45,Long,25268.75,1,25268.75,75,0.30,75,0.30,-4.25,-0.02,444.8,0.04
128,Exit short,2026-01-29 11:15,S-Exit,25271.35,1,25221.35,-50,-0.20,61.55,0.24,-50,-0.20,394.8,0.04
128,Entry short,2026-01-29 09:36,Short,25221.35,1,25221.35,-50,-0.20,61.55,0.24,-50,-0.20,394.8,0.04
129,Exit long,2026-01-29 13:03,L-Exit,25349.7,1,25274.7,75,0.30,75,0.30,-34.7,-0.14,469.8,0.05
129,Entry long,2026-01-29 11:15,Long,25274.7,1,25274.7,75,0.30,75,0.30,-34.7,-0.14,469.8,0.05
130,Exit short,2026-01-30 13:15,S-Exit,25221.75,1,25296.75,75,0.30,75,0.30,-26.4,-0.10,544.8,0.05
130,Entry short,2026-01-30 09:39,Short,25296.75,1,25296.75,75,0.30,75,0.30,-26.4,-0.10,544.8,0.05
131,Exit long,2026-01-30 15:15,EOD Square-off,25330.75,1,25332.55,-1.8,-0.01,38.15,0.15,-39.25,-0.15,543,0.05
131,Entry long,2026-01-30 13:54,Long,25332.55,1,25332.55,-1.8,-0.01,38.15,0.15,-39.25,-0.15,543,0.05
132,Exit long,2026-02-01 11:09,L-Exit,25413.25,1,25338.25,75,0.30,75,0.30,-2.75,-0.01,618,0.06
132,Entry long,2026-02-01 10:09,Long,25338.25,1,25338.25,75,0.30,75,0.30,-2.75,-0.01,618,0.06
133,Exit short,2026-02-01 12:09,S-Exit,25359.7,1,25309.7,-50,-0.20,72.8,0.29,-50,-0.20,568,0.06
133,Entry short,2026-02-01 11:45,Short,25309.7,1,25309.7,-50,-0.20,72.8,0.29,-50,-0.20,568,0.06
134,Exit short,2026-02-01 12:15,S-Exit,25192.8,1,25267.8,75,0.30,75,0.30,0,0.00,643,0.06
134,Entry short,2026-02-01 12:09,Short,25267.8,1,25267.8,75,0.30,75,0.30,0,0.00,643,0.06
135,Exit short,2026-02-02 12:57,S-Exit,24939.25,1,24889.25,-50,-0.20,27.3,0.11,-50,-0.20,593,0.06
135,Entry short,2026-02-02 12:18,Short,24889.25,1,24889.25,-50,-0.20,27.3,0.11,-50,-0.20,593,0.06
136,Exit long,2026-02-02 13:18,L-Exit,24906.4,1,24956.4,-50,-0.20,6.9,0.03,-50,-0.20,543,0.05
136,Entry long,2026-02-02 13:03,Long,24956.4,1,24956.4,-50,-0.20,6.9,0.03,-50,-0.20,543,0.05
137,Exit short,2026-02-02 13:42,S-Exit,24931.7,1,24881.7,-50,-0.20,30.35,0.12,-50,-0.20,493,0.05
137,Entry short,2026-02-02 13:18,Short,24881.7,1,24881.7,-50,-0.20,30.35,0.12,-50,-0.20,493,0.05
138,Exit long,2026-02-02 14:09,L-Exit,24914.9,1,24964.9,-50,-0.20,19.55,0.08,-50,-0.20,443,0.04
138,Entry long,2026-02-02 13:42,Long,24964.9,1,24964.9,-50,-0.20,19.55,0.08,-50,-0.20,443,0.04
139,Exit long,2026-02-02 14:57,L-Exit,25032.15,1,24957.15,75,0.30,75,0.30,-25.95,-0.10,518,0.05
139,Entry long,2026-02-02 14:21,Long,24957.15,1,24957.15,75,0.30,75,0.30,-25.95,-0.10,518,0.05
140,Exit long,2026-02-04 14:18,L-Exit,25810.6,1,25735.6,75,0.29,75,0.29,-49.65,-0.19,593,0.06
140,Entry long,2026-02-04 10:39,Long,25735.6,1,25735.6,75,0.29,75,0.29,-49.65,-0.19,593,0.06
141,Exit short,2026-02-05 15:15,EOD Square-off,25640,1,25630.8,-9.2,-0.04,51.3,0.20,-38.95,-0.15,583.8,0.06
141,Entry short,2026-02-05 13:24,Short,25630.8,1,25630.8,-9.2,-0.04,51.3,0.20,-38.95,-0.15,583.8,0.06
142,Exit long,2026-02-06 12:21,L-Exit,25579,1,25629,-50,-0.20,28.9,0.11,-50,-0.20,533.8,0.05
142,Entry long,2026-02-06 11:36,Long,25629,1,25629,-50,-0.20,28.9,0.11,-50,-0.20,533.8,0.05
143,Exit short,2026-02-06 13:51,S-Exit,25613.7,1,25563.7,-50,-0.20,37.05,0.14,-50,-0.20,483.8,0.05
143,Entry short,2026-02-06 12:24,Short,25563.7,1,25563.7,-50,-0.20,37.05,0.14,-50,-0.20,483.8,0.05
144,Exit long,2026-02-06 15:06,L-Exit,25698.7,1,25623.7,75,0.29,75,0.29,-21.8,-0.09,558.8,0.06
144,Entry long,2026-02-06 13:54,Long,25623.7,1,25623.7,75,0.29,75,0.29,-21.8,-0.09,558.8,0.06
145,Exit long,2026-02-10 14:00,L-Exit,25896.6,1,25946.6,-50,-0.19,5.35,0.02,-50,-0.19,508.8,0.05
145,Entry long,2026-02-10 13:24,Long,25946.6,1,25946.6,-50,-0.19,5.35,0.02,-50,-0.19,508.8,0.05
146,Exit long,2026-02-11 12:42,L-Exit,25909.95,1,25959.95,-50,-0.19,21.35,0.08,-50,-0.19,458.8,0.05
146,Entry long,2026-02-11 10:21,Long,25959.95,1,25959.95,-50,-0.19,21.35,0.08,-50,-0.19,458.8,0.05
147,Exit short,2026-02-11 13:39,S-Exit,25961.2,1,25911.2,-50,-0.19,10.3,0.04,-50,-0.19,408.8,0.04
147,Entry short,2026-02-11 12:42,Short,25911.2,1,25911.2,-50,-0.19,10.3,0.04,-50,-0.19,408.8,0.04
148,Exit short,2026-02-12 14:48,S-Exit,25765.3,1,25840.3,75,0.29,75,0.29,-39,-0.15,483.8,0.05
148,Entry short,2026-02-12 13:06,Short,25840.3,1,25840.3,75,0.29,75,0.29,-39,-0.15,483.8,0.05
149,Exit short,2026-02-16 12:24,Long,25569.3,1,25521.2,-48.1,-0.19,18.15,0.07,-48.5,-0.19,435.7,0.04
149,Entry short,2026-02-16 10:06,Short,25521.2,1,25521.2,-48.1,-0.19,18.15,0.07,-48.5,-0.19,435.7,0.04
150,Exit long,2026-02-16 14:33,L-Exit,25644.3,1,25569.3,75,0.29,75,0.29,-24.45,-0.10,510.7,0.05
150,Entry long,2026-02-16 12:24,Long,25569.3,1,25569.3,75,0.29,75,0.29,-24.45,-0.10,510.7,0.05
151,Exit long,2026-02-17 10:27,L-Exit,25717.95,1,25642.95,75,0.29,75,0.29,-10.55,-0.04,585.7,0.06
151,Entry long,2026-02-17 09:42,Long,25642.95,1,25642.95,75,0.29,75,0.29,-10.55,-0.04,585.7,0.06
152,Exit long,2026-02-17 14:12,L-Exit,25674.3,1,25724.3,-50,-0.19,9.85,0.04,-50,-0.19,535.7,0.05
152,Entry long,2026-02-17 14:00,Long,25724.3,1,25724.3,-50,-0.19,9.85,0.04,-50,-0.19,535.7,0.05
153,Exit long,2026-02-17 15:15,EOD Square-off,25726.5,1,25715.35,11.15,0.04,30.95,0.12,-24.2,-0.09,546.85,0.05
153,Entry long,2026-02-17 14:36,Long,25715.35,1,25715.35,11.15,0.04,30.95,0.12,-24.2,-0.09,546.85,0.05
154,Exit long,2026-02-18 09:54,L-Exit,25683.5,1,25733.5,-50,-0.19,13.15,0.05,-50,-0.19,496.85,0.05
154,Entry long,2026-02-18 09:33,Long,25733.5,1,25733.5,-50,-0.19,13.15,0.05,-50,-0.19,496.85,0.05
155,Exit short,2026-02-18 11:33,S-Exit,25715.45,1,25665.45,-50,-0.19,20.3,0.08,-50,-0.19,446.85,0.04
155,Entry short,2026-02-18 09:57,Short,25665.45,1,25665.45,-50,-0.19,20.3,0.08,-50,-0.19,446.85,0.04
156,Exit long,2026-02-18 15:00,L-Exit,25800.65,1,25725.65,75,0.29,75,0.29,-29.9,-0.12,521.85,0.05
156,Entry long,2026-02-18 12:33,Long,25725.65,1,25725.65,75,0.29,75,0.29,-29.9,-0.12,521.85,0.05
157,Exit long,2026-02-19 10:21,L-Exit,25741.9,1,25791.9,-50,-0.19,2,0.01,-50,-0.19,471.85,0.05
157,Entry long,2026-02-19 10:03,Long,25791.9,1,25791.9,-50,-0.19,2,0.01,-50,-0.19,471.85,0.05
158,Exit short,2026-02-19 12:00,S-Exit,25647.95,1,25722.95,75,0.29,75,0.29,-23.05,-0.09,546.85,0.05
158,Entry short,2026-02-19 10:36,Short,25722.95,1,25722.95,75,0.29,75,0.29,-23.05,-0.09,546.85,0.05
159,Exit long,2026-02-20 13:09,L-Exit,25549.75,1,25599.75,-50,-0.20,63.8,0.25,-50,-0.20,496.85,0.05
159,Entry long,2026-02-20 10:39,Long,25599.75,1,25599.75,-50,-0.20,63.8,0.25,-50,-0.20,496.85,0.05
160,Exit short,2026-02-20 13:33,S-Exit,25589.75,1,25539.75,-50,-0.20,7.75,0.03,-50,-0.20,446.85,0.04
160,Entry short,2026-02-20 13:09,Short,25539.75,1,25539.75,-50,-0.20,7.75,0.03,-50,-0.20,446.85,0.04
161,Exit long,2026-02-20 15:06,L-Exit,25571.9,1,25621.9,-50,-0.20,30.95,0.12,-50,-0.20,396.85,0.04
161,Entry long,2026-02-20 14:15,Long,25621.9,1,25621.9,-50,-0.20,30.95,0.12,-50,-0.20,396.85,0.04
162,Exit long,2026-02-23 14:03,L-Exit,25624.8,1,25674.8,-50,-0.19,24.4,0.10,-50,-0.19,346.85,0.03
162,Entry long,2026-02-23 10:51,Long,25674.8,1,25674.8,-50,-0.19,24.4,0.10,-50,-0.19,346.85,0.03
163,Exit short,2026-02-23 14:27,S-Exit,25670,1,25620,-50,-0.20,5,0.02,-50,-0.20,296.85,0.03
163,Entry short,2026-02-23 14:03,Short,25620,1,25620,-50,-0.20,5,0.02,-50,-0.20,296.85,0.03
164,Exit long,2026-02-23 15:15,EOD Square-off,25715.05,1,25685.05,30,0.12,43.9,0.17,-23.3,-0.09,326.85,0.03
164,Entry long,2026-02-23 14:30,Long,25685.05,1,25685.05,30,0.12,43.9,0.17,-23.3,-0.09,326.85,0.03
165,Exit short,2026-02-25 13:00,S-Exit,25447.95,1,25522.95,75,0.29,75,0.29,-10.6,-0.04,401.85,0.04
165,Entry short,2026-02-25 12:33,Short,25522.95,1,25522.95,75,0.29,75,0.29,-10.6,-0.04,401.85,0.04
166,Exit short,2026-02-25 15:15,EOD Square-off,25478.45,1,25487.25,8.8,0.03,47.3,0.19,-19.3,-0.08,410.65,0.04
166,Entry short,2026-02-25 14:21,Short,25487.25,1,25487.25,8.8,0.03,47.3,0.19,-19.3,-0.08,410.65,0.04
167,Exit long,2026-02-26 11:00,L-Exit,25493.55,1,25543.55,-50,-0.20,29.4,0.12,-50,-0.20,360.65,0.04
167,Entry long,2026-02-26 09:36,Long,25543.55,1,25543.55,-50,-0.20,29.4,0.12,-50,-0.20,360.65,0.04
168,Exit long,2026-02-26 11:30,L-Exit,25518.7,1,25568.7,-50,-0.20,0,0.00,-50,-0.20,310.65,0.03
168,Entry long,2026-02-26 11:24,Long,25568.7,1,25568.7,-50,-0.20,0,0.00,-50,-0.20,310.65,0.03
169,Exit short,2026-02-26 12:21,S-Exit,25404.4,1,25479.4,75,0.29,75,0.29,-11.25,-0.04,385.65,0.04
169,Entry short,2026-02-26 11:39,Short,25479.4,1,25479.4,75,0.29,75,0.29,-11.25,-0.04,385.65,0.04
170,Exit short,2026-02-26 14:42,S-Exit,25496.95,1,25446.95,-50,-0.20,19.95,0.08,-50,-0.20,335.65,0.03
170,Entry short,2026-02-26 14:18,Short,25446.95,1,25446.95,-50,-0.20,19.95,0.08,-50,-0.20,335.65,0.03
171,Exit long,2026-02-26 15:15,EOD Square-off,25496,1,25513,-17,-0.07,14.15,0.06,-37.5,-0.15,318.65,0.03
171,Entry long,2026-02-26 14:42,Long,25513,1,25513,-17,-0.07,14.15,0.06,-37.5,-0.15,318.65,0.03
172,Exit short,2026-02-27 15:00,S-Exit,25235.55,1,25310.55,75,0.30,75,0.30,-4.25,-0.02,393.65,0.04
172,Entry short,2026-02-27 14:24,Short,25310.55,1,25310.55,75,0.30,75,0.30,-4.25,-0.02,393.65,0.04
173,Exit long,2026-03-02 14:57,L-Exit,24839.45,1,24889.45,-50,-0.20,2.95,0.01,-50,-0.20,343.65,0.03
173,Entry long,2026-03-02 14:45,Long,24889.45,1,24889.45,-50,-0.20,2.95,0.01,-50,-0.20,343.65,0.03
174,Exit short,2026-03-02 15:03,S-Exit,24873.35,1,24823.35,-50,-0.20,15,0.06,-50,-0.20,293.65,0.03
174,Entry short,2026-03-02 14:57,Short,24823.35,1,24823.35,-50,-0.20,15,0.06,-50,-0.20,293.65,0.03
175,Exit long,2026-03-04 14:30,L-Exit,24504.95,1,24554.95,-50,-0.20,19.7,0.08,-50,-0.20,243.65,0.02
175,Entry long,2026-03-04 14:12,Long,24554.95,1,24554.95,-50,-0.20,19.7,0.08,-50,-0.20,243.65,0.02
176,Exit long,2026-03-04 15:03,L-Exit,24509.4,1,24559.4,-50,-0.20,43.05,0.18,-50,-0.20,193.65,0.02
176,Entry long,2026-03-04 14:39,Long,24559.4,1,24559.4,-50,-0.20,43.05,0.18,-50,-0.20,193.65,0.02
177,Exit long,2026-03-05 09:54,L-Exit,24652.1,1,24577.1,75,0.31,75,0.31,-8.55,-0.03,268.65,0.03
177,Entry long,2026-03-05 09:39,Long,24577.1,1,24577.1,75,0.31,75,0.31,-8.55,-0.03,268.65,0.03
178,Exit long,2026-03-05 10:42,L-Exit,24639.55,1,24564.55,75,0.31,75,0.31,-14.25,-0.06,343.65,0.03
178,Entry long,2026-03-05 10:27,Long,24564.55,1,24564.55,75,0.31,75,0.31,-14.25,-0.06,343.65,0.03
179,Exit long,2026-03-05 14:09,L-Exit,24556.65,1,24606.65,-50,-0.20,64.65,0.26,-50,-0.20,293.65,0.03
179,Entry long,2026-03-05 12:09,Long,24606.65,1,24606.65,-50,-0.20,64.65,0.26,-50,-0.20,293.65,0.03
180,Exit short,2026-03-05 14:27,S-Exit,24604.9,1,24554.9,-50,-0.20,25.5,0.10,-50,-0.20,243.65,0.02
180,Entry short,2026-03-05 14:09,Short,24554.9,1,24554.9,-50,-0.20,25.5,0.10,-50,-0.20,243.65,0.02
181,Exit long,2026-03-05 14:39,L-Exit,24741.5,1,24659.15,82.35,0.33,102,0.41,-3.05,-0.01,326,0.03
181,Entry long,2026-03-05 14:36,Long,24659.15,1,24659.15,82.35,0.33,102,0.41,-3.05,-0.01,326,0.03
182,Exit long,2026-03-06 10:36,L-Exit,24612.3,1,24662.3,-50,-0.20,25.8,0.10,-50,-0.20,276,0.03
182,Entry long,2026-03-06 09:36,Long,24662.3,1,24662.3,-50,-0.20,25.8,0.10,-50,-0.20,276,0.03
183,Exit short,2026-03-06 14:42,S-Exit,24536.15,1,24611.15,75,0.30,75,0.30,-43.4,-0.18,351,0.04
183,Entry short,2026-03-06 10:45,Short,24611.15,1,24611.15,75,0.30,75,0.30,-43.4,-0.18,351,0.04
184,Exit long,2026-03-10 13:36,L-Exit,24246.3,1,24171.3,75,0.31,75,0.31,0,0.00,426,0.04
184,Entry long,2026-03-10 12:45,Long,24171.3,1,24171.3,75,0.31,75,0.31,0,0.00,426,0.04
185,Exit short,2026-03-11 10:39,S-Exit,24085.95,1,24160.95,75,0.31,75,0.31,-9.6,-0.04,501,0.05
185,Entry short,2026-03-11 09:51,Short,24160.95,1,24160.95,75,0.31,75,0.31,-9.6,-0.04,501,0.05
186,Exit long,2026-03-12 13:51,L-Exit,23767.3,1,23817.3,-50,-0.21,15.85,0.07,-50,-0.21,451,0.05
186,Entry long,2026-03-12 13:33,Long,23817.3,1,23817.3,-50,-0.21,15.85,0.07,-50,-0.21,451,0.05
187,Exit short,2026-03-12 14:45,S-Exit,23663.6,1,23738.6,75,0.32,75,0.32,-32.95,-0.14,526,0.05
187,Entry short,2026-03-12 13:57,Short,23738.6,1,23738.6,75,0.32,75,0.32,-32.95,-0.14,526,0.05
188,Exit short,2026-03-16 09:57,S-Exit,23165.5,1,23240.5,75,0.32,75,0.32,-36.45,-0.16,601,0.06
188,Entry short,2026-03-16 09:42,Short,23240.5,1,23240.5,75,0.32,75,0.32,-36.45,-0.16,601,0.06
189,Exit short,2026-03-16 12:48,S-Exit,23102.7,1,23177.7,75,0.32,75,0.32,-18.75,-0.08,676,0.07
189,Entry short,2026-03-16 11:36,Short,23177.7,1,23177.7,75,0.32,75,0.32,-18.75,-0.08,676,0.07
190,Exit short,2026-03-16 13:18,S-Exit,23153.65,1,23103.65,-50,-0.22,1.2,0.01,-50,-0.22,626,0.06
190,Entry short,2026-03-16 13:03,Short,23103.65,1,23103.65,-50,-0.22,1.2,0.01,-50,-0.22,626,0.06
191,Exit long,2026-03-16 14:24,L-Exit,23319.25,1,23244.25,75,0.32,75,0.32,-0.25,0.00,701,0.07
191,Entry long,2026-03-16 14:18,Long,23244.25,1,23244.25,75,0.32,75,0.32,-0.25,0.00,701,0.07
192,Exit long,2026-03-17 12:48,L-Exit,23480.7,1,23405.7,75,0.32,75,0.32,-29.65,-0.13,776,0.08
192,Entry long,2026-03-17 11:36,Long,23405.7,1,23405.7,75,0.32,75,0.32,-29.65,-0.13,776,0.08
193,Exit short,2026-03-20 10:30,S-Exit,23269.1,1,23219.1,-50,-0.22,13.4,0.06,-50,-0.22,726,0.07
193,Entry short,2026-03-20 10:18,Short,23219.1,1,23219.1,-50,-0.22,13.4,0.06,-50,-0.22,726,0.07
194,Exit long,2026-03-20 11:54,Short,23235.15,1,23271.5,-36.35,-0.16,73.65,0.32,-40.6,-0.17,689.65,0.07
194,Entry long,2026-03-20 10:30,Long,23271.5,1,23271.5,-36.35,-0.16,73.65,0.32,-40.6,-0.17,689.65,0.07
195,Exit short,2026-03-20 12:21,S-Exit,23160.15,1,23235.15,75,0.32,75,0.32,-24.35,-0.10,764.65,0.08
195,Entry short,2026-03-20 11:54,Short,23235.15,1,23235.15,75,0.32,75,0.32,-24.35,-0.10,764.65,0.08
196,Exit short,2026-03-20 13:15,S-Exit,23256.35,1,23206.35,-50,-0.22,3.75,0.02,-50,-0.22,714.65,0.07
196,Entry short,2026-03-20 12:48,Short,23206.35,1,23206.35,-50,-0.22,3.75,0.02,-50,-0.22,714.65,0.07
197,Exit short,2026-03-20 14:36,S-Exit,23137.8,1,23212.8,75,0.32,75,0.32,-31.75,-0.14,789.65,0.08
197,Entry short,2026-03-20 13:45,Short,23212.8,1,23212.8,75,0.32,75,0.32,-31.75,-0.14,789.65,0.08
198,Exit long,2026-03-24 10:36,L-Exit,22658.1,1,22708.1,-50,-0.22,58.7,0.26,-50,-0.22,739.65,0.07
198,Entry long,2026-03-24 10:12,Long,22708.1,1,22708.1,-50,-0.22,58.7,0.26,-50,-0.22,739.65,0.07
199,Exit short,2026-03-24 10:48,S-Exit,22697.25,1,22647.25,-50,-0.22,17.7,0.08,-50,-0.22,689.65,0.07
199,Entry short,2026-03-24 10:36,Short,22647.25,1,22647.25,-50,-0.22,17.7,0.08,-50,-0.22,689.65,0.07
200,Exit long,2026-03-24 10:57,L-Exit,22656.45,1,22706.45,-50,-0.22,1.25,0.01,-52.85,-0.23,639.65,0.06
200,Entry long,2026-03-24 10:48,Long,22706.45,1,22706.45,-50,-0.22,1.25,0.01,-52.85,-0.23,639.65,0.06
201,Exit short,2026-03-24 11:09,S-Exit,22689.7,1,22639.7,-50,-0.22,0,0.00,-50,-0.22,589.65,0.06
201,Entry short,2026-03-24 10:57,Short,22639.7,1,22639.7,-50,-0.22,0,0.00,-50,-0.22,589.65,0.06
202,Exit long,2026-03-24 11:54,L-Exit,22796.35,1,22721.35,75,0.33,75,0.33,-31.8,-0.14,664.65,0.07
202,Entry long,2026-03-24 11:15,Long,22721.35,1,22721.35,75,0.33,75,0.33,-31.8,-0.14,664.65,0.07
203,Exit short,2026-04-01 13:48,S-Exit,22713,1,22663,-50,-0.22,14.65,0.06,-50,-0.22,614.65,0.06
203,Entry short,2026-04-01 13:39,Short,22663,1,22663,-50,-0.22,14.65,0.06,-50,-0.22,614.65,0.06
204,Exit short,2026-04-01 14:48,S-Exit,22626.9,1,22701.9,75,0.33,75,0.33,-1.65,-0.01,689.65,0.07
204,Entry short,2026-04-01 14:33,Short,22701.9,1,22701.9,75,0.33,75,0.33,-1.65,-0.01,689.65,0.07
205,Exit short,2026-04-02 13:21,S-Exit,22416.6,1,22366.6,-50,-0.22,35.7,0.16,-50,-0.22,639.65,0.06
205,Entry short,2026-04-02 13:03,Short,22366.6,1,22366.6,-50,-0.22,35.7,0.16,-50,-0.22,639.65,0.06
206,Exit long,2026-04-02 13:36,L-Exit,22504.5,1,22429.5,75,0.33,75,0.33,-8.45,-0.04,714.65,0.07
206,Entry long,2026-04-02 13:21,Long,22429.5,1,22429.5,75,0.33,75,0.33,-8.45,-0.04,714.65,0.07
207,Exit long,2026-04-06 11:48,L-Exit,22665.3,1,22590.3,75,0.33,75,0.33,-0.5,0.00,789.65,0.08
207,Entry long,2026-04-06 11:15,Long,22590.3,1,22590.3,75,0.33,75,0.33,-0.5,0.00,789.65,0.08
208,Exit long,2026-04-07 10:15,L-Exit,22929,1,22854,75,0.33,75,0.33,-42.75,-0.19,864.65,0.09
208,Entry long,2026-04-07 09:45,Long,22854,1,22854,75,0.33,75,0.33,-42.75,-0.19,864.65,0.09
209,Exit long,2026-04-07 11:27,L-Exit,22939.55,1,22864.55,75,0.33,75,0.33,-16.15,-0.07,939.65,0.09
209,Entry long,2026-04-07 11:03,Long,22864.55,1,22864.55,75,0.33,75,0.33,-16.15,-0.07,939.65,0.09
210,Exit short,2026-04-09 10:18,S-Exit,23860.5,1,23810.5,-50,-0.21,51.05,0.21,-50,-0.21,889.65,0.09
210,Entry short,2026-04-09 09:48,Short,23810.5,1,23810.5,-50,-0.21,51.05,0.21,-50,-0.21,889.65,0.09
211,Exit long,2026-04-09 10:39,L-Exit,23819.7,1,23869.7,-50,-0.21,2.5,0.01,-50,-0.21,839.65,0.08
211,Entry long,2026-04-09 10:33,Long,23869.7,1,23869.7,-50,-0.21,2.5,0.01,-50,-0.21,839.65,0.08
212,Exit short,2026-04-09 11:00,S-Exit,23857.9,1,23807.9,-50,-0.21,0,0.00,-50,-0.21,789.65,0.08
212,Entry short,2026-04-09 10:42,Short,23807.9,1,23807.9,-50,-0.21,0,0.00,-50,-0.21,789.65,0.08
213,Exit long,2026-04-09 12:45,L-Exit,23819.15,1,23869.15,-50,-0.21,38.15,0.16,-50,-0.21,739.65,0.07
213,Entry long,2026-04-09 11:30,Long,23869.15,1,23869.15,-50,-0.21,38.15,0.16,-50,-0.21,739.65,0.07
214,Exit short,2026-04-09 13:45,S-Exit,23742.35,1,23817.35,75,0.31,75,0.31,-26.25,-0.11,814.65,0.08
214,Entry short,2026-04-09 12:45,Short,23817.35,1,23817.35,75,0.31,75,0.31,-26.25,-0.11,814.65,0.08
215,Exit long,2026-04-10 15:09,L-Exit,24069.8,1,23994.8,75,0.31,75,0.31,-3.6,-0.02,889.65,0.09
215,Entry long,2026-04-10 14:48,Long,23994.8,1,23994.8,75,0.31,75,0.31,-3.6,-0.02,889.65,0.09
216,Exit short,2026-04-13 13:18,S-Exit,23839.2,1,23789.2,-50,-0.21,17.45,0.07,-50,-0.21,839.65,0.08
216,Entry short,2026-04-13 13:00,Short,23789.2,1,23789.2,-50,-0.21,17.45,0.07,-50,-0.21,839.65,0.08
217,Exit long,2026-04-13 15:15,EOD Square-off,23834.5,1,23870.3,-35.8,-0.15,37.1,0.16,-48.05,-0.20,803.85,0.08
217,Entry long,2026-04-13 13:51,Long,23870.3,1,23870.3,-35.8,-0.15,37.1,0.16,-48.05,-0.20,803.85,0.08
218,Exit short,2026-04-16 12:54,S-Exit,24122.2,1,24197.2,75,0.31,75,0.31,-0.6,0.00,878.85,0.09
218,Entry short,2026-04-16 11:57,Short,24197.2,1,24197.2,75,0.31,75,0.31,-0.6,0.00,878.85,0.09
219,Exit short,2026-04-16 14:33,S-Exit,24217.7,1,24167.7,-50,-0.21,35.25,0.15,-50,-0.21,828.85,0.08
219,Entry short,2026-04-16 13:51,Short,24167.7,1,24167.7,-50,-0.21,35.25,0.15,-50,-0.21,828.85,0.08
220,Exit long,2026-04-16 15:06,L-Exit,24171.15,1,24221.15,-50,-0.21,23.85,0.10,-50,-0.21,778.85,0.08
220,Entry long,2026-04-16 14:36,Long,24221.15,1,24221.15,-50,-0.21,23.85,0.10,-50,-0.21,778.85,0.08
221,Exit long,2026-04-17 10:27,L-Exit,24301.3,1,24226.3,75,0.31,75,0.31,-20.9,-0.09,853.85,0.09
221,Entry long,2026-04-17 09:51,Long,24226.3,1,24226.3,75,0.31,75,0.31,-20.9,-0.09,853.85,0.09
222,Exit long,2026-04-17 14:45,L-Exit,24344.15,1,24269.15,75,0.31,75,0.31,-9.25,-0.04,928.85,0.09
222,Entry long,2026-04-17 12:36,Long,24269.15,1,24269.15,75,0.31,75,0.31,-9.25,-0.04,928.85,0.09
223,Exit long,2026-04-20 10:24,L-Exit,24403.1,1,24328.1,75,0.31,75,0.31,-7.75,-0.03,1003.85,0.10
223,Entry long,2026-04-20 09:54,Long,24328.1,1,24328.1,75,0.31,75,0.31,-7.75,-0.03,1003.85,0.10
224,Exit long,2026-04-20 13:24,L-Exit,24373.8,1,24423.8,-50,-0.20,0.8,0.00,-50,-0.20,953.85,0.10
224,Entry long,2026-04-20 13:15,Long,24423.8,1,24423.8,-50,-0.20,0.8,0.00,-50,-0.20,953.85,0.10
225,Exit long,2026-04-20 15:15,L-Exit,24366.15,1,24416.15,-50,-0.20,21.85,0.09,-50,-0.20,903.85,0.09
225,Entry long,2026-04-20 14:24,Long,24416.15,1,24416.15,-50,-0.20,21.85,0.09,-50,-0.20,903.85,0.09
226,Exit long,2026-04-21 15:15,EOD Square-off,24597.75,1,24537.4,60.35,0.25,64.3,0.26,-11.35,-0.05,964.2,0.10
226,Entry long,2026-04-21 14:12,Long,24537.4,1,24537.4,60.35,0.25,64.3,0.26,-11.35,-0.05,964.2,0.10
227,Exit short,2026-04-22 15:15,EOD Square-off,24383.55,1,24435.45,51.9,0.21,61.3,0.25,-22.8,-0.09,1016.1,0.10
227,Entry short,2026-04-22 11:27,Short,24435.45,1,24435.45,51.9,0.21,61.3,0.25,-22.8,-0.09,1016.1,0.10
228,Exit short,2026-04-23 14:33,S-Exit,24170.45,1,24245.45,75,0.31,75,0.31,-7.3,-0.03,1091.1,0.11
228,Entry short,2026-04-23 13:33,Short,24245.45,1,24245.45,75,0.31,75,0.31,-7.3,-0.03,1091.1,0.11
229,Exit long,2026-04-27 13:15,L-Exit,24112.2,1,24037.2,75,0.31,75,0.31,-14.4,-0.06,1166.1,0.12
229,Entry long,2026-04-27 11:57,Long,24037.2,1,24037.2,75,0.31,75,0.31,-14.4,-0.06,1166.1,0.12
230,Exit long,2026-04-28 11:24,L-Exit,24082.25,1,24132.25,-50,-0.21,5.3,0.02,-50,-0.21,1116.1,0.11
230,Entry long,2026-04-28 11:18,Long,24132.25,1,24132.25,-50,-0.21,5.3,0.02,-50,-0.21,1116.1,0.11
231,Exit short,2026-04-28 12:30,S-Exit,24002.35,1,24077.35,75,0.31,75,0.31,-16.45,-0.07,1191.1,0.12
231,Entry short,2026-04-28 11:24,Short,24077.35,1,24077.35,75,0.31,75,0.31,-16.45,-0.07,1191.1,0.12
232,Exit short,2026-04-29 15:15,EOD Square-off,24159.85,1,24192.55,32.7,0.14,34.1,0.14,-38.15,-0.16,1223.8,0.12
232,Entry short,2026-04-29 14:18,Short,24192.55,1,24192.55,32.7,0.14,34.1,0.14,-38.15,-0.16,1223.8,0.12
233,Exit short,2026-04-30 13:33,S-Exit,23992.05,1,23942.05,-50,-0.21,3.7,0.02,-50,-0.21,1173.8,0.12
233,Entry short,2026-04-30 13:15,Short,23942.05,1,23942.05,-50,-0.21,3.7,0.02,-50,-0.21,1173.8,0.12
234,Exit long,2026-04-30 14:42,L-Exit,24083.8,1,24008.8,75,0.31,75,0.31,-24.35,-0.10,1248.8,0.12
234,Entry long,2026-04-30 13:39,Long,24008.8,1,24008.8,75,0.31,75,0.31,-24.35,-0.10,1248.8,0.12
235,Exit short,2026-05-04 13:27,S-Exit,24025.55,1,24100.55,75,0.31,75,0.31,-20.8,-0.09,1323.8,0.13
235,Entry short,2026-05-04 12:42,Short,24100.55,1,24100.55,75,0.31,75,0.31,-20.8,-0.09,1323.8,0.13
236,Exit short,2026-05-04 14:18,S-Exit,24137.6,1,24087.6,-50,-0.21,37.2,0.15,-50,-0.21,1273.8,0.13
236,Entry short,2026-05-04 13:51,Short,24087.6,1,24087.6,-50,-0.21,37.2,0.15,-50,-0.21,1273.8,0.13
237,Exit long,2026-05-04 14:39,L-Exit,24094.95,1,24144.95,-50,-0.21,4.75,0.02,-50,-0.21,1223.8,0.12
237,Entry long,2026-05-04 14:18,Long,24144.95,1,24144.95,-50,-0.21,4.75,0.02,-50,-0.21,1223.8,0.12
238,Exit short,2026-05-04 15:12,S-Exit,24128,1,24078,-50,-0.21,7,0.03,-50,-0.21,1173.8,0.12
238,Entry short,2026-05-04 14:39,Short,24078,1,24078,-50,-0.21,7,0.03,-50,-0.21,1173.8,0.12
239,Exit long,2026-05-05 13:30,L-Exit,24017.65,1,24067.65,-50,-0.21,14.05,0.06,-50,-0.21,1123.8,0.11
239,Entry long,2026-05-05 13:06,Long,24067.65,1,24067.65,-50,-0.21,14.05,0.06,-50,-0.21,1123.8,0.11
240,Exit long,2026-05-05 15:15,EOD Square-off,24049.1,1,24038.25,10.85,0.05,23.9,0.10,-40.4,-0.17,1134.65,0.11
240,Entry long,2026-05-05 13:36,Long,24038.25,1,24038.25,10.85,0.05,23.9,0.10,-40.4,-0.17,1134.65,0.11
241,Exit long,2026-05-06 12:15,L-Exit,24062.5,1,24112.5,-50,-0.21,4.85,0.02,-50,-0.21,1084.65,0.11
241,Entry long,2026-05-06 11:27,Long,24112.5,1,24112.5,-50,-0.21,4.85,0.02,-50,-0.21,1084.65,0.11
242,Exit short,2026-05-06 13:30,S-Exit,24088.85,1,24038.85,-50,-0.21,40.95,0.17,-50,-0.21,1034.65,0.10
242,Entry short,2026-05-06 12:21,Short,24038.85,1,24038.85,-50,-0.21,40.95,0.17,-50,-0.21,1034.65,0.10
243,Exit long,2026-05-06 14:18,L-Exit,24179,1,24104,75,0.31,75,0.31,-9.85,-0.04,1109.65,0.11
243,Entry long,2026-05-06 13:36,Long,24104,1,24104,75,0.31,75,0.31,-9.85,-0.04,1109.65,0.11
244,Exit long,2026-05-07 15:06,L-Exit,24310.35,1,24360.35,-50,-0.21,24.95,0.10,-50,-0.21,1059.65,0.11
244,Entry long,2026-05-07 14:21,Long,24360.35,1,24360.35,-50,-0.21,24.95,0.10,-50,-0.21,1059.65,0.11
245,Exit short,2026-05-11 14:48,S-Exit,23887.35,1,23962.35,75,0.31,75,0.31,-35.1,-0.15,1134.65,0.11
245,Entry short,2026-05-11 13:36,Short,23962.35,1,23962.35,75,0.31,75,0.31,-35.1,-0.15,1134.65,0.11
246,Exit long,2026-05-13 12:33,L-Exit,23462.75,1,23512.75,-50,-0.21,5.95,0.03,-50,-0.21,1084.65,0.11
246,Entry long,2026-05-13 12:12,Long,23512.75,1,23512.75,-50,-0.21,5.95,0.03,-50,-0.21,1084.65,0.11
247,Exit short,2026-05-13 12:48,S-Exit,23474.3,1,23424.3,-50,-0.21,0.3,0.00,-50,-0.21,1034.65,0.10
247,Entry short,2026-05-13 12:39,Short,23424.3,1,23424.3,-50,-0.21,0.3,0.00,-50,-0.21,1034.65,0.10
248,Exit long,2026-05-13 13:15,L-Exit,23507.5,1,23557.5,-50,-0.21,25.45,0.11,-50,-0.21,984.65,0.10
248,Entry long,2026-05-13 12:54,Long,23557.5,1,23557.5,-50,-0.21,25.45,0.11,-50,-0.21,984.65,0.10
249,Exit long,2026-05-13 13:54,L-Exit,23484.7,1,23534.7,-50,-0.21,5.8,0.02,-50,-0.21,934.65,0.09
249,Entry long,2026-05-13 13:30,Long,23534.7,1,23534.7,-50,-0.21,5.8,0.02,-50,-0.21,934.65,0.09
250,Exit short,2026-05-13 15:15,EOD Square-off,23419.5,1,23467.5,48,0.20,64.65,0.28,-23.35,-0.10,982.65,0.10
250,Entry short,2026-05-13 14:42,Short,23467.5,1,23467.5,48,0.20,64.65,0.28,-23.35,-0.10,982.65,0.10
251,Exit short,2026-05-14 10:18,S-Exit,23511.2,1,23461.2,-50,-0.21,14.5,0.06,-50,-0.21,932.65,0.09
251,Entry short,2026-05-14 09:54,Short,23461.2,1,23461.2,-50,-0.21,14.5,0.06,-50,-0.21,932.65,0.09
252,Exit long,2026-05-14 10:45,L-Exit,23480.4,1,23530.4,-50,-0.21,7.1,0.03,-50,-0.21,882.65,0.09
252,Entry long,2026-05-14 10:33,Long,23530.4,1,23530.4,-50,-0.21,7.1,0.03,-50,-0.21,882.65,0.09
253,Exit short,2026-05-14 11:21,S-Exit,23511.85,1,23461.85,-50,-0.21,35.3,0.15,-50,-0.21,832.65,0.08
253,Entry short,2026-05-14 10:45,Short,23461.85,1,23461.85,-50,-0.21,35.3,0.15,-50,-0.21,832.65,0.08
254,Exit long,2026-05-14 11:33,L-Exit,23610.15,1,23535.15,75,0.32,75,0.32,-21.1,-0.09,907.65,0.09
254,Entry long,2026-05-14 11:21,Long,23535.15,1,23535.15,75,0.32,75,0.32,-21.1,-0.09,907.65,0.09
255,Exit long,2026-05-15 13:48,Short,23702.95,1,23747,-44.05,-0.19,50.5,0.21,-45.25,-0.19,863.6,0.09
255,Entry long,2026-05-15 12:00,Long,23747,1,23747,-44.05,-0.19,50.5,0.21,-45.25,-0.19,863.6,0.09
256,Exit short,2026-05-15 14:48,S-Exit,23627.95,1,23702.95,75,0.32,75,0.32,-31.8,-0.13,938.6,0.09
256,Entry short,2026-05-15 13:48,Short,23702.95,1,23702.95,75,0.32,75,0.32,-31.8,-0.13,938.6,0.09
257,Exit short,2026-05-18 12:30,S-Exit,23564,1,23514,-50,-0.21,45.65,0.19,-50,-0.21,888.6,0.09
257,Entry short,2026-05-18 11:45,Short,23514,1,23514,-50,-0.21,45.65,0.19,-50,-0.21,888.6,0.09
258,Exit long,2026-05-18 13:03,L-Exit,23653.6,1,23578.6,75,0.32,75,0.32,-5.95,-0.03,963.6,0.10
258,Entry long,2026-05-18 12:30,Long,23578.6,1,23578.6,75,0.32,75,0.32,-5.95,-0.03,963.6,0.10
259,Exit long,2026-05-19 13:57,L-Exit,23675.75,1,23725.75,-50,-0.21,17.55,0.07,-50,-0.21,913.6,0.09
259,Entry long,2026-05-19 13:06,Long,23725.75,1,23725.75,-50,-0.21,17.55,0.07,-50,-0.21,913.6,0.09
260,Exit long,2026-05-19 14:36,L-Exit,23679.55,1,23729.55,-50,-0.21,0.8,0.00,-50,-0.21,863.6,0.09
260,Entry long,2026-05-19 14:15,Long,23729.55,1,23729.55,-50,-0.21,0.8,0.00,-50,-0.21,863.6,0.09
261,Exit short,2026-05-19 15:15,EOD Square-off,23608.9,1,23657.9,49,0.21,57,0.24,-9,-0.04,912.6,0.09
261,Entry short,2026-05-19 14:42,Short,23657.9,1,23657.9,49,0.21,57,0.24,-9,-0.04,912.6,0.09
262,Exit long,2026-05-20 12:03,L-Exit,23588.25,1,23638.25,-50,-0.21,2,0.01,-50,-0.21,862.6,0.09
262,Entry long,2026-05-20 11:48,Long,23638.25,1,23638.25,-50,-0.21,2,0.01,-50,-0.21,862.6,0.09
263,Exit short,2026-05-20 14:00,S-Exit,23629.95,1,23579.95,-50,-0.21,18.1,0.08,-50,-0.21,812.6,0.08
263,Entry short,2026-05-20 12:12,Short,23579.95,1,23579.95,-50,-0.21,18.1,0.08,-50,-0.21,812.6,0.08
264,Exit long,2026-05-20 15:15,EOD Square-off,23667.55,1,23641.2,26.35,0.11,49.7,0.21,-17.95,-0.08,838.95,0.08
264,Entry long,2026-05-20 14:00,Long,23641.2,1,23641.2,26.35,0.11,49.7,0.21,-17.95,-0.08,838.95,0.08
265,Exit long,2026-05-21 11:15,L-Exit,23661.55,1,23711.55,-50,-0.21,7.35,0.03,-50,-0.21,788.95,0.08
265,Entry long,2026-05-21 11:06,Long,23711.55,1,23711.55,-50,-0.21,7.35,0.03,-50,-0.21,788.95,0.08
266,Exit short,2026-05-21 11:21,S-Exit,23693.95,1,23643.95,-50,-0.21,4.05,0.02,-50,-0.21,738.95,0.07
266,Entry short,2026-05-21 11:15,Short,23643.95,1,23643.95,-50,-0.21,4.05,0.02,-50,-0.21,738.95,0.07
267,Exit long,2026-05-21 12:27,L-Exit,23670.55,1,23720.55,-50,-0.21,25.9,0.11,-50,-0.21,688.95,0.07
267,Entry long,2026-05-21 11:24,Long,23720.55,1,23720.55,-50,-0.21,25.9,0.11,-50,-0.21,688.95,0.07
268,Exit short,2026-05-21 15:15,EOD Square-off,23635,1,23663.6,28.6,0.12,67,0.28,-41.8,-0.18,717.55,0.07
268,Entry short,2026-05-21 12:27,Short,23663.6,1,23663.6,28.6,0.12,67,0.28,-41.8,-0.18,717.55,0.07
269,Exit long,2026-05-22 14:27,Short,23739.3,1,23771.55,-32.25,-0.14,64.1,0.27,-32.45,-0.14,685.3,0.07
269,Entry long,2026-05-22 12:33,Long,23771.55,1,23771.55,-32.25,-0.14,64.1,0.27,-32.45,-0.14,685.3,0.07
270,Exit short,2026-05-22 15:15,EOD Square-off,23722.9,1,23739.3,16.4,0.07,40.35,0.17,-13.2,-0.06,701.7,0.07
270,Entry short,2026-05-22 14:27,Short,23739.3,1,23739.3,16.4,0.07,40.35,0.17,-13.2,-0.06,701.7,0.07
271,Exit short,2026-05-26 14:36,S-Exit,23906.6,1,23981.6,75,0.31,75,0.31,-20.4,-0.09,776.7,0.08
271,Entry short,2026-05-26 12:48,Short,23981.6,1,23981.6,75,0.31,75,0.31,-20.4,-0.09,776.7,0.08
272,Exit short,2026-05-27 15:15,EOD Square-off,23914.45,1,23919,4.55,0.02,60.75,0.25,-21.85,-0.09,781.25,0.08
272,Entry short,2026-05-27 12:00,Short,23919,1,23919,4.55,0.02,60.75,0.25,-21.85,-0.09,781.25,0.08
273,Exit short,2026-05-29 10:03,S-Exit,23925.75,1,23875.75,-50,-0.21,4.65,0.02,-50,-0.21,731.25,0.07
273,Entry short,2026-05-29 09:42,Short,23875.75,1,23875.75,-50,-0.21,4.65,0.02,-50,-0.21,731.25,0.07
274,Exit long,2026-05-29 10:45,L-Exit,23897.5,1,23947.5,-50,-0.21,4.4,0.02,-50,-0.21,681.25,0.07
274,Entry long,2026-05-29 10:06,Long,23947.5,1,23947.5,-50,-0.21,4.4,0.02,-50,-0.21,681.25,0.07
275,Exit short,2026-05-29 12:15,S-Exit,23816.85,1,23891.85,75,0.31,75,0.31,-22.15,-0.09,756.25,0.08
275,Entry short,2026-05-29 10:45,Short,23891.85,1,23891.85,75,0.31,75,0.31,-22.15,-0.09,756.25,0.08
276,Exit long,2026-06-02 13:30,L-Exit,23504.35,1,23429.35,75,0.32,75,0.32,-10.1,-0.04,831.25,0.08
276,Entry long,2026-06-02 12:45,Long,23429.35,1,23429.35,75,0.32,75,0.32,-10.1,-0.04,831.25,0.08
277,Exit long,2026-06-02 15:15,EOD Square-off,23507.25,1,23472.25,35,0.15,35.75,0.15,-49.6,-0.21,866.25,0.09
277,Entry long,2026-06-02 14:48,Long,23472.25,1,23472.25,35,0.15,35.75,0.15,-49.6,-0.21,866.25,0.09
278,Exit long,2026-06-03 12:48,L-Exit,23287.2,1,23337.2,-50,-0.21,10.35,0.04,-50,-0.21,816.25,0.08
278,Entry long,2026-06-03 12:39,Long,23337.2,1,23337.2,-50,-0.21,10.35,0.04,-50,-0.21,816.25,0.08
279,Exit short,2026-06-03 13:18,S-Exit,23324.3,1,23274.3,-50,-0.21,2.35,0.01,-50,-0.21,766.25,0.08
279,Entry short,2026-06-03 12:54,Short,23274.3,1,23274.3,-50,-0.21,2.35,0.01,-50,-0.21,766.25,0.08
280,Exit long,2026-06-03 13:48,L-Exit,23411.65,1,23336.65,75,0.32,75,0.32,-20.25,-0.09,841.25,0.08
280,Entry long,2026-06-03 13:21,Long,23336.65,1,23336.65,75,0.32,75,0.32,-20.25,-0.09,841.25,0.08
281,Exit long,2026-06-04 11:42,L-Exit,23455.5,1,23380.5,75,0.32,75,0.32,-21.05,-0.09,916.25,0.09
281,Entry long,2026-06-04 09:48,Long,23380.5,1,23380.5,75,0.32,75,0.32,-21.05,-0.09,916.25,0.09
282,Exit short,2026-06-04 14:00,S-Exit,23384.25,1,23334.25,-50,-0.21,21.1,0.09,-50,-0.21,866.25,0.09
282,Entry short,2026-06-04 13:12,Short,23334.25,1,23334.25,-50,-0.21,21.1,0.09,-50,-0.21,866.25,0.09
283,Exit long,2026-06-04 15:15,EOD Square-off,23418.5,1,23416,2.5,0.01,49.3,0.21,-30.7,-0.13,868.75,0.09
283,Entry long,2026-06-04 14:00,Long,23416,1,23416,2.5,0.01,49.3,0.21,-30.7,-0.13,868.75,0.09
284,Exit long,2026-06-05 10:36,L-Exit,23403.6,1,23453.6,-50,-0.21,59.05,0.25,-50,-0.21,818.75,0.08
284,Entry long,2026-06-05 10:03,Long,23453.6,1,23453.6,-50,-0.21,59.05,0.25,-50,-0.21,818.75,0.08
285,Exit short,2026-06-05 11:03,S-Exit,23427.5,1,23377.5,-50,-0.21,45.7,0.20,-50,-0.21,768.75,0.08
285,Entry short,2026-06-05 10:36,Short,23377.5,1,23377.5,-50,-0.21,45.7,0.20,-50,-0.21,768.75,0.08
286,Exit long,2026-06-05 11:18,L-Exit,23421.7,1,23471.7,-50,-0.21,23.1,0.10,-50,-0.21,718.75,0.07
286,Entry long,2026-06-05 11:03,Long,23471.7,1,23471.7,-50,-0.21,23.1,0.10,-50,-0.21,718.75,0.07
287,Exit long,2026-06-05 12:36,L-Exit,23399.5,1,23449.5,-50,-0.21,5.75,0.02,-50,-0.21,668.75,0.07
287,Entry long,2026-06-05 12:24,Long,23449.5,1,23449.5,-50,-0.21,5.75,0.02,-50,-0.21,668.75,0.07
288,Exit short,2026-06-05 13:27,S-Exit,23312.9,1,23387.9,75,0.32,75,0.32,-2.25,-0.01,743.75,0.07
288,Entry short,2026-06-05 12:39,Short,23387.9,1,23387.9,75,0.32,75,0.32,-2.25,-0.01,743.75,0.07
289,Exit short,2026-06-05 14:42,S-Exit,23396.3,1,23346.3,-50,-0.21,27.55,0.12,-50,-0.21,693.75,0.07
289,Entry short,2026-06-05 14:33,Short,23346.3,1,23346.3,-50,-0.21,27.55,0.12,-50,-0.21,693.75,0.07
290,Exit long,2026-06-05 14:57,L-Exit,23359.35,1,23409.35,-50,-0.21,0.35,0.00,-50,-0.21,643.75,0.06
290,Entry long,2026-06-05 14:45,Long,23409.35,1,23409.35,-50,-0.21,0.35,0.00,-50,-0.21,643.75,0.06
291,Exit short,2026-06-08 13:45,S-Exit,23153.15,1,23228.15,75,0.32,75,0.32,-1.2,-0.01,718.75,0.07
291,Entry short,2026-06-08 13:03,Short,23228.15,1,23228.15,75,0.32,75,0.32,-1.2,-0.01,718.75,0.07
292,Exit long,2026-06-09 09:45,L-Exit,23196,1,23246,-50,-0.22,4.85,0.02,-50,-0.22,668.75,0.07
292,Entry long,2026-06-09 09:30,Long,23246,1,23246,-50,-0.22,4.85,0.02,-50,-0.22,668.75,0.07
293,Exit short,2026-06-09 12:30,Long,23212.15,1,23174.7,-37.45,-0.16,70.25,0.30,-40.2,-0.17,631.3,0.06
293,Entry short,2026-06-09 10:03,Short,23174.7,1,23174.7,-37.45,-0.16,70.25,0.30,-40.2,-0.17,631.3,0.06
294,Exit long,2026-06-09 15:15,EOD Square-off,23233.55,1,23212.15,21.4,0.09,67.25,0.29,-36.85,-0.16,652.7,0.07
294,Entry long,2026-06-09 12:30,Long,23212.15,1,23212.15,21.4,0.09,67.25,0.29,-36.85,-0.16,652.7,0.07
295,Exit long,2026-06-10 14:12,L-Exit,23321.55,1,23371.55,-50,-0.21,5.8,0.02,-50,-0.21,602.7,0.06
295,Entry long,2026-06-10 13:45,Long,23371.55,1,23371.55,-50,-0.21,5.8,0.02,-50,-0.21,602.7,0.06
296,Exit short,2026-06-10 15:12,S-Exit,23214.75,1,23289.75,75,0.32,75,0.32,-31.1,-0.13,677.7,0.07
296,Entry short,2026-06-10 14:30,Short,23289.75,1,23289.75,75,0.32,75,0.32,-31.1,-0.13,677.7,0.07