time,open,high,low,close,Up Trend,Down Trend,Up Trend,Down Trend,VWAP,Histogram,MACD,Signal line
2026-03-27T14:15:00+05:30,22911.05,22917.1,22893.75,22894.5,,22955.084047827113,,22979.585486516284,22979.9028584651,-1.1307865129764547,-16.080274298903532,-14.949487785927078
2026-03-27T14:20:00+05:30,22895.5,22905.35,22882.15,22889,,22948.20466566397,,22971.66099407819,22978.410007527847,-1.9601767251223556,-17.399708692330023,-15.439531967207667
2026-03-27T14:25:00+05:30,22888.55,22899.4,22872.1,22885.6,,22940.211932380767,,22964.05989467037,22976.813027534663,-2.453487530350621,-18.506391380145942,-16.05290384979532
2026-03-27T14:30:00+05:30,22885.15,22886.95,22852.7,22858.1,,22924.98883576173,,22950.578905203332,22974.72001215873,-4.242703810328333,-21.356283612705738,-17.113579802377405
2026-03-27T14:35:00+05:30,22856.7,22868.2,22831.35,22836.35,,22905.865643973644,,22933.508514683002,22972.482342674826,-6.37375331493498,-25.08077144604613,-18.70701813111115
2026-03-27T14:40:00+05:30,22837,22867.4,22832.45,22852.9,,22905.865643973644,,22933.508514683002,22970.412628028826,-6.148600528609556,-26.392768791873095,-20.24416826326354
2026-03-27T14:45:00+05:30,22852.6,22864.15,22848.1,22855.8,,22905.865643973644,,22933.508514683002,22968.312554355787,-5.315525881427941,-26.888575615048467,-21.573049733620525
2026-03-27T14:50:00+05:30,22855.2,22869.2,22848.45,22855.7,,22905.865643973644,,22933.508514683002,22966.26785536284,-4.324426571613216,-26.978582948137046,-22.65415637652383
2026-03-27T14:55:00+05:30,22856.45,22865.2,22840.4,22846.55,,22905.865643973644,,22932.32377398352,22963.949951148345,-3.8539291428898537,-27.471567805136146,-23.617638662246293
2026-03-27T15:00:00+05:30,22845,22845,22813.65,22832.2,,22884.468344797657,,22910.766396585164,22953.46090134023,-4.05746710793769,-28.689472547168407,-24.632005439230717
2026-03-27T15:05:00+05:30,22831.3,22831.3,22812.25,22820.65,,22876.156177557772,,22901.05725692665,22944.463573152694,-4.484870356140998,-30.238093384406966,-25.753223028265968
2026-03-27T15:10:00+05:30,22819.8,22833.25,22811.2,22815.2,,22876.09211867988,,22900.194031233983,22936.178354734795,-4.63067316628652,-31.541564486124116,-26.910891319837596
2026-03-27T15:15:00+05:30,22814.4,22819.8,22805.3,22819.75,,22865.17376274589,,22887.072128110583,22928.57941395532,-3.9436001741169733,-31.84039153748381,-27.896791363366837
2026-03-27T15:20:00+05:30,22820.35,22821.3,22804.55,22815.45,,22864.592574608596,,22885.019915299526,22921.83989205879,-3.3263123284101823,-32.054681773879565,-28.728369445469383
2026-03-27T15:25:00+05:30,22815.85,22838.25,22807.75,22835.5,,22864.592574608596,,22885.019915299526,22917.76333861274,-1.2235822568310368,-30.25784726650818,-29.034265009677142
2026-03-30T09:15:00+05:30,22578.95,22618.05,22470.15,22522.45,,22630.162486084257,,22720.336881392614,22536.88333333333,-19.554909387017048,-53.477901743448456,-33.92299235643141
2026-03-30T09:20:00+05:30,22521.2,22551.4,22500.1,22529.3,,22612.639361780046,,22699.753193253357,22533.77343173546,-29.273108989241372,-70.51437859298312,-41.24126960374175
2026-03-30T09:25:00+05:30,22526.1,22590.4,22516.9,22580.75,,22612.639361780046,,22699.753193253357,22539.31503759652,-30.17033589623246,-78.95418947403232,-48.78385357779986
2026-03-30T09:30:00+05:30,22581.4,22685.55,22576.75,22683.6,22534.869850993513,,,22699.753193253357,22556.21610798752,-22.1427216728678,-76.46225566888461,-54.31953399601681
2026-03-30T09:35:00+05:30,22681.55,22714.1,22661.9,22677.4,22591.313858443835,,,22699.753193253357,22569.042224312107,-15.850859232102657,-74.13310803614513,-58.282248804042474
2026-03-30T09:40:00+05:30,22675.8,22703.7,22652.65,22659.25,22591.313858443835,,,22699.753193253357,22576.683939321712,-11.703255975660745,-72.9113187736184,-61.20806279795766
2026-03-30T09:45:00+05:30,22659.55,22690,22628.85,22630.45,22591.313858443835,,,22699.753193253357,22582.195651719187,-9.770041083001665,-73.42061415170974,-63.65057306870808
2026-03-30T09:50:00+05:30,22630.2,22665.3,22617.2,22618.5,22591.313858443835,,,22699.753193253357,22584.964381724,-8.22850870085935,-73.93620894478227,-65.70770024392291
2026-03-30T09:55:00+05:30,22617.95,22629.8,22596.95,22615.3,22591.313858443835,,,22699.753193253357,22586.301998777497,-6.43612600870172,-73.75285775480006,-67.31673174609834
2026-03-30T10:00:00+05:30,22614.7,22665.5,22604.7,22651.2,22591.313858443835,,,22699.753193253357,22588.929472792966,-2.070534976157859,-69.90490046629566,-67.8343654901378
2026-03-30T10:05:00+05:30,22650.05,22650.05,22594.05,22601.6,22591.313858443835,,,22699.753193253357,22590.124738190167,-1.772649391291253,-70.05017722925186,-68.2775278379606
2026-03-30T10:10:00+05:30,22600.2,22600.2,22556.6,22596.75,22591.313858443835,,,22699.753193253357,22589.8575041241,-1.1800577486914534,-69.75260002382493,-68.57254227513347
2026-03-30T10:15:00+05:30,22595.9,22603.95,22553.5,22556.3,,22676.554555136023,,22699.753193253357,22589.24094914219,-2.703033933224958,-71.95133469166467,-69.24830075843971
2026-03-30T10:20:00+05:30,22555.3,22564.55,22537.65,22544.35,,22647.16723601026,,22699.753193253357,22587.520560386074,-3.6472059383507656,-73.80730818137818,-70.16010224302741
2026-03-30T10:25:00+05:30,22542.65,22564,22534.75,22534.75,,22643.563874209747,,22699.753193253357,22585.97726315912,-4.020815410388124,-75.18612150601257,-71.16530609562444
2026-03-30T10:30:00+05:30,22535.45,22540.25,22519.2,22529.15,,22621.30943049926,,22673.098834403183,22584.188886728814,-3.752787207511332,-75.85629010501361,-72.10350289750228
2026-03-30T10:35:00+05:30,22528.5,22549.5,22526.25,22538.3,,22621.30943049926,,22673.098834403183,22582.641771843937,-2.146779519412476,-74.78697729676787,-72.6401977773554
2026-03-30T10:40:00+05:30,22538.85,22554.6,22512.25,22514.55,,22621.30943049926,,22668.54030586658,22581.165472291937,-1.8810499825845142,-74.99151025558604,-73.11046027300152
2026-03-30T10:45:00+05:30,22513.3,22535.05,22509.45,22527.35,,22609.453763599304,,22651.53377527992,22579.791476599097,-0.13248790094476703,-73.27607014918249,-73.14358224823772
2026-03-30T10:50:00+05:30,22528,22538.3,22491.4,22493.35,,22602.383575419335,,22645.275397751928,22577.77230299444,-0.532542321080399,-73.80926014958823,-73.27671782850783
2026-03-30T10:55:00+05:30,22493.25,22524.2,22478.35,22490.2,,22589.016896648372,,22632.41285797674,22575.38156661689,-0.28834772470197834,-73.6371524843853,-73.34880475968332
2026-03-30T11:00:00+05:30,22489.6,22509.05,22483.65,22504.3,,22582.244801815952,,22621.99407217906,22573.703790265867,1.4483604934440706,-71.53835414287823,-72.9867146363223
2026-03-30T11:05:00+05:30,22503.45,22509.3,22472.3,22472.3,,22576.100061725152,,22614.979664961156,22571.45866627959,1.0842108118152396,-71.63145112155325,-72.7156619333685
2026-03-30T11:10:00+05:30,22471.45,22482.1,22454,22478.55,,22551.895058638896,,22588.241698465037,22568.71726982933,1.8609279323044063,-70.38950201798798,-72.25042995029239
2026-03-30T11:15:00+05:30,22479.25,22483.5,22466.9,22481.3,,22551.895058638896,,22588.241698465037,22567.123268415326,3.0843982126286136,-68.39493218450662,-71.47933039713523
2026-03-30T11:20:00+05:30,22480.35,22486.85,22467.5,22482.35,,22551.895058638896,,22584.81727575668,22565.05196597708,4.408228388781339,-65.96904491115856,-70.3772732999399
2026-03-30T11:25:00+05:30,22481.25,22488.25,22465.8,22468.2,,22551.895058638896,,22580.638048181016,22562.958747593042,4.745489103767142,-64.44541192023098,-69.19090102399812
2026-03-30T11:30:00+05:30,22468.1,22506.3,22457.35,22503.8,,22551.895058638896,,22580.638048181016,22561.357134318783,7.610820274890486,-59.67737568038501,-67.2881959552755
2026-03-30T11:35:00+05:30,22503.3,22535.8,22503.2,22516.25,,22551.895058638896,,22580.638048181016,22560.111625623784,10.415766120038043,-54.26848830522795,-64.68425442526599
2026-03-30T11:40:00+05:30,22515.05,22519.15,22484.75,22486.65,,22551.895058638896,,22580.638048181016,22558.882655309004,10.328551315150357,-51.77356528132805,-62.1021165964784
2026-03-30T11:45:00+05:30,22485.7,22485.7,22460.4,22464.55,,22549.18021734946,,22576.820685911567,22556.65090285262,8.88824981040446,-50.99180433347283,-59.88005414387729
2026-03-30T11:50:00+05:30,22465.05,22480.25,22453,22478.6,,22541.673706481986,,22568.19361732041,22554.908401885183,8.962113188481837,-48.67741265827499,-57.639525846756825
2026-03-30T11:55:00+05:30,22477.7,22489.85,22468.15,22484,,22541.673706481986,,22568.19361732041,22553.459409649382,9.408704479702592,-45.87864524712859,-55.28734972683118
2026-03-30T12:00:00+05:30,22483.15,22560.6,22480.3,22549.35,22455.186125790253,,,22568.19361732041,22552.78625840497,13.869927957675202,-37.94993977973718,-51.81986773741238
2026-03-30T12:05:00+05:30,22549.05,22594.5,22545.65,22558.3,22491.25819028001,,,22568.19361732041,22553.20747928278,16.982651796683285,-30.591552991558274,-47.57420478824156
2026-03-30T12:10:00+05:30,22557.55,22578.1,22553.8,22567.1,22491.25819028001,,,22568.19361732041,22553.456313545146,19.038708511341426,-23.775819149064773,-42.8145276604062
2026-03-30T12:15:00+05:30,22566.9,22577.45,22550.85,22555.3,22491.25819028001,,,22568.19361732041,22553.590098909885,18.96664791056959,-19.106217772194213,-38.072865682763805
2026-03-30T12:20:00+05:30,22555.35,22594.1,22531.05,22531.3,22491.25819028001,,,22568.19361732041,22553.564268281523,16.74269781501836,-17.14449341399086,-33.88719122900922
2026-03-30T12:25:00+05:30,22531.15,22534.6,22502.85,22519.15,22491.25819028001,,,22568.19361732041,22552.91162572402,14.004647533293259,-16.381381812392647,-30.386029345685905
2026-03-30T12:30:00+05:30,22519.85,22523.5,22508,22517.4,22491.25819028001,,,22568.19361732041,22552.39564280412,11.719686613962704,-15.736421078232524,-27.45610769219523
2026-03-30T12:35:00+05:30,22516.65,22569.45,22514.05,22565.6,22491.25819028001,,,22568.19361732041,22552.340982029888,12.999475527536365,-11.206763282774773,-24.206238810311138
2026-03-30T12:40:00+05:30,22564.65,22579.3,22555.8,22557.05,22491.795249094186,,,22568.19361732041,22552.509669528703,12.795211070193751,-8.212224972568947,-21.0074360427627
2026-03-30T12:45:00+05:30,22557.35,22560.7,22530.55,22530.55,22491.795249094186,,,22568.19361732041,22552.356208109915,10.49678865147742,-7.886450228415924,-18.383238879893344
2026-03-30T12:50:00+05:30,22530.1,22533.05,22484.05,22503.95,22491.795249094186,,,22568.19361732041,22551.6010100129,6.975969623301776,-9.663276850766124,-16.6392464740679
2026-03-30T12:55:00+05:30,22501.75,22506.7,22491.75,22505.8,22491.795249094186,,,22568.19361732041,22551.074090716575,4.673256123156509,-10.797676320122264,-15.470932443278773
2026-03-30T13:00:00+05:30,22506.1,22511.4,22486.15,22491.35,,22571.430203704982,,22568.19361732041,22550.377592454515,2.203860399856037,-12.716106943458726,-14.919967343314763
2026-03-30T13:05:00+05:30,22490.85,22504.9,22485.35,22495.8,,22566.10244351973,,22568.19361732041,22549.651636735096,0.9605720950558148,-13.719252224494994,-14.679824319550809
2026-03-30T13:10:00+05:30,22495.3,22506.95,22481.45,22499.2,,22564.178571343746,,22568.19361732041,22549.025707428464,0.4817615087777245,-14.077622433578654,-14.559383942356378
2026-03-30T13:15:00+05:30,22498.55,22516.35,22479.1,22484.95,,22564.178571343746,,22568.19361732041,22548.265694245376,-0.6202690100995696,-15.33472020498084,-14.71445119488127
2026-03-30T13:20:00+05:30,22485.3,22495.05,22482.2,22484.35,,22556.604410637727,,22568.19361732041,22547.427950464415,-1.1826266184868182,-16.192734467989794,-15.010107849502976
2026-03-30T13:25:00+05:30,22484.25,22486.4,22456.55,22476.45,,22539.04044010584,,22562.397970164213,22546.32653517601,-1.8404214872801585,-17.310634708603175,-15.470213221323016
2026-03-30T13:30:00+05:30,22476.2,22486.05,22464.05,22485.8,,22539.04044010584,,22562.397970164213,22545.515250010114,-1.4185024942892301,-17.243341339184553,-15.824838844895323
2026-03-30T13:35:00+05:30,22485.6,22502.1,22474.25,22493.65,,22539.04044010584,,22562.397970164213,22544.771873629146,-0.43445090267361053,-16.367902473237336,-15.933451570563726
2026-03-30T13:40:00+05:30,22494.35,22500.5,22454.85,22462.05,,22539.04044010584,,22562.397970164213,22543.637983647004,-1.6662677351817656,-18.016286239540932,-16.350018504359166
2026-03-30T13:45:00+05:30,22461.15,22468.15,22446.55,22448,,22523.278910750207,,22547.38901072474,22542.498589182385,-3.098576332361212,-20.223238919810683,-17.12466258744947
2026-03-30T13:50:00+05:30,22445.55,22452.9,22420.25,22422.1,,22502.4724652127,,22527.405109652267,22540.76664603419,-5.330642334024496,-23.787965504980093,-18.457323170955597
2026-03-30T13:55:00+05:30,22420.95,22441.6,22420,22428.8,,22495.562591952064,,22519.02709868704,22538.84116745545,-5.854366742210498,-25.77528159871872,-19.920914856508222
2026-03-30T14:00:00+05:30,22428.1,22487.2,22423.75,22462.3,,22495.562591952064,,22519.02709868704,22537.280489459932,-3.5562245604564247,-24.366195557078754,-20.80997099662233
2026-03-30T14:05:00+05:30,22461.2,22475.85,22449.45,22449.45,,22495.562591952064,,22519.02709868704,22536.147704658077,-2.5597068422564426,-24.009604549442884,-21.44989770718644
2026-03-30T14:10:00+05:30,22449.05,22451.9,22417.95,22420.5,,22495.562591952064,,22519.02709868704,22534.57845685928,-3.452891524408731,-25.766012112697354,-22.313120588288623
2026-03-30T14:15:00+05:30,22420.2,22425.35,22409.3,22411.55,,22482.72743028615,,22509.484014448564,22532.91947383361,-4.199459729940717,-27.562445250714518,-23.3629855207738
2026-03-30T14:20:00+05:30,22412.35,22431.85,22383.2,22388,,22474.522308771848,,22505.06311300371,22530.41291994488,-5.737161702932557,-30.534437649439496,-24.79727594650694
2026-03-30T14:25:00+05:30,22386,22394.4,22375.8,22378.05,,22450.607443333254,,22478.464301703338,22528.230867265094,-6.809125736252103,-33.30868311682207,-26.499557380569964
2026-03-30T14:30:00+05:30,22376.55,22410.6,22359.55,22362.5,,22450.607443333254,,22478.464301703338,22524.285887283946,-7.874839668349889,-36.343106966007326,-28.468267297657437
2026-03-30T14:35:00+05:30,22361.4,22378.5,22350.65,22362.9,,22431.330217608265,,22462.338584379704,22520.828233545177,-7.844929582342157,-38.274429275585135,-30.429499693242978
2026-03-30T14:40:00+05:30,22363.45,22383.9,22358.7,22366.8,,22431.330217608265,,22462.338584379704,22518.183412264003,-6.888629518936156,-39.04028659191317,-32.15165707297702
2026-03-30T14:45:00+05:30,22365.6,22383.4,22340.05,22362,,22428.700583891456,,22460.72250334756,22514.91755551531,-5.941330089501058,-39.57831968485334,-33.63698959535228
2026-03-30T14:50:00+05:30,22361.35,22376.9,22344.7,22348.5,,22427.646804696888,,22459.557753012807,22512.21568912779,-5.5910032666301674,-40.62574367863999,-35.034740412009825
2026-03-30T14:55:00+05:30,22347.7,22357.8,22337.8,22349.95,,22413.30446446204,,22442.681977711523,22509.365748747492,-4.666394917752385,-40.8677340592003,-36.20133914144792
2026-03-30T15:00:00+05:30,22348.5,22348.5,22283.85,22291.2,,22385.01424123894,,22421.398779940373,22492.0855227679,-7.2614952354397815,-45.278208185747644,-38.01671295030786
2026-03-30T15:05:00+05:30,22291.7,22307.7,22289.1,22299.4,,22365.657279176994,,22398.681401946338,22480.43258955792,-7.637498301301136,-47.563585826934286,-39.92608752563315
2026-03-30T15:10:00+05:30,22297.1,22342,22295.45,22335.6,,22365.657279176994,,22398.681401946338,22471.1986332498,-4.798601508321042,-45.92433941103445,-41.12573790271341
2026-03-30T15:15:00+05:30,22335.45,22356.55,22325.15,22341.8,,22365.657279176994,,22398.681401946338,22463.73123996837,-1.9970803587540544,-43.62208835115598,-41.625007992401926
2026-03-30T15:20:00+05:30,22342.3,22381.25,22341.85,22377.45,22292.756152765625,,,22398.681401946338,22458.9778173686,2.518136043188022,-38.477337938416895,-40.99547398160492
2026-03-30T15:25:00+05:30,22376,22391,22359.15,22379.2,22306.535845127346,,,22398.681401946338,22455.728564283803,5.701610179864716,-33.868461256774026,-39.57007143663874
2026-04-01T09:15:00+05:30,22872.85,22902.25,22809,22887,22738.207802870977,,22605.279368464708,,22866.083333333332,40.16542474213294,10.636709491027432,-29.528715251105506
2026-04-01T09:20:00+05:30,22888.6,22903.95,22872.55,22899.55,22773.56366272743,,22653.518931618237,,22873.002474467008,60.731257440843194,46.38535654994848,-14.345900890894708
2026-04-01T09:25:00+05:30,22900,22930.4,22898.25,22929.75,22802.15797959106,,22693.422038456414,,22879.940189821984,72.49597236863687,76.27406456990138,3.7780922012645135
2026-04-01T09:30:00+05:30,22928.55,22937.65,22845.45,22854.5,22802.15797959106,,22693.422038456414,,22879.81114297779,71.23278575179272,92.81907439100542,21.586288639212693
2026-04-01T09:35:00+05:30,22853.25,22854,22824.15,22828.1,22802.15797959106,,22693.422038456414,,22874.47230533176,64.82532011878843,102.61793878769822,37.792618668909796
2026-04-01T09:40:00+05:30,22828.5,22873.7,22827.4,22854.95,22802.15797959106,,22693.422038456414,,22872.503584234815,58.77995057694595,111.26755689009224,52.48760631314629
2026-04-01T09:45:00+05:30,22851.45,22898.1,22848.5,22897.55,22802.15797959106,,22693.422038456414,,22873.253507146997,54.14960091876176,120.1746074615985,66.02500654283673
2026-04-01T09:50:00+05:30,22897.75,22932.1,22896.2,22915.15,22804.76484204139,,22723.51083923813,,22876.683409636826,48.93002940125919,127.18754329441072,78.25751389315153
2026-04-01T09:55:00+05:30,22914.95,22919.1,22885,22893.15,22804.76484204139,,22723.51083923813,,22878.16395915392,40.97606267962985,129.47759224268884,88.501529563059
2026-04-01T10:00:00+05:30,22892.9,22941.3,22890.45,22927.15,22808.830394942353,,22736.995279782885,,22880.70143069364,35.20558653528512,132.5085127321654,97.30292619688028
2026-04-01T10:05:00+05:30,22927.55,22932,22905.1,22906.8,22814.167625195234,,22749.488251804596,,22882.031663625916,27.557447196720872,131.74973519278137,104.1922879960605
2026-04-01T10:10:00+05:30,22907.45,22907.45,22862.55,22868.85,22814.167625195234,,22749.488251804596,,22881.934098270915,17.947353166831988,126.62647945460049,108.6791262877685
2026-04-01T10:15:00+05:30,22867.9,22878.85,22857.4,22871.15,22814.167625195234,,22749.488251804596,,22881.423250771142,10.139076275190888,121.3529716317571,111.21389535656621
2026-04-01T10:20:00+05:30,22871.7,22879.45,22822.05,22828.35,22814.167625195234,,22749.488251804596,,22879.802930790134,0.9681805920992019,112.42412109669021,111.45594050459101
2026-04-01T10:25:00+05:30,22827.85,22828.15,22771.65,22796.5,,22901.828572918326,22749.488251804596,,22876.13615430232,-7.879427905878316,101.60665562224312,109.48608352812144
2026-04-01T10:30:00+05:30,22797.1,22816.3,22778.35,22796,,22897.952144272404,22749.488251804596,,22873.903397904636,-14.041957431167177,91.93363673916247,105.97559417032964
2026-04-01T10:35:00+05:30,22796.4,22816.4,22796.15,22813.8,,22897.952144272404,22749.488251804596,,22872.261256858626,-16.998613784942364,84.72732693915168,101.72594072409404
2026-04-01T10:40:00+05:30,22813.15,22815,22787.35,22807.5,,22896.693997705846,22749.488251804596,,22870.364202041168,-19.290160549913367,77.61324003670234,96.9034005866157
2026-04-01T10:45:00+05:30,22808.6,22820.25,22791.9,22797.15,,22896.693997705846,22749.488251804596,,22868.71219082509,-21.259198202483546,70.32940283351127,91.58860103599481
2026-04-01T10:50:00+05:30,22797.6,22802.05,22783.45,22789.85,,22883.50914542953,22749.488251804596,,22867.066958783707,-22.679775296370863,63.23888191553124,85.9186572119021
2026-04-01T10:55:00+05:30,22791.5,22791.5,22769.5,22770.75,,22868.921188158052,22749.488251804596,,22864.424058002198,-24.383475576372177,55.43931274143688,79.82278831780906
2026-04-01T11:00:00+05:30,22771.35,22771.35,22743.6,22749.1,,22844.250128750147,,22873.358142122277,22861.77920141761,-26.282481370139664,46.969686605134484,73.25216797527415
2026-04-01T11:05:00+05:30,22748.7,22786,22738.25,22770.55,,22844.250128750147,,22873.358142122277,22859.30355357949,-25.393907452586177,41.50978365954143,66.9036911121276
2026-04-01T11:10:00+05:30,22771.2,22791.65,22758.1,22763.75,,22844.250128750147,,22873.358142122277,22857.514837511433,-24.54968424053377,36.21658581146039,60.76627005199416
2026-04-01T11:15:00+05:30,22763.55,22767.55,22747.7,22767.2,,22841.50551351216,,22868.72056060714,22855.37285325109,-23.067430016855432,31.93198253092487,54.9994125477803
2026-04-01T11:20:00+05:30,22766.8,22782.8,22764.9,22781.65,,22841.50551351216,,22868.72056060714,22854.008099552437,-20.508402890457134,29.36390893470889,49.87231182516602
2026-04-01T11:25:00+05:30,22781.5,22800.65,22781.5,22790.1,,22841.50551351216,,22868.72056060714,22852.36723851321,-17.744786984040218,27.69132809511575,45.43611507915597
2026-04-01T11:30:00+05:30,22788.85,22811.65,22786.45,22798.5,,22841.50551351216,,22868.72056060714,22850.561563929543,-14.960559030578906,26.735416290932335,41.69597532151124
2026-04-01T11:35:00+05:30,22797.9,22814.35,22788.85,22813.45,,22841.50551351216,,22868.72056060714,22849.498141735658,-11.857261837144868,26.874398025080154,38.73165986222502
2026-04-01T11:40:00+05:30,22813.5,22822.65,22798.2,22799.15,,22841.50551351216,,22868.72056060714,22848.67163248997,-10.556299760793188,25.536285161233536,36.092584922026724
2026-04-01T11:45:00+05:30,22797.65,22798.65,22743.65,22754.1,,22841.50551351216,,22868.72056060714,22846.437425361655,-12.391538220493473,20.603162146409886,32.99470036690336
2026-04-01T11:50:00+05:30,22751.95,22765,22742.6,22745.6,,22829.132470480567,,22851.36618146216,22844.234925013403,-13.735501750552281,15.825323178713006,29.560824929265287
2026-04-01T11:55:00+05:30,22743.2,22778.15,22736.6,22775.9,,22829.132470480567,,22851.36618146216,22842.892277275474,-12.193659540229298,14.318750503978663,26.51241004420796
2026-04-01T12:00:00+05:30,22774.1,22841.15,22774.1,22838.75,22735.278218304084,,,22851.36618146216,22842.29696123288,-6.8188193417415235,17.98888586703106,24.807705208772582
2026-04-01T12:05:00+05:30,22834.55,22842.4,22827,22839.15,22758.45218562172,,,22851.36618146216,22842.133725648266,-3.2931599033128407,20.69125532963153,23.98441523294437
2026-04-01T12:10:00+05:30,22837.8,22864.6,22828.15,22859.3,22770.294576340635,,22741.888693342677,,22842.285905054916,0.1565526036093381,24.180105987456045,24.023553383846707
2026-04-01T12:15:00+05:30,22857.75,22864.2,22834.7,22837.75,22774.223597523607,,22746.56232400841,,22842.35064256366,0.7162700189590936,24.918890907545574,24.20262088858648
2026-04-01T12:20:00+05:30,22836.3,22841.95,22825.55,22831.4,22774.223597523607,,22746.56232400841,,22842.23072903654,0.4036491533864037,24.707182330319483,24.30353317693308
2026-04-01T12:25:00+05:30,22829.55,22836.95,22817.85,22832.8,22774.223597523607,,22746.56232400841,,22842.057272193182,0.05431855220688675,24.37143136719169,24.317112814984803
2026-04-01T12:30:00+05:30,22831,22847.4,22824.25,22829.5,22774.223597523607,,22746.56232400841,,22841.94984823936,-0.5997753356209223,23.56739364545865,24.167168981079573
2026-04-01T12:35:00+05:30,22827.95,22842.7,22816.55,22842.5,22774.223597523607,,22746.56232400841,,22841.845933270193,-0.3690053352973024,23.705912311957945,24.074917647255248
2026-04-01T12:40:00+05:30,22841.55,22856.35,22829.55,22834.6,22774.51432976706,,22754.064724203723,,22841.820165186833,-0.928665273277705,22.914086055658117,23.842751328935822
2026-04-01T12:45:00+05:30,22834.95,22881.1,22833.85,22868.65,22787.73611327871,,22763.30325178335,,22842.093632191565,0.7248545284902406,24.748819489548623,24.023964961058383
2026-04-01T12:50:00+05:30,22868.45,22875.55,22860.4,22873.55,22800.20805761477,,22778.675426605016,,22842.416961535215,1.8169352840145514,26.29513406607657,24.47819878206202
2026-04-01T12:55:00+05:30,22873.05,22874.35,22855.7,22862.05,22800.20805761477,,22779.060383944518,,22842.691915786843,1.4491173948033875,26.289595525566256,24.840478130762868
2026-04-01T13:00:00+05:30,22862.1,22873.6,22855.5,22864.6,22800.20805761477,,22781.751845550065,,22842.96839128444,1.0788802845220111,26.189078486415383,25.110198201893372
2026-04-01T13:05:00+05:30,22864.9,22878.55,22862.1,22869.15,22807.175655272466,,22790.871660995057,,22843.25074052991,0.8517116356802816,26.174837746493722,25.32312611081344
2026-04-01T13:10:00+05:30,22868.95,22883.4,22842.7,22883.3,22807.175655272466,,22790.871660995057,,22843.581234463665,1.3368324322732121,26.994166651154956,25.657334218881743
2026-04-01T13:15:00+05:30,22883.2,22897.95,22839.85,22843,22807.175655272466,,22790.871660995057,,22843.80862924712,-1.2349470862562377,24.113650361061445,25.348597447317683
2026-04-01T13:20:00+05:30,22843.5,22843.5,22805.6,22810.6,22807.175655272466,,22790.871660995057,,22843.448696893855,-5.080941329907237,18.997420784933638,24.078362114840875
2026-04-01T13:25:00+05:30,22810.55,22812.45,22795,22807.95,22807.175655272466,,22790.871660995057,,22842.895648490983,-7.61381931252884,14.561087974179827,22.174907286708667
2026-04-01T13:30:00+05:30,22808.35,22808.35,22760.1,22776.75,,22851.28837335328,,22880.255053149027,22842.075781694748,-10.995524680459443,8.430501436134364,19.426026116593807
2026-04-01T13:35:00+05:30,22776.25,22776.35,22748.5,22764.75,,22828.960204685616,,22857.327047834126,22840.85995229899,-13.481623855380999,2.5739962973675574,16.055620152748556
2026-04-01T13:40:00+05:30,22763.9,22763.9,22648.35,22675.15,,22780.973444451338,,22826.456843050713,22836.948260286412,-20.197572356900285,-9.191345293376799,11.006227063523486
2026-04-01T13:45:00+05:30,22674.85,22720.5,22658.7,22703.2,,22766.88602222877,,22816.43865874564,22834.681852064834,-21.658464851401348,-16.0668540007282,5.591610850673149
2026-04-01T13:50:00+05:30,22702.45,22708.6,22691.5,22697.95,,22766.88602222877,,22816.43865874564,22833.10282239979,-21.824771832160753,-21.68935393952779,0.13541789263296078
2026-04-01T13:55:00+05:30,22697.55,22725.9,22690.5,22703.65,,22766.88602222877,,22816.43865874564,22831.862954719196,-20.422393117949003,-25.392573504803295,-4.970180386854291
2026-04-01T14:00:00+05:30,22703.75,22730.5,22688.2,22720.8,,22766.88602222877,,22816.43865874564,22830.783252665424,-17.333048594490894,-26.636491129967908,-9.303442535477014
2026-04-01T14:05:00+05:30,22720.65,22739.85,22715.45,22737.25,,22766.88602222877,,22816.43865874564,22829.640710896212,-13.353461969379854,-25.99526999720183,-12.641808027821977
2026-04-01T14:10:00+05:30,22739,22756.6,22727.9,22753,,22766.88602222877,,22816.43865874564,22828.776481236197,-9.038742472369453,-23.940236118283792,-14.90149364591434
2026-04-01T14:15:00+05:30,22754.35,22756.8,22723.75,22742.05,,22766.88602222877,,22816.43865874564,22828.04420298177,-6.423483411117196,-22.930847909810836,-16.50736449869364
2026-04-01T14:20:00+05:30,22741.35,22743.1,22709.95,22723.4,,22766.88602222877,,22816.43865874564,22826.8923671574,-5.487265021841161,-23.36644577599509,-17.87918075415393
2026-04-01T14:25:00+05:30,22723.15,22736,22717,22733.4,,22766.88602222877,,22816.43865874564,22826.03029304233,-3.811632257006483,-22.64372107541203,-18.83208881840555
2026-04-01T14:30:00+05:30,22734.55,22734.9,22704.45,22709.15,,22766.88602222877,,22816.43865874564,22824.705775938055,-3.9374558296234383,-23.753908605434845,-19.816452775811406
2026-04-01T14:35:00+05:30,22708.25,22709.35,22665.2,22667.75,,22758.50021476003,,22792.942425735575,22822.80263304623,-6.271300131130097,-27.655577939724026,-21.38427780859393
2026-04-01T14:40:00+05:30,22666.2,22678.55,22641.3,22662.65,,22731.31395402203,,22766.200683162017,22820.531857215876,-7.535870316117286,-30.804115703740536,-23.26824538762325
2026-04-01T14:45:00+05:30,22660.6,22662.5,22618.6,22641.2,,22712.774506320926,,22749.413114845815,22817.845408392495,-9.09019237207173,-34.63098585271291,-25.54079348064118
2026-04-01T14:50:00+05:30,22640.9,22666.75,22629.8,22657.2,,22712.774506320926,,22749.413114845815,22815.545365431248,-8.333955259613553,-35.95823755515812,-27.624282295544567
2026-04-01T14:55:00+05:30,22656.8,22685.35,22644.85,22647.8,,22712.774506320926,,22749.413114845815,22813.256729604927,-7.771121513562726,-37.33818418749797,-29.567062673935247
2026-04-01T15:00:00+05:30,22651.25,22692.55,22651.25,22676.75,,22712.774506320926,,22749.413114845815,22809.075501795724,-4.8938945604651565,-35.68443087451669,-30.790536314051536
2026-04-01T15:05:00+05:30,22676.95,22684.4,22669.9,22682.1,,22712.774506320926,,22749.413114845815,22805.935100474475,-2.2118224641694937,-33.555314394263405,-31.34349193009391
2026-04-01T15:10:00+05:30,22682.75,22691.3,22670.05,22671.65,,22712.774506320926,,22749.413114845815,22802.09201484802,-0.7959462000628434,-32.338424680172466,-31.542478480109622
2026-04-01T15:15:00+05:30,22671.1,22688.5,22668.6,22681.1,,22712.774506320926,,22749.413114845815,22798.85475353066,1.0238661056957667,-30.262645847989916,-31.286511953685682
2026-04-01T15:20:00+05:30,22681.25,22683.9,22672.95,22683.5,,22712.774506320926,,22749.413114845815,22795.622355733274,2.549212000779683,-28.09999695271108,-30.649208953490763
2026-04-01T15:25:00+05:30,22683.55,22706.3,22674.6,22703.15,,22712.774506320926,,22749.413114845815,22793.077974590018,4.905075433128065,-24.517864662080683,-29.422940095208748
2026-04-02T09:15:00+05:30,22394.65,22394.65,22209.15,22228,,22413.947315120382,,22532.316681970482,22277.266666666666,-23.930166802049854,-59.33564859777107,-35.405481795721215
2026-04-02T09:20:00+05:30,22226.35,22255.95,22215.6,22252.15,,22346.254949364364,,22455.255013773432,22266.95999309284,-38.885097516681,-84.01185369157247,-45.12675617489147
2026-04-02T09:25:00+05:30,22251.45,22261.6,22236.35,22245.55,,22346.254949364364,,22454.082012396088,22263.24316723724,-46.22992185614597,-102.91415849507393,-56.68423663892796
2026-04-02T09:30:00+05:30,22244.45,22268.75,22239.45,22255.4,,22346.254949364364,,22447.486311156477,22261.88600769381,-47.264683210233,-115.76509065171922,-68.50040744148622
2026-04-02T09:35:00+05:30,22253.5,22290.75,22244,22251.45,,22346.254949364364,,22447.486311156477,22261.907398287676,-45.06313341826045,-124.82932421431178,-79.76619079605133
2026-04-02T09:40:00+05:30,22249.9,22278.1,22244,22262.55,,22346.254949364364,,22440.545412036747,22261.871819773605,-39.88537153883853,-129.6229052195995,-89.73753368076096
2026-04-02T09:45:00+05:30,22264.45,22273.2,22227.35,22235.65,,22346.254949364364,,22425.575870833076,22260.45485994878,-35.447768810731134,-134.04724469417488,-98.59947588344374
2026-04-02T09:50:00+05:30,22235.7,22241.7,22212.7,22221.15,,22327.094718159093,,22393.670783749767,22257.901085382695,-30.834578300394284,-137.1426987589366,-106.30812045854232
2026-04-02T09:55:00+05:30,22220.8,22227.55,22205.55,22206.5,,22313.649982251136,,22372.97370537479,22255.354584051416,-26.2924582477783,-139.1736932682652,-112.8812350204869
2026-04-02T10:00:00+05:30,22206.8,22229.8,22189.15,22215.1,,22305.78498313858,,22362.451334837308,22252.255237180634,-20.489302705326722,-138.4928634021453,-118.00356069681858
2026-04-02T10:05:00+05:30,22216.1,22216.1,22184,22186.4,,22294.75448398165,,22347.35870135358,22246.960611205523,-16.533665145931437,-138.67064212923287,-122.13697698330144
2026-04-02T10:10:00+05:30,22186.35,22236.65,22182.55,22234.35,,22294.75448398165,,22347.35870135358,22245.388230163255,-9.014069624284744,-133.40456401365736,-124.39049438937262
2026-04-02T10:15:00+05:30,22234.5,22234.5,22190.65,22205.35,,22294.75448398165,,22347.35870135358,22243.750869143085,-4.545068262761575,-130.07182971782458,-125.52676145506301
2026-04-02T10:20:00+05:30,22206.55,22226.5,22189.45,22191.3,,22294.75448398165,,22347.35870135358,22242.184634609013,-1.2579594530005238,-127.09921077131366,-125.84125131831314
2026-04-02T10:25:00+05:30,22189.75,22221.4,22188.95,22217.65,,22294.75448398165,,22344.049958958087,22240.573843164348,3.69714708916959,-121.21981745685116,-124.91696454602075
2026-04-02T10:30:00+05:30,22216.85,22229,22208.5,22214,,22294.75448398165,,22344.049958958087,22239.89606740393,7.5150109620591365,-115.52320084344683,-123.03821180550597
2026-04-02T10:35:00+05:30,22213.4,22224.35,22206.8,22221.35,,22294.75448398165,,22338.863716756045,22239.205585335858,11.104800500837243,-109.15721117945941,-120.26201168029665
2026-04-02T10:40:00+05:30,22219.95,22236.2,22215.1,22221.4,,22294.75448398165,,22338.863716756045,22238.707239985073,13.872275733580537,-102.92166701332098,-116.79394274690152
2026-04-02T10:45:00+05:30,22221.2,22225.1,22189.45,22206.35,,22291.52620972506,,22323.5308605724,22237.54439484315,14.984000219322212,-98.06394247274875,-113.04794269207096
2026-04-02T10:50:00+05:30,22204.85,22237.45,22199.25,22226.6,,22291.52620972506,,22323.5308605724,22237.054060731476,17.2182657448014,-91.52511051106922,-108.74337625587061
2026-04-02T10:55:00+05:30,22225.6,22249.5,22220.3,22243.7,,22291.52620972506,,22323.5308605724,22237.07745427371,19.798724804401232,-83.99497025036908,-103.79369505477031
2026-04-02T11:00:00+05:30,22242.95,22250.2,22230.3,22234.85,,22291.52620972506,,22323.5308605724,22237.119412620727,20.75970566162451,-77.84406297773967,-98.60376863936418
2026-04-02T11:05:00+05:30,22236.3,22243.35,22222.4,22235.7,,22291.52620972506,,22323.5308605724,22236.98477535446,21.22696852220062,-72.07005798661339,-93.29702650881401
2026-04-02T11:10:00+05:30,22233.4,22235.05,22217.95,22227.65,,22291.52620972506,,22323.5308605724,22236.65252528431,20.74392605310038,-67.36711894243854,-88.11104499553892
2026-04-02T11:15:00+05:30,22225.85,22231.3,22206.05,22217.65,,22291.52620972506,,22314.783062198454,22236.112546794204,19.51884845027334,-63.71248443269724,-83.23133288297058
2026-04-02T11:20:00+05:30,22216.6,22220.55,22206.25,22212,,22286.151008914214,,22304.18725597861,22234.8276324842,18.126017627245957,-60.573810848913126,-78.69982847615908
2026-04-02T11:25:00+05:30,22209,22222.75,22202.75,22207.6,,22283.863458468502,,22300.45853038075,22234.361527308574,16.739516048090934,-57.775433416045416,-74.51494946413635
2026-04-02T11:30:00+05:30,22206.5,22224.1,22203.7,22219.8,,22283.497785545078,,22298.957677342674,22233.87553119924,16.450884696485403,-53.9513435935296,-70.402228290015
2026-04-02T11:35:00+05:30,22218.9,22239.2,22218.3,22234.4,,22283.497785545078,,22298.957677342674,22233.809091918618,16.981175165885332,-49.175759332658345,-66.15693449854368
2026-04-02T11:40:00+05:30,22234.75,22237.25,22221.4,22225.5,,22283.497785545078,,22298.957677342674,22233.629121700353,16.458532632014226,-45.583768708525895,-62.04230134054012
2026-04-02T11:45:00+05:30,22223.15,22251.05,22223.1,22242,,22283.497785545078,,22298.957677342674,22233.73891828959,16.886786211528218,-40.93381857612985,-57.82060478765807
2026-04-02T11:50:00+05:30,22242.65,22256.75,22241.65,22245.2,,22283.497785545078,,22298.957677342674,22234.00726834182,17.001329962300005,-36.56894233478306,-53.570272297083065
2026-04-02T11:55:00+05:30,22247.4,22300.6,22243.6,22277.2,,22283.497785545078,,22298.957677342674,22235.056596977494,18.712441145245506,-30.17972086552618,-48.892162010771685
2026-04-02T12:00:00+05:30,22277.55,22288.75,22260.4,22271.25,,22283.497785545078,,22298.957677342674,22235.880092561365,18.870020807953175,-25.304636000830214,-44.17465680878339
2026-04-02T12:05:00+05:30,22269.5,22270.2,22244.55,22262.4,,22283.497785545078,,22298.957677342674,22236.41115524832,17.817536604869808,-21.902736052696127,-39.720272657565936
2026-04-02T12:10:00+05:30,22264.3,22277.4,22259.05,22267,,22283.497785545078,,22298.957677342674,22236.820284173144,16.87951858292135,-18.62087442891425,-35.5003930118356
2026-04-02T12:15:00+05:30,22267.85,22272.45,22256.9,22261.65,,22283.497785545078,,22298.957677342674,22237.23328655411,15.38896060823106,-16.264192251546774,-31.653152859777833
2026-04-02T12:20:00+05:30,22261.45,22266.2,22231.25,22261.65,,22283.497785545078,,22298.957677342674,22237.50538536084,13.936568755034294,-14.232441915984964,-28.169010671019258
2026-04-02T12:25:00+05:30,22258.9,22295,22255.7,22295,22211.81837317287,,,22298.957677342674,22238.12202519812,14.680790297346466,-9.818022799336177,-24.498813096682643
2026-04-02T12:30:00+05:30,22294.5,22319.45,22285.15,22316.55,22238.51495451423,,22215.618030837235,,22240.003823948362,15.976284313718146,-4.528457704534958,-20.504742018253104
2026-04-02T12:35:00+05:30,22316.45,22360.75,22307.7,22348.6,22268.324206788515,,22240.296227753508,,22242.454492905996,18.183065586333697,2.2240899646640173,-15.95897562166968
2026-04-02T12:40:00+05:30,22349.3,22368.1,22334.3,22361.85,22285.21424644909,,22256.524104978158,,22244.667667694943,19.604125971448617,8.54618184264109,-11.057944128807526
2026-04-02T12:45:00+05:30,22363.05,22367.05,22336.65,22350.9,22286.123534126637,,22257.521694480343,,22247.1605827642,18.869148159665365,12.52849107077418,-6.3406570888911835
2026-04-02T12:50:00+05:30,22351.15,22362.95,22323.55,22324.65,22286.123534126637,,22257.521694480343,,22248.883738273747,15.80191926494603,13.411741992291354,-2.3901772726546757
2026-04-02T12:55:00+05:30,22326.25,22371.7,22325.2,22364.8,22286.123534126637,,22257.521694480343,,22251.932390167156,15.635146888762932,17.15375633829899,1.5186094495360574
2026-04-02T13:00:00+05:30,22365.3,22406,22364.85,22373.35,22316.927171321826,,22282.02196527617,,22255.228030792303,15.24279311169273,20.57210083915197,5.32930772745924
2026-04-02T13:05:00+05:30,22372.9,22378.75,22330.9,22376.8,22316.927171321826,,22282.02196527617,,22257.400223794673,14.369405621838869,23.291064754757826,8.921659132918958
2026-04-02T13:10:00+05:30,22375.9,22376.9,22355.35,22369.85,22316.927171321826,,22282.02196527617,,22258.853463346888,12.543845449659901,24.601465944993834,12.057620495333932
2026-04-02T13:15:00+05:30,22368.5,22394.65,22360.3,22389.1,22316.927171321826,,22282.02196527617,,22260.78501591979,11.860613598550938,26.883387493522605,15.022773894971667
2026-04-02T13:20:00+05:30,22388.45,22439.65,22385.65,22439.65,22342.147413555198,,22303.631323917696,,22264.74217243924,13.899647291083895,32.397333008826536,18.49768571774264
2026-04-02T13:25:00+05:30,22440.3,22489.05,22421.05,22488.25,22381.272542877436,,22336.533191525923,,22269.479870653988,17.38193021958572,40.22509849222479,22.84316827263907
2026-04-02T13:30:00+05:30,22488.45,22502.85,22458,22491.8,22405.851415733563,,22360.304872373334,,22274.357541064575,18.671664093540706,46.18274838956495,27.511084296024244
2026-04-02T13:35:00+05:30,22491,22523,22465.15,22517.8,22417.44509494689,,22368.611885136,,22278.22137943787,19.909690769327888,52.3981977576841,32.488506988356214
2026-04-02T13:40:00+05:30,22519.15,22543.5,22513.4,22535.65,22452.641590199542,,22406.5031966224,,22282.566988077324,20.484916798258567,58.094652986179426,37.60973618792086
2026-04-02T13:45:00+05:30,22537.8,22561.55,22524.5,22533.8,22467.302010689567,,22422.157876960162,,22286.46734397165,19.31066067710723,61.748062034304894,42.437401357197665
2026-04-02T13:50:00+05:30,22533.55,22560.2,22519.1,22532.05,22467.302010689567,,22422.157876960162,,22290.82540914818,17.06378834817454,63.76713679241584,46.7033484442413
2026-04-02T13:55:00+05:30,22530.15,22538.45,22493.8,22530.35,22467.302010689567,,22422.157876960162,,22295.23227628967,14.226704778393128,64.48672941723271,50.26002463883958
2026-04-02T14:00:00+05:30,22529.45,22561.8,22519.85,22560,22467.302010689567,,22422.157876960162,,22298.91758058443,13.136671068652959,66.68086347465578,53.54419240600282
2026-04-02T14:05:00+05:30,22558.9,22573.3,22537.3,22567.95,22478.484428187967,,22434.03406057356,,22303.433499864434,11.784011297984762,68.27420652848377,56.49019523049901
2026-04-02T14:10:00+05:30,22566.7,22628.8,22566.4,22627.25,22518.385206778566,,22469.740654516205,,22309.55993738285,13.587830152206877,73.47498292075761,59.887152768550735
2026-04-02T14:15:00+05:30,22625.85,22673.15,22618.4,22651.95,22565.04594643964,,22514.276589064586,,22318.014835122045,15.036448910809703,78.68271390706286,63.64626499625316
2026-04-02T14:20:00+05:30,22651.55,22675.4,22637.75,22673.85,22576.11739911766,,22526.931430158125,,22324.158044401687,15.973535574471342,83.61318446434234,67.639648889871
2026-04-02T14:25:00+05:30,22672.55,22684.7,22645.85,22665.65,22584.95527916178,,22536.940787142314,,22329.98057725231,14.583561600078852,85.86910088996956,71.2855392898907
2026-04-02T14:30:00+05:30,22665.55,22706.65,22656.6,22689.15,22600.316265203688,,22551.10920842808,,22336.464367906014,13.797676889148903,88.53263540132684,74.73495851217794
2026-04-02T14:35:00+05:30,22690.35,22694.5,22620.95,22629.15,22600.316265203688,,22551.10920842808,,22342.417982561663,8.071398375179996,84.82420648115294,76.75280810597295
2026-04-02T14:40:00+05:30,22630.85,22639.6,22572.85,22584.6,,22693.26838315367,22551.10920842808,,22349.527391418407,0.5163442751354239,77.39823844989223,76.88189417475681
2026-04-02T14:45:00+05:30,22584.4,22634.95,22569.15,22615.5,,22691.32121399599,22551.10920842808,,22353.55010741421,-2.97503663093741,73.16309838608504,76.13813501702245
2026-04-02T14:50:00+05:30,22614.9,22663.6,22609.9,22659.55,,22691.32121399599,22551.10920842808,,22358.05122232452,-2.890378959659728,72.52516131744778,75.41554027710751
2026-04-02T14:55:00+05:30,22659.1,22667.15,22641.65,22656.8,,22691.32121399599,22551.10920842808,,22362.208312154064,-3.548846390849917,70.97948228854511,74.52832867939503
2026-04-02T15:00:00+05:30,22658.3,22697.35,22650.8,22688.75,,22691.32121399599,22551.10920842808,,22378.25811116641,-2.4160108154773354,71.50831516004837,73.9243259755257
2026-04-02T15:05:00+05:30,22689.85,22747.35,22686.95,22746.65,22627.070309505183,,22569.593289575107,,22392.96449146843,1.4417686217450694,75.72653675270703,74.28476813096196
2026-04-02T15:10:00+05:30,22748.7,22761.95,22733.5,22760.4,22659.30429402992,,22606.388960617594,,22406.50831360829,3.9844229679840453,79.26529684094203,75.28087387295798
2026-04-02T15:15:00+05:30,22762.6,22782.3,22715.6,22718.15,22659.30429402992,,22606.388960617594,,22420.24966168833,1.98662176333616,77.76415107712819,75.77752931379203
2026-04-02T15:20:00+05:30,22717.65,22724.35,22673.6,22689.15,22659.30429402992,,22606.388960617594,,22430.513730539176,-1.911264844275891,73.38844825844717,75.29971310272306
2026-04-02T15:25:00+05:30,22690.45,22711.5,22678.5,22700.25,22659.30429402992,,22606.388960617594,,22437.27060510204,-4.23231003649768,70.00932555710096,74.24163559359864
2026-04-06T09:15:00+05:30,22788.95,22798.25,22591.7,22666.05,22659.30429402992,,22606.388960617594,,22685.333333333332,-8.324642433981552,63.83583255112171,72.16047498510326
2026-04-06T09:20:00+05:30,22671.3,22714.35,22646.7,22653.55,,22784.950627781098,22606.388960617594,,22680.682662761963,-11.908839660801618,57.27442540910124,69.18326506990286
2026-04-06T09:25:00+05:30,22657.25,22661.95,22602.2,22609.05,,22740.23930699382,22606.388960617594,,22669.384907415282,-17.001680653294443,47.931164253284805,64.93284490657925
2026-04-06T09:30:00+05:30,22604.85,22684.85,22596.5,22681.05,,22740.23930699382,22606.388960617594,,22666.769091288512,-15.29962708642379,45.80831104854951,61.1079381349733
2026-04-06T09:35:00+05:30,22681.7,22746.9,22678.2,22704.35,,22740.23930699382,22606.388960617594,,22674.476595997836,-12.500938992207814,45.48176439471354,57.98270338692135
2026-04-06T09:40:00+05:30,22704.85,22714.35,22602.2,22620.2,,22740.23930699382,22606.388960617594,,22670.771492126023,-15.99032928466832,37.99479178108595,53.98512106575427
2026-04-06T09:45:00+05:30,22621.5,22636.35,22589.9,22589.9,,22730.29983719838,,22818.354189923906,22665.542850254842,-19.765019292972212,29.278846949539002,49.043866242511214
2026-04-06T09:50:00+05:30,22588.15,22603.25,22567.85,22573,,22700.40609533846,,22780.876270931516,22659.66621757781,-22.620448976196293,20.76830502226585,43.38875399846214
2026-04-06T09:55:00+05:30,22571.1,22586.55,22566.65,22569.3,,22687.70329057154,,22758.363643838362,22655.374591940064,-23.856068013068246,13.568668982126837,37.42473699519508
2026-04-06T10:00:00+05:30,22569.1,22591.6,22561.9,22589.6,,22685.268126042964,,22749.24727945453,22650.933869136403,-22.425651189865043,9.392673007863777,31.81832419772882
2026-04-06T10:05:00+05:30,22590.45,22632.05,22586,22614.95,,22685.268126042964,,22749.24727945453,22649.108085116,-19.025807755208593,8.03606450371808,27.061872258926673
2026-04-06T10:10:00+05:30,22615.85,22656.8,22597.25,22654.85,,22685.268126042964,,22749.24727945453,22648.203038708325,-13.597880612496116,10.064521493306529,23.662402105802645
2026-04-06T10:15:00+05:30,22659.8,22679.7,22613.3,22638.6,,22685.268126042964,,22749.24727945453,22647.958953394813,-10.735700305008006,10.242776724542637,20.978477029550643
2026-04-06T10:20:00+05:30,22639.5,22662.8,22637,22640.55,,22685.268126042964,,22749.24727945453,22647.916347385446,-8.445770314227158,10.421264136766695,18.867034450993852
2026-04-06T10:25:00+05:30,22638.35,22645,22591.3,22634.45,,22685.268126042964,,22749.24727945453,22646.780983819233,-7.129040224453,9.955734170427604,17.084774394880604
2026-04-06T10:30:00+05:30,22634.05,22640.4,22598.85,22636.8,,22685.268126042964,,22749.24727945453,22646.223405415505,-5.935810361727562,9.665011442721152,15.600821804448714
2026-04-06T10:35:00+05:30,22637.7,22661.85,22634.45,22661,,22685.268126042964,,22749.24727945453,22646.45579981087,-3.4745942629180497,11.257578975801152,14.732173238719202
2026-04-06T10:40:00+05:30,22661.7,22662.65,22627.3,22653.5,,22685.268126042964,,22749.24727945453,22646.501622813143,-2.3627506110338263,11.77873497492692,14.141485585960746
2026-04-06T10:45:00+05:30,22653.95,22663.25,22641.15,22657,,22685.268126042964,,22749.24727945453,22646.734382211136,-1.447572660087129,12.332019760851836,13.779592420938965
2026-04-06T10:50:00+05:30,22657.3,22669.2,22610.25,22617.4,,22685.268126042964,,22749.24727945453,22646.148929918858,-3.450878100525321,9.465994795282313,12.916872895807634
2026-04-06T10:55:00+05:30,22618.7,22651.3,22609.6,22635.85,,22685.268126042964,,22749.24727945453,22645.704412310184,-3.4659351749208476,8.584453927156574,12.050389102077421
2026-04-06T11:00:00+05:30,22635.6,22635.8,22587.85,22590.05,,22685.268126042964,,22749.24727945453,22644.33398825398,-6.326392708467987,4.142398216492438,10.468790924960425
2026-04-06T11:05:00+05:30,22590.3,22603.3,22577.4,22588.55,,22685.268126042964,,22725.2815905514,22642.744631498572,-7.978800578853299,0.4952902013938001,8.4740907802471
2026-04-06T11:10:00+05:30,22587.4,22587.4,22542.95,22567.8,,22661.092202595653,,22700.293431496266,22640.149945883688,-9.997709101161368,-4.023045596204611,5.974663504956757
2026-04-06T11:15:00+05:30,22567.45,22611.95,22558.65,22611.95,,22661.092202595653,,22700.293431496266,22639.00365904733,-7.975945427833987,-3.9952682798357273,3.98067714799826
2026-04-06T11:20:00+05:30,22611.35,22635.65,22597.1,22613.95,,22661.092202595653,,22700.293431496266,22638.486282491463,-6.1992866325907325,-3.7684311427401553,2.4308554898505768
2026-04-06T11:25:00+05:30,22615.05,22629.55,22596.75,22629.3,,22661.092202595653,,22700.293431496266,22638.12575946345,-3.803294976109343,-2.323263230286102,1.4800317458232408
2026-04-06T11:30:00+05:30,22629.15,22633.1,22595.9,22610.05,,22661.092202595653,,22700.293431496266,22637.607506276032,-3.3441420120058076,-2.7001457691840187,0.6439962428217889
2026-04-06T11:35:00+05:30,22610.2,22647.95,22606.2,22618.85,,22661.092202595653,,22700.293431496266,22637.36808086551,-2.325324128395451,-2.2626589176725247,0.06266521072292619
2026-04-06T11:40:00+05:30,22619.6,22650.6,22604.9,22644.4,,22661.092202595653,,22700.293431496266,22637.305573898182,0.06511852027114173,0.14406336106185336,0.07894484079071162
2026-04-06T11:45:00+05:30,22644.3,22663.3,22634.55,22645.7,,22661.092202595653,,22700.293431496266,22637.488578158194,1.6422312793683431,2.1317339400011406,0.48950266063279746
2026-04-06T11:50:00+05:30,22646.2,22675.25,22644.8,22668.2,22570.787470709416,,,22700.293431496266,22637.926364904535,3.976081259274324,5.4596042347257026,1.4835229754513786
2026-04-06T11:55:00+05:30,22669,22707.8,22665.7,22676.4,22597.764347173943,,,22700.293431496266,22639.07162525673,5.740240310233173,8.658823363242846,2.918583053009672
2026-04-06T12:00:00+05:30,22678.05,22684.8,22663.75,22667.85,22597.764347173943,,,22700.293431496266,22639.66040305884,5.972818953350279,10.384606744697521,4.411787791347242
2026-04-06T12:05:00+05:30,22667.95,22691.95,22664.75,22673.6,22597.764347173943,,,22700.293431496266,22640.388953257927,6.132219841701961,12.077062593474693,5.9448427517727325
2026-04-06T12:10:00+05:30,22673,22680.75,22659.4,22659.6,22597.764347173943,,,22700.293431496266,22640.770752934583,4.963022843255027,12.148621305841516,7.185598462586489
2026-04-06T12:15:00+05:30,22660.35,22672.45,22653.1,22660.2,22597.764347173943,,,22700.293431496266,22641.114984855372,3.9428038260032245,12.114103245090519,8.171299419087294
2026-04-06T12:20:00+05:30,22661.7,22731.1,22659.25,22700.8,22611.322914975954,,22580.702826580935,,22643.191214476745,5.613162993140756,15.187753160513239,9.574590167372483
2026-04-06T12:25:00+05:30,22702,22727.95,22699.25,22713.4,22631.070519227156,,22601.96504392284,,22644.376205535456,7.082673332630801,18.427931833160983,11.345258500530182
2026-04-06T12:30:00+05:30,22713.55,22714.9,22648.35,22650.1,22631.070519227156,,22601.96504392284,,22644.949646980993,3.4893578288309506,15.70695578656887,12.217597957737919
2026-04-06T12:35:00+05:30,22649.4,22682.6,22644.45,22667.7,22631.070519227156,,22601.96504392284,,22645.345425870386,2.066024756602454,14.800128903490986,12.734104146888532
2026-04-06T12:40:00+05:30,22667.95,22684.8,22652.65,22675.65,22631.070519227156,,22601.96504392284,,22645.806278866854,1.4568587603582124,14.555177597336296,13.098318836978084
2026-04-06T12:45:00+05:30,22676.2,22757,22675.45,22757,22631.070519227156,,22601.96504392284,,22647.6780089427,6.0708264508351455,20.686851900522015,14.61602544968687
2026-04-06T12:50:00+05:30,22756.05,22785.3,22746.55,22775.25,22678.85004877745,,22637.107283285997,,22650.740750181718,9.675950108302168,26.710963085064577,17.03501297676241
2026-04-06T12:55:00+05:30,22776.15,22804,22774.3,22802.45,22703.458796338582,,22664.3040549574,,22653.755009432425,13.00887797475347,33.29611044520425,20.28723247045078
2026-04-06T13:00:00+05:30,22804.25,22814.4,22758.45,22767.4,22703.458796338582,,22664.3040549574,,22656.441297387675,11.994181769562815,35.2799596824043,23.285777912841482
2026-04-06T13:05:00+05:30,22769.05,22806.95,22768.4,22806,22703.458796338582,,22664.3040549574,,22658.539365259992,12.9805048492717,39.511408974431106,26.530904125159406
2026-04-06T13:10:00+05:30,22807.25,22865.25,22806.2,22860.7,22747.523766760787,,22702.66295606394,,22663.06120071097,16.16720255613399,46.73990732032689,30.572704764192903
2026-04-06T13:15:00+05:30,22861.3,22876.1,22844.85,22864.2,22773.55882842275,,22731.34416045755,,22666.893593817742,17.261687779015624,52.14981448796243,34.88812670894681
2026-04-06T13:20:00+05:30,22864.4,22898.95,22863.15,22878.4,22794.899637001614,,22754.092244411797,,22670.760551444542,17.630946150613127,56.92680939721322,39.29586324660009
2026-04-06T13:25:00+05:30,22878.5,22881.15,22843.85,22860.2,22794.899637001614,,22754.092244411797,,22673.502278122414,15.418412447455658,58.56887880591967,43.15046635846401
2026-04-06T13:30:00+05:30,22863.65,22893.6,22862.95,22884.85,22794.899637001614,,22755.348217973555,,22676.400673090757,14.403091376015588,61.154330578483496,46.75123920246791
2026-04-06T13:35:00+05:30,22885.7,22900.55,22863.4,22863.4,22797.857507524255,,22760.195896176196,,22678.969209446364,11.216562935891389,60.77194287233215,49.55537993644076
2026-04-06T13:40:00+05:30,22863.45,22877.75,22843.5,22850.9,22797.857507524255,,22760.195896176196,,22681.953960840645,7.381810142031384,58.78264261397999,51.400832471948604
2026-04-06T13:45:00+05:30,22852.7,22874.35,22843.8,22843.8,22797.857507524255,,22760.195896176196,,22684.273434307695,3.6695777056435404,55.98780460400303,52.31822689835949
2026-04-06T13:50:00+05:30,22845.8,22886.75,22843.4,22882.7,22797.857507524255,,22760.195896176196,,22686.41650353454,3.1559888399341816,56.263212948277214,53.10722410834303
2026-04-06T13:55:00+05:30,22883,22887.4,22859.6,22862.8,22797.857507524255,,22760.195896176196,,22688.565176813663,0.9144992038745272,54.25034811318619,53.335848909311665
2026-04-06T14:00:00+05:30,22862.45,22898.7,22861.75,22890.55,22799.479185780718,,22765.76789448308,,22691.537587024006,0.746324782806866,54.26875488782025,53.522430105013385
2026-04-06T14:05:00+05:30,22890.7,22898.65,22865.95,22866.05,22802.32147649169,,22769.47860503478,,22693.83679252928,-1.4496938068641256,51.710312846433226,53.16000665329735
2026-04-06T14:10:00+05:30,22866.9,22913.4,22865.95,22911.4,22808.950402667102,,22773.9007445313,,22696.63352358803,-0.3406389492316251,52.73420796675782,53.07484691598945
2026-04-06T14:15:00+05:30,22911.65,22929.7,22897.65,22914.95,22833.781632533748,,22799.86317007817,,22701.220693091647,0.11503146448116297,53.218636246590904,53.10360478210974
2026-04-06T14:20:00+05:30,22916.15,22928.5,22907.25,22907.25,22839.85130090706,,22809.06935307035,,22704.41639718443,-0.5809247270654723,52.3774488732779,52.95837360034337
2026-04-06T14:25:00+05:30,22908,22913.3,22881.4,22895.45,22839.85130090706,,22809.06935307035,,22707.348499558324,-2.222543367189857,50.18019439135605,52.40273775854591
2026-04-06T14:30:00+05:30,22896.65,22925.85,22895.9,22922.25,22839.85130090706,,22809.06935307035,,22710.511160866532,-1.9024010985228728,50.024736385392316,51.92713748391519
2026-04-06T14:35:00+05:30,22923.1,22940.7,22902.65,22918,22845.207455990192,,22814.98098338829,,22714.288091542097,-2.346649989203243,48.99382499741114,51.34047498661438
2026-04-06T14:40:00+05:30,22918.65,22928.5,22904.15,22913.8,22845.207455990192,,22814.98098338829,,22716.57922546798,-3.2381768157162796,47.29275396696903,50.53093078268531
2026-04-06T14:45:00+05:30,22914.3,22928.65,22911.55,22922,22847.064791531146,,22821.97334654451,,22719.11191210545,-3.5645939864499923,46.07518829962282,49.639782286072816
2026-04-06T14:50:00+05:30,22924.2,22929.25,22905.3,22911.15,22847.064791531146,,22821.97334654451,,22722.67285201221,-4.727302110455767,43.73065464800311,48.45795675845888
2026-04-06T14:55:00+05:30,22910.6,22930.3,22886.3,22917.15,22847.064791531146,,22821.97334654451,,22726.9736799971,-5.267128008109388,41.874046748322144,47.14117475643153
2026-04-06T15:00:00+05:30,22917.05,22969.05,22912.45,22959.65,22866.129950639017,,22834.53581963095,,22733.492606211774,-3.0468952484377354,43.332555695884366,46.3794509443221
2026-04-06T15:05:00+05:30,22960.2,22977.4,22959.75,22975.35,22895.910953107064,,22867.657237667856,,22738.730808621032,-0.9164683633169162,45.23386549017596,46.150333853492874
2026-04-06T15:10:00+05:30,22974.65,22998.35,22965.35,22989.35,22909.51915545171,,22881.124013901066,,22744.459732611675,0.9395882300743068,47.324819141085754,46.38523091101145
2026-04-06T15:15:00+05:30,22990.3,22991.2,22967.05,22970.9,22909.51915545171,,22881.226612510964,,22750.58497741755,0.4533525839129098,46.95192164090258,46.49856905698967
2026-04-06T15:20:00+05:30,22970.85,22972.95,22957.95,22969.85,22909.51915545171,,22881.226612510964,,22755.786310970692,-0.36610311603687506,46.04094016194358,46.407043277980456
2026-04-06T15:25:00+05:30,22969.9,22972.2,22954.2,22959.45,22909.51915545171,,22881.226612510964,,22760.153589852154,-1.9473182019134185,43.97289552558868,45.9202137275021
2026-04-07T09:15:00+05:30,22839.75,22843.95,22719.3,22773.05,,22869.68823557736,,22933.54292447951,22778.766666666666,-15.150569905349151,26.98200134581566,42.13257125116481
2026-04-07T09:20:00+05:30,22773.75,22825.8,22758.75,22802.15,,22869.68823557736,,22933.54292447951,22784.789925235335,-21.158914966605167,15.68392754290835,36.84284250951352
2026-04-07T09:25:00+05:30,22804.65,22893.4,22801.3,22889.85,22752.293179891432,,,22933.54292447951,22801.774593720962,-18.554724009685756,13.649437497406325,32.20416150709208
2026-04-07T09:30:00+05:30,22891.45,22901.05,22856.75,22858.35,22784.166020896864,,,22933.54292447951,22813.032932690654,-18.25365388011852,9.387094156943931,27.64074803706245
2026-04-07T09:35:00+05:30,22860.2,22880.35,22837.65,22851.25,22784.166020896864,,,22933.54292447951,22818.164874521877,-17.813163093280174,5.374294170462235,23.18745726374241
2026-04-07T09:40:00+05:30,22854.9,22868.5,22793,22801.8,22784.166020896864,,,22933.54292447951,22818.50906072849,-19.970455655170262,-1.7756123052204202,18.194843349949842
2026-04-07T09:45:00+05:30,22803.25,22863,22803.25,22818.25,22784.166020896864,,,22933.54292447951,22819.38403363618,-19.391798898132897,-6.044905272716278,13.346893625416618
2026-04-07T09:50:00+05:30,22819.7,22853.85,22811.25,22841.4,22784.166020896864,,,22933.54292447951,22820.414941359482,-16.656860075703985,-7.474181469213363,9.182678606490622
2026-04-07T09:55:00+05:30,22843.95,22892.65,22842.45,22886.15,22784.166020896864,,,22933.54292447951,22824.5450785413,-11.297349549246686,-4.939008330067736,6.35834121917895
2026-04-07T10:00:00+05:30,22889.35,22923.5,22879.3,22913.9,22803.927718404022,,,22933.54292447951,22833.062918127056,-5.632914063135601,-0.6828013597405516,4.95011270339505
2026-04-07T10:05:00+05:30,22914.45,22928.7,22893.75,22897.5,22815.131332483816,,,22933.54292447951,22836.511195356234,-2.8790078948867066,1.3513528347866668,4.230360729673373
2026-04-07T10:10:00+05:30,22899.5,22923.55,22887,22920,22815.131332483816,,,22933.54292447951,22839.525963704138,0.39533953515722686,4.724535148619907,4.32919561346268
2026-04-07T10:15:00+05:30,22921.8,22952.2,22917.45,22943.2,22841.153215066646,,22788.631931061875,,22844.43518495824,3.8680140684889412,9.164213199073856,5.296199130584915
2026-04-07T10:20:00+05:30,22945.75,22966.6,22915.85,22926.45,22847.161804313313,,22794.426237955686,,22849.351586605604,4.724621194572497,11.201975623800536,6.477354429228039
2026-04-07T10:25:00+05:30,22928.8,22945.7,22922.8,22943.65,22847.161804313313,,22795.261114160116,,22852.37623367626,6.052464509628331,14.042935066263453,7.990470556635122
2026-04-07T10:30:00+05:30,22944.5,22947.9,22910.45,22913.7,22847.161804313313,,22795.261114160116,,22854.49014373313,4.5832641579312,13.719550754049123,9.136286596117923
2026-04-07T10:35:00+05:30,22915.9,22929.95,22887.6,22928.75,22847.161804313313,,22795.261114160116,,22856.206724393756,4.299297619507948,14.510408620502858,10.21111100099491
2026-04-07T10:40:00+05:30,22930.65,22965.25,22928.2,22958.85,22857.03843796822,,22813.752252222723,,22859.586894631568,5.723755540147733,17.365805426179577,11.642049886031844
2026-04-07T10:45:00+05:30,22960.3,22960.95,22924,22931.75,22857.03843796822,,22813.752252222723,,22862.224826902773,4.480932408998875,17.243215397280437,12.762282988281562
2026-04-07T10:50:00+05:30,22933.2,22933.5,22862.4,22879.2,22857.03843796822,,22813.752252222723,,22863.491371306412,-0.002912464906268397,12.758642407148727,12.761554872054996
2026-04-07T10:55:00+05:30,22881.1,22904.05,22834.65,22843.95,,22963.274253621996,22813.752252222723,,22863.3840520917,-5.179064198512011,6.287724623914983,11.466788822426993
2026-04-07T11:00:00+05:30,22845.1,22864.35,22827.75,22850.55,,22938.938040940895,22813.752252222723,,22862.694969021268,-7.835224666811952,1.6727579889120534,9.507982655724005
2026-04-07T11:05:00+05:30,22853.85,22886.7,22844.8,22864.95,,22938.938040940895,22813.752252222723,,22862.818889957358,-8.257027269816227,-0.8133014315462788,7.443725838269948
2026-04-07T11:10:00+05:30,22867.6,22878.95,22848.4,22862.5,,22938.938040940895,22813.752252222723,,22862.83791704621,-8.312774260067425,-2.9472419868143334,5.365532273253091
2026-04-07T11:15:00+05:30,22866.05,22903.15,22852.15,22893.7,,22938.938040940895,22813.752252222723,,22863.556254767762,-5.9697514530745455,-2.09665704309009,3.873094409984455
2026-04-07T11:20:00+05:30,22895,22928.2,22887.5,22927.5,,22938.938040940895,22813.752252222723,,22865.272601484547,-2.066519139218242,1.2899454859616526,3.3564646251798944
2026-04-07T11:25:00+05:30,22928.8,22947,22920.95,22943.6,22844.993692785712,,22813.752252222723,,22867.317377411284,1.4851457451382104,5.212896806602657,3.727751061464447
2026-04-07T11:30:00+05:30,22943.5,22946.4,22933.1,22943.95,22853.88775814643,,22818.612568581342,,22869.354445130895,3.6217576808976553,8.254948162586516,4.63319048168886
2026-04-07T11:35:00+05:30,22944.5,22960.25,22927.6,22944.25,22859.090870239106,,22825.106311723208,,22871.485335148624,4.747991512798771,10.568179872687324,5.820188359888553
2026-04-07T11:40:00+05:30,22945.05,22945.05,22911.75,22921.25,22859.090870239106,,22825.106311723208,,22872.81918083867,3.684127684967832,10.425347966098343,6.741220281130511
2026-04-07T11:45:00+05:30,22922.4,22928,22903.8,22917.1,22859.090870239106,,22825.106311723208,,22873.6243158927,2.4978886638110325,9.863581110894302,7.365692447083269
2026-04-07T11:50:00+05:30,22918.7,22943.1,22917.1,22942.95,22859.090870239106,,22825.106311723208,,22874.415531206338,3.2059685729313685,11.37315316324748,8.167184590316111
2026-04-07T11:55:00+05:30,22944.35,22991.7,22943.45,22984.7,22886.092962346444,,22854.8097486216,,22876.904012013645,6.07164597343251,15.756742057106749,9.685096083674239
2026-04-07T12:00:00+05:30,22986.2,22987.75,22943.2,22944.4,22886.092962346444,,22854.8097486216,,22879.15837055866,4.889362311695276,15.796798973293335,10.907436661598059
2026-04-07T12:05:00+05:30,22945.85,22950.3,22926,22949.05,22886.092962346444,,22854.8097486216,,22880.033951969363,4.0893324842463326,16.019102266905975,11.929769782659642
2026-04-07T12:10:00+05:30,22950.5,22950.5,22906.25,22942.55,22886.092962346444,,22854.8097486216,,22881.108614229022,2.8499434726974577,15.492199123531464,12.642255650834006
2026-04-07T12:15:00+05:30,22939.95,22947.25,22922.5,22929.95,22886.092962346444,,22854.8097486216,,22881.87402290008,1.0043601093895038,13.897705787570885,12.893345678181381
2026-04-07T12:20:00+05:30,22931.85,22932.65,22905.7,22912.75,22886.092962346444,,22854.8097486216,,22882.37634643349,-1.420275993487932,11.118000686321466,12.538276679809398
2026-04-07T12:25:00+05:30,22914.95,22929.3,22909.45,22924.75,22886.092962346444,,22854.8097486216,,22883.229334644442,-2.2140348246227166,9.770733149031003,11.98476797365372
2026-04-07T12:30:00+05:30,22926.2,22945.35,22920.3,22934.85,22886.092962346444,,22854.8097486216,,22884.036123701215,-2.0601885556546584,9.409532279085397,11.469720834740055
2026-04-07T12:35:00+05:30,22937.55,22946.3,22924.45,22946.3,22886.092962346444,,22854.8097486216,,22884.80397870406,-1.2296172111363113,9.932699320819665,11.162316531955977
2026-04-07T12:40:00+05:30,22947.2,22951.9,22933.1,22946.05,22886.092962346444,,22854.8097486216,,22885.436953443048,-0.7622917422572719,10.209451854134386,10.971743596391658
2026-04-07T12:45:00+05:30,22947.2,22948.85,22931.5,22942.8,22886.092962346444,,22854.8097486216,,22886.130121982627,-0.7368552986630643,10.050674473062827,10.787529771725891
2026-04-07T12:50:00+05:30,22944.8,22952.05,22925.25,22939.85,22886.092962346444,,22854.8097486216,,22887.329265916942,-0.9688950142826052,9.576411003872636,10.545306018155241
2026-04-07T12:55:00+05:30,22940.5,22944.6,22912.5,22915.9,22886.092962346444,,22854.8097486216,,22887.869666728708,-2.68811452548392,7.185162861300341,9.873277386784261
2026-04-07T13:00:00+05:30,22917.4,22942.2,22907.85,22937.7,22886.092962346444,,22854.8097486216,,22888.45194062549,-2.3235603170317596,6.968826990494563,9.292387307526322
2026-04-07T13:05:00+05:30,22939.7,22939.7,22911.35,22912.75,22886.092962346444,,22854.8097486216,,22888.987948213937,-3.6502275640169017,4.729602852505195,8.379830416522097
2026-04-07T13:10:00+05:30,22914.1,22956.05,22906.15,22938.85,22886.092962346444,,22854.8097486216,,22889.930661467304,-2.7011622206868537,5.00337764066353,7.7045398613503835
2026-04-07T13:15:00+05:30,22941.65,22970.7,22940.5,22967.3,22886.4241550138,,22860.507913076028,,22890.868394137797,-0.21933534650775055,7.430370678215695,7.649706024723446
2026-04-07T13:20:00+05:30,22969.3,22969.3,22948.55,22954.25,22891.13294726311,,22867.117121768424,,22891.79712712183,0.44516215610234244,8.206158719851373,7.760996563749031
2026-04-07T13:25:00+05:30,22954.75,22961.1,22933.75,22959.95,22891.13294726311,,22867.117121768424,,22892.448114487863,1.1313253409988544,9.175153239997599,8.043827898998744
2026-04-07T13:30:00+05:30,22961.9,23045.4,22961.8,23012.8,22931.274422404957,,22896.216118632423,,22895.683422731283,4.80152267753866,14.04573124592207,9.24420856838341
2026-04-07T13:35:00+05:30,23014.15,23033.1,23003.15,23030.2,22946.42070128471,,22912.494506769184,,22897.428835817787,7.876377177121984,19.08968003978589,11.213302862663905
2026-04-07T13:40:00+05:30,23031.1,23062.4,23016.55,23056.05,22966.770916220474,,22930.652556092264,,22899.97370967815,10.938200768827759,24.886053823698603,13.947853054870844
2026-04-07T13:45:00+05:30,23057.5,23063.55,23017.75,23020.75,22967.00112040945,,22930.652556092264,,22902.307822761308,9.903970473252777,26.327816146436817,16.42384567318404
2026-04-07T13:50:00+05:30,23022.2,23044.1,22995.05,23026.95,22967.00112040945,,22930.652556092264,,22904.55562111818,8.982488912317496,27.65195681358091,18.669467901263413
2026-04-07T13:55:00+05:30,23029,23032.7,22960.05,22977.7,22967.00112040945,,22930.652556092264,,22906.07776361487,4.62081929215498,24.445492016457138,19.824672724302157
2026-04-07T14:00:00+05:30,22979.9,23020.55,22974.1,23013.55,22967.00112040945,,22930.652556092264,,22907.474238181792,3.7519037818158303,24.514552451571944,20.762648669756114
2026-04-07T14:05:00+05:30,23016.4,23022.65,22993.9,23015.55,22967.00112040945,,22930.652556092264,,22908.862600202636,2.9489496006101064,24.448835670518747,21.49988606990864
2026-04-07T14:10:00+05:30,23016.15,23018.35,22986.05,23011.95,22967.00112040945,,22930.652556092264,,22910.36202183065,1.8653307175905525,23.83154946689683,21.96621874930628
2026-04-07T14:15:00+05:30,23014.55,23026.15,22994.8,22996.6,22967.00112040945,,22930.652556092264,,22911.842413095605,-0.09150728658819318,21.851834641071036,21.94334192765923
2026-04-07T14:20:00+05:30,22998.9,23011.8,22982.15,23004.8,22967.00112040945,,22930.652556092264,,22912.9959388578,-0.9899668906160137,20.70588331438921,21.695850205005225
2026-04-07T14:25:00+05:30,23005.95,23025.4,22999.05,23014.1,22967.00112040945,,22930.652556092264,,22914.136921714813,-1.1055009155574638,20.313974060558394,21.419474976115858
2026-04-07T14:30:00+05:30,23015,23049.95,23012.95,23034.2,22967.00112040945,,22930.652556092264,,22916.08649272801,-0.03250544138459688,21.37884317438511,21.411348615769707
2026-04-07T14:35:00+05:30,23036.05,23036.45,22989.45,23001.3,22967.00112040945,,22930.652556092264,,22917.56377498151,-1.6530729944645692,19.345007372688997,20.998080367153566
2026-04-07T14:40:00+05:30,23004.25,23041.15,23003.45,23028.6,22967.00112040945,,22930.652556092264,,22919.591236245335,-1.0313697914856945,19.70886812779645,20.740237919282144
2026-04-07T14:45:00+05:30,23031.4,23055.3,23020.7,23044.55,22967.00112040945,,22930.652556092264,,22921.4120646378,0.2411747882205013,21.04170640455777,20.80053161633727
2026-04-07T14:50:00+05:30,23046.4,23068.95,23045.2,23060.05,22982.97463791636,,22947.51984260877,,22924.008137947912,1.8256776094748446,23.082628628180828,21.256951018705983
2026-04-07T14:55:00+05:30,23064.6,23101.4,23064.2,23096.7,23008.269656020544,,22971.795358347892,,22929.666349173487,4.868230057912211,27.342238591096248,22.474008533184037
2026-04-07T15:00:00+05:30,23096.85,23130.25,23076.5,23118.55,23027.196173219512,,22987.3458225131,,22940.70968627119,7.709567033082642,32.11096732453734,24.4014002914547
2026-04-07T15:05:00+05:30,23117.95,23134.8,23102.15,23127,23042.840114558538,,23004.25374026179,,22951.695324385884,9.403110110565382,36.15528792966143,26.752177819096044
2026-04-07T15:10:00+05:30,23125,23130,23099.35,23109.25,23042.840114558538,,23004.25374026179,,22959.264537153118,8.595005500849734,37.49593469515821,28.90092919430848
2026-04-07T15:15:00+05:30,23109.4,23142.3,23106.1,23123.45,23049.40776588908,,23012.545279612048,,22967.533323505453,8.280663367587088,39.25175840379234,30.97109503620525
2026-04-07T15:20:00+05:30,23125.35,23145.15,23123.1,23135.35,23060.867377594626,,23027.020751650845,,22974.672746826807,8.126626389250141,41.12937802276792,33.00275163351778
2026-04-07T15:25:00+05:30,23137.05,23153.85,23124.15,23129.95,23066.435258714893,,23033.696176485762,,22979.541941097315,6.958572639894427,41.70096743338581,34.742394793491385
2026-04-08T09:15:00+05:30,23856.25,23938.85,23828.5,23900,23733.848495779148,,23546.231558837186,,23889.11666666667,54.68773154367799,103.10205922308887,48.41432767941088
2026-04-08T09:20:00+05:30,23899.95,23928.1,23859.8,23862.6,23744.78482099019,,23569.760902953465,,23887.402089693278,78.90845761163968,147.04989969396047,68.1414420823208
2026-04-08T09:25:00+05:30,23863.35,23893.65,23855.2,23877.75,23744.78482099019,,23571.119812658122,,23885.141044854645,90.29863282598339,181.01473311480004,90.71610028881665
2026-04-08T09:30:00+05:30,23877.85,23909.35,23875.9,23879.45,23751.00567594365,,23609.61533139231,,23885.598976793415,91.98561910015148,205.698124164006,113.71250506385452
2026-04-08T09:35:00+05:30,23879.95,23916.2,23879.9,23913.9,23759.83664214647,,23632.31629825308,,23887.852595247212,89.38277457784474,225.44097328616044,136.0581987083157
2026-04-08T09:40:00+05:30,23913.35,23921.35,23899.5,23921.05,23776.937310039142,,23664.70966842777,,23890.43127706957,82.28164898523343,238.9102599398575,156.62861095462407
2026-04-08T09:45:00+05:30,23920.15,23961.1,23920.15,23941.55,23809.716694537186,,23707.196201584993,,23894.97056731196,73.3977699916224,248.37582344415205,174.97805345252965
2026-04-08T09:50:00+05:30,23940.95,23961.25,23912.55,23921.2,23809.716694537186,,23712.2040814265,,23897.701848103196,61.087963389091016,251.3380076888934,190.2500442998024
2026-04-08T09:55:00+05:30,23922.05,23936.6,23891.85,23897.4,23809.716694537186,,23712.2040814265,,23898.295156267013,46.91674937007204,248.89598101239244,201.9792316423204
2026-04-08T10:00:00+05:30,23896.9,23923.9,23892.85,23900.35,23809.716694537186,,23712.2040814265,,23898.655792653935,33.92190944457727,244.381618448042,210.45970900346472
2026-04-08T10:05:00+05:30,23900.4,23935.1,23893.15,23901.85,23809.716694537186,,23718.478925359916,,23899.095151749993,22.17575848674258,238.17940711189294,216.00364862515036
2026-04-08T10:10:00+05:30,23902,23903.4,23878.6,23880.15,23809.716694537186,,23718.478925359916,,23898.657855719546,10.296901385656213,228.87477535722064,218.57787397156443
2026-04-08T10:15:00+05:30,23880.45,23905.05,23869.1,23904.6,23809.716694537186,,23718.478925359916,,23898.436471897654,1.879292427128405,220.92698950547492,219.04769707834652
2026-04-08T10:20:00+05:30,23905.25,23913,23877.4,23893.1,23809.716694537186,,23726.16111158738,,23898.2978199168,-6.226136581946719,211.2650263509131,217.49116293285982
2026-04-08T10:25:00+05:30,23892.75,23915.25,23880.05,23908.75,23809.716694537186,,23734.95500042864,,23898.410569196316,-11.964157067058807,202.53596659903633,214.50012366609513
2026-04-08T10:30:00+05:30,23909.85,23928.35,23908.05,23921.5,23810.12159087541,,23765.684500385774,,23899.068220643105,-16.07533772923165,194.40595150455556,210.4812892337872
2026-04-08T10:35:00+05:30,23922.05,23930.9,23904.05,23921.55,23812.11551133164,,23772.156050347196,,23899.66995784115,-19.725177207886333,185.8248177239293,205.54999493181563
2026-04-08T10:40:00+05:30,23921.65,23952.95,23906.65,23950.5,23825.07848576506,,23785.12294531248,,23900.572782464144,-21.0052382006522,179.29344718100037,200.29868538165258
2026-04-08T10:45:00+05:30,23950.95,23955.95,23925.15,23940.35,23837.98456147681,,23801.100650781234,,23901.94279068541,-23.18026050474853,171.32335975071692,194.50362025546545
2026-04-08T10:50:00+05:30,23940.1,23972.75,23935.15,23971.85,23852.752833402967,,23817.165585703107,,23903.46073280572,-23.091370756691163,165.6394068096015,188.73077756629266
2026-04-08T10:55:00+05:30,23970.2,23984.5,23965.1,23982.5,23876.72269173282,,23845.874027132795,,23905.393523305833,-22.866132926822047,160.1481114077651,183.01424433458715
2026-04-08T11:00:00+05:30,23982.15,23999.45,23981.3,23992,23895.386557146176,,23868.896624419518,,23907.557516744273,-22.588515871111667,154.77859949569756,177.36711536680923
2026-04-08T11:05:00+05:30,23992.35,24001.5,23985.7,23990,23901.780979288866,,23879.529461977563,,23909.106672072012,-22.97504101324739,148.64831410025,171.62335511349738
2026-04-08T11:10:00+05:30,23990.5,24004.65,23983.5,23991.75,23904.731930324426,,23885.06651577981,,23910.485232577452,-23.465894326608407,142.2909872052369,165.7568815318453
2026-04-08T11:15:00+05:30,23991.6,24014,23991.1,24001.05,23915.384083808203,,23897.572364201827,,23912.356878058883,-23.46110029307951,136.4305061654959,159.8916064585754
2026-04-08T11:20:00+05:30,24001.65,24013.5,23998.75,24002.1,23921.842379617792,,23907.220127781646,,23913.970898906828,-23.618918549199464,130.36795827207607,153.98687682127553
2026-04-08T11:25:00+05:30,24001.85,24004.15,23975.5,23981.9,23921.842379617792,,23907.220127781646,,23915.1554362325,-25.172679007518354,122.52102806187759,147.69370706939594
2026-04-08T11:30:00+05:30,23982.75,23982.75,23965.65,23968.3,23921.842379617792,,23907.220127781646,,23916.112321719633,-27.041368095020346,113.89199695062052,140.93336504564087
2026-04-08T11:35:00+05:30,23968.45,23981.1,23947.1,23963.75,23921.842379617792,,23907.220127781646,,23917.06300554667,-28.370305970941132,105.47048258196446,133.8407885529056
2026-04-08T11:40:00+05:30,23964.05,23988.3,23954.45,23980.55,23921.842379617792,,23907.220127781646,,23917.89502979387,-27.86410433620378,99.01065813265086,126.87476246885464
2026-04-08T11:45:00+05:30,23981.55,23998.6,23979.95,23986.5,23921.842379617792,,23907.220127781646,,23918.84992748695,-26.863122457204526,93.29585939734898,120.1589818545535
2026-04-08T11:50:00+05:30,23985.8,23987.4,23930.2,23948.7,23921.842379617792,,23907.220127781646,,23919.42228267681,-28.335291332823516,84.7398676885241,113.07515902134762
2026-04-08T11:55:00+05:30,23949.35,23951.45,23923.5,23931,23921.842379617792,,23907.220127781646,,23919.694515015974,-29.933092760120033,75.65879307119758,105.59188583131761
2026-04-08T12:00:00+05:30,23931.2,23957.45,23920.15,23951.4,23921.842379617792,,23907.220127781646,,23920.06605975017,-29.02620228114361,69.30913297988809,98.3353352610317
2026-04-08T12:05:00+05:30,23951.25,23971,23950.8,23971,23921.842379617792,,23907.220127781646,,23920.768917101414,-26.581857681393487,65.10801315928984,91.68987084068333
2026-04-08T12:10:00+05:30,23969.6,23971.2,23957.7,23963.3,23921.842379617792,,23907.220127781646,,23921.282366402535,-24.983639998791418,60.46032084219405,85.44396084098547
2026-04-08T12:15:00+05:30,23963.2,23967.35,23958.05,23963.55,23921.842379617792,,23907.220127781646,,23921.728060152203,-23.43524629093062,56.1499029773222,79.58514926825282
2026-04-08T12:20:00+05:30,23963.45,23973.95,23962.8,23971.55,23921.842379617792,,23907.220127781646,,23922.214165582856,-21.45125008060465,52.771086667497,74.22233674810165
2026-04-08T12:25:00+05:30,23971.05,23973.45,23949.25,23949.25,23921.842379617792,,23907.220127781646,,23922.580145925796,-21.183014496101293,47.74356862797504,68.92658312407633
2026-04-08T12:30:00+05:30,23950.1,23950.95,23902.25,23917.1,,23995.357103498227,23907.220127781646,,23922.590661866903,-22.584569398318806,40.69587137617782,63.280440774496626
2026-04-08T12:35:00+05:30,23916.55,23934,23910.6,23922.7,,23989.959248323317,23907.220127781646,,23922.588940661935,-22.49865319329659,35.157124282875884,57.655777476172474
2026-04-08T12:40:00+05:30,23923.45,23950.55,23916.25,23947.1,,23989.959248323317,23907.220127781646,,23922.762177237077,-20.23387172338643,32.36343782193944,52.59730954532587
2026-04-08T12:45:00+05:30,23946.35,23953.15,23932.35,23952.4,,23989.959248323317,23907.220127781646,,23922.98814918149,-17.894943596477525,30.228630049728963,48.12357364620649
2026-04-08T12:50:00+05:30,23952.55,23958.85,23944.4,23953.1,,23989.959248323317,23907.220127781646,,23923.289461591183,-15.884927316055624,28.267414501136955,44.15234181719258
2026-04-08T12:55:00+05:30,23953.4,23979.8,23953.25,23977.65,,23989.959248323317,23907.220127781646,,23923.7730792761,-12.628178739154656,28.367118393249257,40.99529713240391
2026-04-08T13:00:00+05:30,23978.8,23979.2,23957,23967.9,,23989.959248323317,23907.220127781646,,23924.228995647536,-10.920890349139668,27.344184195979324,38.26507454511899
2026-04-08T13:05:00+05:30,23967.75,23969.7,23948.8,23961.85,,23989.959248323317,23907.220127781646,,23924.684169407057,-10.013256190500229,25.74850430699371,35.76176049749394
2026-04-08T13:10:00+05:30,23962.35,23988.6,23961.8,23974.1,,23989.959248323317,23907.220127781646,,23925.332337842607,-8.463724010402089,25.18210548449133,33.64582949489342
2026-04-08T13:15:00+05:30,23974.3,23991.35,23965.2,23974.65,,23989.959248323317,23907.220127781646,,23926.014433782453,-7.320467751057016,24.49524480607215,31.815712557129167
2026-04-08T13:20:00+05:30,23973.9,23984.7,23969.7,23984,,23989.959248323317,23907.220127781646,,23926.474246288428,-5.913508481848414,24.42382695481865,30.337335436667065
2026-04-08T13:25:00+05:30,23983.2,24001.6,23983,23999.45,23933.913531790717,,23920.397566652955,,23927.114336890296,-4.012254573317719,25.322017220019916,29.334271793337635
2026-04-08T13:30:00+05:30,23999.15,24000.35,23981.25,23994.4,23933.913531790717,,23920.397566652955,,23927.61237297265,-3.199970600989957,25.33430854210019,28.534279143090146
2026-04-08T13:35:00+05:30,23994.15,24025.15,23994,24015.5,23951.95171244112,,23936.832028988894,,23928.55991120428,-1.4366878667684873,26.738419309629535,28.175107176398022
2026-04-08T13:40:00+05:30,24017.5,24017.5,23975.5,23976,23951.95171244112,,23936.832028988894,,23929.292698512567,-3.033847652198638,24.382797611149726,27.416645263348364
2026-04-08T13:45:00+05:30,23975.4,23990.05,23968.75,23976.8,23951.95171244112,,23936.832028988894,,23929.81239172409,-4.074775346890469,22.323176079735276,26.397951426625745
2026-04-08T13:50:00+05:30,23977.35,23985.5,23953.1,23963,23951.95171244112,,23936.832028988894,,23930.171571543902,-5.634951047789258,19.354262616889173,24.98921366467843
2026-04-08T13:55:00+05:30,23964.05,23988.4,23964.05,23985.7,23951.95171244112,,23936.832028988894,,23930.523987667097,-5.096606428546398,18.618455628995434,23.715062057541832
2026-04-08T14:00:00+05:30,23985.5,23986.35,23964.55,23968.4,23951.95171244112,,23936.832028988894,,23930.889918587673,-5.812261197960961,16.44973556009063,22.26199675805159
2026-04-08T14:05:00+05:30,23967.35,23971.65,23951.2,23965.2,23951.95171244112,,23936.832028988894,,23931.19212996526,-6.363306305808756,14.307863875790645,20.6711701815994
2026-04-08T14:10:00+05:30,23964.3,23979.95,23944,23948.25,,24017.954434645686,23936.832028988894,,23931.476238562198,-7.645280186952057,11.114569947909331,18.759850134861388
2026-04-08T14:15:00+05:30,23948.15,23966.6,23946.75,23963.55,,24013.09306476773,23936.832028988894,,23931.786306637638,-7.242638075394829,9.70655254061785,16.94919061601268
2026-04-08T14:20:00+05:30,23965.3,23985.4,23962.9,23976.9,,24013.09306476773,23936.832028988894,,23932.28731801135,-5.913155468103508,9.557746280883293,15.470901748986801
2026-04-08T14:25:00+05:30,23977.3,23988.8,23973.75,23978.95,,24013.09306476773,23936.832028988894,,23932.854625377204,-4.780103192832788,9.495772757945815,14.275875950778603
2026-04-08T14:30:00+05:30,23979.55,23988.85,23971.9,23979,,24013.09306476773,23936.832028988894,,23933.346315600174,-3.9463066222763405,9.342992672933178,13.289299295209519
2026-04-08T14:35:00+05:30,23977.55,23990.55,23973.85,23978.8,,24013.09306476773,23936.832028988894,,23933.907810374807,-3.350746708807323,9.100865909200365,12.451612618007688
2026-04-08T14:40:00+05:30,23979.2,24006.15,23977.8,23998.9,,24013.09306476773,23936.832028988894,,23934.615953279867,-1.6325935463376045,10.410870685085683,12.043464231423288
2026-04-08T14:45:00+05:30,23999,24017.6,23978.85,23984.3,,24013.09306476773,23936.832028988894,,23935.361905934384,-1.5116410350647147,10.153912937592395,11.66555397265711
2026-04-08T14:50:00+05:30,23982.8,23990.6,23972.55,23987.5,,24013.09306476773,23936.832028988894,,23935.953460543842,-1.2587237279083645,10.092149312771653,11.350873040680018
2026-04-08T14:55:00+05:30,23987.65,24005,23984.15,24002.2,,24013.09306476773,23936.832028988894,,23936.64609117448,-0.19957976654754006,11.101398332495592,11.300978099043132
2026-04-08T15:00:00+05:30,24002.65,24002.65,23955.75,23992.05,,24013.09306476773,23936.832028988894,,23937.64910933302,-0.27604469735221926,10.955922227352858,11.231966924705077
2026-04-08T15:05:00+05:30,23992.25,24011.5,23992.2,24000.1,,24013.09306476773,23936.832028988894,,23938.948714164708,0.10183177984387193,11.359256649509916,11.257424869666044
2026-04-08T15:10:00+05:30,23999,24008.1,23989.25,23994.85,,24013.09306476773,23936.832028988894,,23940.50085156898,-0.10433528382894153,11.127005764879868,11.23134104870881
2026-04-08T15:15:00+05:30,23994.25,23998.1,23985.3,23992.65,,24013.09306476773,23936.832028988894,,23941.837456119698,-0.4708802301038162,10.64274076107904,11.113620991182856
2026-04-08T15:20:00+05:30,23993,24004.55,23991.4,24003.8,,24013.09306476773,23936.832028988894,,23943.228255115577,-0.06569299112378602,11.031504752278124,11.09719774340191
2026-04-08T15:25:00+05:30,24004.2,24018.25,24000.35,24010.6,,24013.09306476773,23942.877015184156,,23944.675854348498,0.5245033360377498,11.752826913449098,11.228323577411349
2026-04-09T09:15:00+05:30,23922.6,23937.15,23815.15,23935.65,,23942.834449168484,,23994.56568633426,23895.983333333337,-4.018568757568712,6.205112630450458,10.22368138801917
2026-04-09T09:20:00+05:30,23932,23974.6,23926.55,23969.4,23882.419773289937,,,23994.56568633426,23916.75881288121,-4.594779515103548,4.480206994139735,9.074986509243283
2026-04-09T09:25:00+05:30,23968.45,23990.75,23961.2,23984.2,23908.27253462544,,,23994.56568633426,23930.11637744959,-3.8533048154170118,4.258355489972018,8.11166030538903
2026-04-09T09:30:00+05:30,23983.6,23986.1,23890.95,23890.95,,24012.357342105828,,23994.56568633426,23928.819693426733,-9.21151584232012,-3.402734497511119,5.808781344809001
2026-04-09T09:35:00+05:30,23891.8,23929.35,23882,23891.1,,23980.550725000536,,23994.56568633426,23925.732897878494,-12.130440727570244,-9.354269564653805,2.776171162916439
2026-04-09T09:40:00+05:30,23891.3,23899.3,23856.65,23861.15,,23953.371938750508,,23994.56568633426,23920.99787621383,-15.260717403038175,-16.29972559088128,-1.0390081878431054
2026-04-09T09:45:00+05:30,23863.9,23883.05,23816.95,23817.3,,23928.237091812985,,23990.92004561116,23913.830708040703,-19.211654275364733,-25.053576032049023,-5.84192175668429
2026-04-09T09:50:00+05:30,23815.95,23826,23794.95,23805.05,,23887.905237222334,,23946.618041050046,23906.32946739888,-21.409424997938935,-32.603703004107956,-11.194278006169023
2026-04-09T09:55:00+05:30,23805.95,23806.6,23771.05,23786.3,,23865.938725361215,,23922.01873694504,23897.854136693906,-22.759152773959812,-39.64321897361879,-16.884066199658974
2026-04-09T10:00:00+05:30,23785.35,23826.5,23759.45,23817.4,,23865.938725361215,,23922.01873694504,23890.919935620565,-20.273405445884578,-42.2258230070147,-21.95241756113012
2026-04-09T10:05:00+05:30,23815.3,23831.35,23807.4,23824.05,,23865.938725361215,,23922.01873694504,23887.15423086476,-17.028098298943497,-43.23754043480949,-26.20944213586599
2026-04-09T10:10:00+05:30,23824,23853.15,23824,23839,,23865.938725361215,,23922.01873694504,23885.02510426731,-12.908341045774506,-42.344868443084124,-29.436527397309618
2026-04-09T10:15:00+05:30,23839.05,23870.7,23820.85,23870.7,23767.300951857505,,,23922.01873694504,23883.55670984116,-7.358093300443784,-38.63414402286435,-31.276050722420564
2026-04-09T10:20:00+05:30,23869.95,23871.35,23843.5,23864.8,23780.08965426463,,,23922.01873694504,23882.656907746856,-3.584968562516316,-35.75726142556596,-32.17229286304964
2026-04-09T10:25:00+05:30,23863.5,23867.55,23820.2,23848.2,23780.08965426463,,,23922.01873694504,23881.268154115307,-1.798181664921941,-34.42001994420207,-32.62183827928013
2026-04-09T10:30:00+05:30,23848.45,23863.6,23841.8,23858.45,23780.08965426463,,,23922.01873694504,23880.441979182193,0.3675435276707262,-32.16240886969172,-32.52995239736244
2026-04-09T10:35:00+05:30,23858.05,23872.2,23832.25,23837.6,23780.08965426463,,,23922.01873694504,23879.376725507456,0.6716819582476248,-31.69034994955291,-32.362031907800535
2026-04-09T10:40:00+05:30,23836.8,23839.5,23803.65,23807.9,23780.08965426463,,,23922.01873694504,23877.392934506774,-0.773246791609111,-33.32859039731193,-32.55534360570282
2026-04-09T10:45:00+05:30,23807.95,23829.25,23807.95,23824.35,23780.08965426463,,,23922.01873694504,23876.202474622078,-0.291763841365686,-32.92004840740992,-32.628284566044236
2026-04-09T10:50:00+05:30,23823.75,23830.4,23811.25,23825.4,23780.08965426463,,,23922.01873694504,23874.305658683163,0.3897894758598994,-32.141047721219365,-32.530837197079265
2026-04-09T10:55:00+05:30,23825.95,23843.55,23820.85,23828.75,23780.08965426463,,,23922.01873694504,23873.11959732948,1.3069070897186421,-30.897203334930964,-32.204110424649606
2026-04-09T11:00:00+05:30,23828.95,23864.1,23828.55,23849.3,23780.08965426463,,,23922.01873694504,23871.962430296444,3.418280132330647,-27.931260259236296,-31.349540391566943
2026-04-09T11:05:00+05:30,23848.7,23866.4,23828.15,23860.65,23780.08965426463,,,23922.01873694504,23871.332171127822,5.572594218349863,-24.383797618629615,-29.956391836979478
2026-04-09T11:10:00+05:30,23860.35,23869.5,23852,23855.75,23790.840641858107,,,23922.01873694504,23870.966629506485,6.591152107765801,-21.71745170227223,-28.30860381003803
2026-04-09T11:15:00+05:30,23855.6,23863.2,23824.15,23829.95,23790.840641858107,,,23922.01873694504,23870.219716438536,5.495633786058743,-21.4390615774646,-26.934695363523343
2026-04-09T11:20:00+05:30,23830.3,23850.5,23814.2,23839.5,23790.840641858107,,,23922.01873694504,23869.18943794276,5.375911087267909,-20.214806504438457,-25.590717591706365
2026-04-09T11:25:00+05:30,23838.3,23863.85,23838.3,23855.25,23790.840641858107,,,23922.01873694504,23868.83903020676,6.257490969188062,-17.768853880221286,-24.026344849409348
2026-04-09T11:30:00+05:30,23855,23875.5,23844.4,23855.3,23790.847016484942,,,23922.01873694504,23868.536125723975,6.704254626472238,-15.646026566319051,-22.35028119279129
2026-04-09T11:35:00+05:30,23852.9,23862.1,23847.7,23856.25,23790.847016484942,,,23922.01873694504,23868.31532980865,6.897219353801681,-13.72875700053919,-20.62597635434087
2026-04-09T11:40:00+05:30,23856.15,23871.3,23845.95,23864.8,23792.35655737766,,,23922.01873694504,23868.181890136748,7.390286385814118,-11.388118372073222,-18.77840475788734
2026-04-09T11:45:00+05:30,23866.35,23887.6,23849.4,23887.25,23801.724979508777,,,23922.01873694504,23868.321138740626,8.915825909374174,-7.633622371169622,-16.549448280543796
2026-04-09T11:50:00+05:30,23886.95,23898,23870.5,23883.65,23818.063730533337,,,23922.01873694504,23868.635894625608,9.325756772473275,-4.892252314952202,-14.218009087425477
2026-04-09T11:55:00+05:30,23884.6,23905.4,23871.8,23886.35,23822.36304400667,,,23922.01873694504,23868.98270792505,9.395752482867936,-2.4733184838405577,-11.869070966708493
2026-04-09T12:00:00+05:30,23887.15,23902.75,23868.9,23876.55,23822.36304400667,,,23922.01873694504,23869.224591446222,8.429878516188559,-1.3317228214727947,-9.761601337661354
2026-04-09T12:05:00+05:30,23875.75,23902.7,23860.25,23901,23822.36304400667,,,23922.01873694504,23869.562283503725,9.031915800838334,1.5282934133865638,-7.50362238745177
2026-04-09T12:10:00+05:30,23899.85,23907.3,23877.1,23881.25,23825.302377355216,,,23922.01873694504,23869.949805792407,7.743803389236223,2.176131849093508,-5.567671540142714
2026-04-09T12:15:00+05:30,23881.05,23884.05,23873.65,23875.35,23825.302377355216,,,23922.01873694504,23870.06737186939,6.2047316969695565,2.1882430810692313,-4.016488615900325
2026-04-09T12:20:00+05:30,23875.3,23883.85,23867.05,23869.5,23825.302377355216,,,23922.01873694504,23870.119826608556,4.578093315341059,1.706128028275998,-2.8719652870650605
2026-04-09T12:25:00+05:30,23868.55,23886.9,23854.85,23872.55,23825.302377355216,,,23922.01873694504,23870.14034922775,3.539383708380826,1.5522643484109722,-1.9871193599698538
2026-04-09T12:30:00+05:30,23871.75,23885.35,23862.55,23864.55,23825.302377355216,,,23922.01873694504,23870.150631244138,2.210375184695045,0.7758496208989527,-1.4345255637960923
2026-04-09T12:35:00+05:30,23864.65,23871.45,23845.1,23855.35,23825.302377355216,,,23922.01873694504,23869.975890616613,0.6874626581875241,-0.5751972410616872,-1.2626598992492113
2026-04-09T12:40:00+05:30,23854.25,23867.55,23848.45,23852.3,23825.302377355216,,,23922.01873694504,23869.815636252937,-0.486239783594661,-1.8704596287425375,-1.3842198451478764
2026-04-09T12:45:00+05:30,23853.3,23855.25,23805.25,23807.15,,23892.789447485357,,23919.232114769737,23868.77307027113,-4.065152096042304,-6.465659965200757,-2.4005078691584525
2026-04-09T12:50:00+05:30,23807.1,23839.4,23801.6,23831.3,,23883.69247511109,,23911.923903292765,23867.841153263413,-4.532161454987722,-8.065709687893104,-3.5335482329053827
2026-04-09T12:55:00+05:30,23830.6,23843.6,23828.4,23830.7,,23883.69247511109,,23911.923903292765,23867.422292972402,-4.593366394734181,-9.275256226323108,-4.6818898315889275
2026-04-09T13:00:00+05:30,23830.25,23842.6,23824.35,23830.95,,23883.69247511109,,23911.923903292765,23867.01664676387,-4.332298296784397,-10.097262702569424,-5.764964405785027
2026-04-09T13:05:00+05:30,23831.15,23836.95,23816.85,23829.6,,23883.69247511109,,23908.199125500425,23866.588704137965,-3.97515540132052,-10.733908657435677,-6.758753256115157
2026-04-09T13:10:00+05:30,23829.15,23831.05,23804.7,23815.4,,23876.84043843095,,23898.94921295038,23865.853990196472,-4.387513501587443,-12.24314513309946,-7.855631631512018
2026-04-09T13:15:00+05:30,23815.85,23817.3,23800.95,23803.2,,23866.777166509404,,23886.996791655343,23865.13295928117,-5.122928066854065,-14.259291715079598,-9.136363648225533
2026-04-09T13:20:00+05:30,23803.05,23804.35,23767.8,23787.2,,23844.49955818393,,23867.124612489806,23863.462247676773,-6.253107452196179,-16.952747963470756,-10.699640511274577
2026-04-09T13:25:00+05:30,23786.6,23790.35,23767.9,23769.3,,23836.873330274735,,23858.804651240825,23862.33813682629,-7.678473372474006,-20.297732226867083,-12.619258854393077
2026-04-09T13:30:00+05:30,23769.15,23792.5,23758.75,23788.7,,23833.860913761,,23857.461686116745,23860.984679232584,-6.816236802885808,-21.139554858000338,-14.32331805511453
2026-04-09T13:35:00+05:30,23789.05,23798.95,23767.65,23773.2,,23833.860913761,,23857.461686116745,23859.90496459092,-6.7770760614073176,-22.794663131873676,-16.01758707046636
2026-04-09T13:40:00+05:30,23773.35,23776.65,23755.6,23760.15,,23823.7614121693,,23847.178715754562,23858.8011429164,-7.084056570578632,-24.872657783689647,-17.788601213111015
2026-04-09T13:45:00+05:30,23759.85,23770.55,23740.15,23762.5,,23813.144591560835,,23837.418344179106,23856.923739629226,-6.5929612635621595,-26.029802792563714,-19.436841529001555
2026-04-09T13:50:00+05:30,23762.9,23785.45,23753.5,23770.5,,23813.144591560835,,23837.418344179106,23855.93220645584,-5.2517950308387995,-26.001585317550052,-20.749790286711253
2026-04-09T13:55:00+05:30,23770.35,23782.3,23764.55,23767.85,,23813.144591560835,,23837.418344179106,23854.751940528393,-4.115815177038513,-25.894559258009394,-21.77874408097088
2026-04-09T14:00:00+05:30,23769.55,23790.2,23754.95,23781.8,,23813.144591560835,,23837.418344179106,23854.05486198748,-2.0992381167734706,-24.40279172693772,-22.30355361016425
2026-04-09T14:05:00+05:30,23781.75,23800,23767.75,23785.55,,23813.144591560835,,23837.418344179106,23853.108110567886,-0.2825876718758238,-22.656788200009032,-22.37420052813321
2026-04-09T14:10:00+05:30,23785.35,23786.95,23751.8,23753.2,,23813.144591560835,,23837.418344179106,23851.84220790914,-0.9896527638117689,-23.611266482897918,-22.62161371908615
2026-04-09T14:15:00+05:30,23753.45,23760.95,23746.2,23746.6,,23810.724373642417,,23835.80448704889,23850.652883156134,-1.5959078791141614,-24.61649856797885,-23.02059068886469
2026-04-09T14:20:00+05:30,23746.35,23758.7,23721.4,23731.7,,23798.0719049603,,23825.246538344003,23848.564622021066,-2.6332455719539993,-26.312147653807187,-23.678902081853188
2026-04-09T14:25:00+05:30,23731.65,23733.8,23709.85,23720.3,,23779.340809712277,,23805.686884509596,23846.418612550755,-3.657034994284249,-28.2501958247085,-24.59316083042425
2026-04-09T14:30:00+05:30,23720,23722.25,23682.8,23697.15,,23761.110019226668,,23789.835696058642,23843.132528820875,-5.360186317251113,-31.293393726988143,-25.93320740973703
2026-04-09T14:35:00+05:30,23697.2,23708.85,23690.4,23705.85,,23757.125768265334,,23783.739626452774,23840.992940894725,-5.355056969969457,-32.62702862219885,-27.271971652229393
2026-04-09T14:40:00+05:30,23707.25,23744.9,23702.7,23729.75,,23757.125768265334,,23783.739626452774,23839.27229578021,-3.2972455342506386,-31.39352857004269,-28.09628303579205
2026-04-09T14:45:00+05:30,23728.8,23748.35,23720.5,23737.95,,23757.125768265334,,23783.739626452774,23836.891941034504,-1.055148840795347,-29.415219086786237,-28.36007024599089
2026-04-09T14:50:00+05:30,23737.75,23751.45,23723.5,23748.4,,23757.125768265334,,23783.739626452774,23835.327669790277,1.3309145096828772,-26.696427108887292,-28.02734161857017
2026-04-09T14:55:00+05:30,23747.75,23752.15,23733.1,23741.05,,23757.125768265334,,23783.739626452774,23833.975451511335,2.5431441487308746,-24.848411432656576,-27.39155558138745
2026-04-09T15:00:00+05:30,23742.45,23806.8,23726.9,23741.6,,23757.125768265334,,23783.739626452774,23828.58504049848,3.4544536818197926,-23.07348847911271,-26.527942160932504
2026-04-09T15:05:00+05:30,23744.2,23800.6,23733.4,23787.75,23704.209758374676,,23666.8787832259,,23825.89461630965,7.031592042076575,-17.738452108336787,-24.770044150413362
2026-04-09T15:10:00+05:30,23789.1,23801.25,23778.65,23793.35,23724.77318193315,,23684.04931441298,,23824.664270735353,9.488268073310888,-12.909709058774752,-22.39797713208564
2026-04-09T15:15:00+05:30,23792.95,23794.35,23769.1,23771.25,23724.77318193315,,23684.04931441298,,23823.064095773712,9.324502036689303,-10.742349586224009,-20.066851622913312
2026-04-09T15:20:00+05:30,23772.85,23784.55,23765.45,23781.4,23724.77318193315,,23684.04931441298,,23821.378447086467,9.563745796407517,-8.112169377403916,-17.675915173811433
2026-04-09T15:25:00+05:30,23782.2,23791.15,23758.95,23766.05,23724.77318193315,,23684.04931441298,,23820.03617191377,8.393898597091834,-7.18354192744664,-15.577440524538474