time,open,high,low,close,Up Trend,Down Trend,VWAP,Histogram,MACD,Signal line
2026-03-25T11:10:00+05:30,23422,23430.6,23410.7,23430,23316.265173477528,,23277.980288017327,-0.006874879301236092,84.16171631703037,84.1685911963316
2026-03-25T11:15:00+05:30,23431.9,23431.9,23402.2,23406,23316.265173477528,,23281.05753858289,-1.537857478888526,82.24626934772095,83.78412682660948
2026-03-25T11:20:00+05:30,23408.9,23413.2,23381,23382.8,23316.265173477528,,23283.87725479485,-4.66124437388514,77.95757135925305,82.61881573313819
2026-03-25T11:25:00+05:30,23382.8,23390,23368.1,23381.9,23316.265173477528,,23285.883709459355,-7.185228507119007,73.63728009923943,80.82250860635844
2026-03-25T11:30:00+05:30,23382.6,23394.8,23369.8,23375.7,23316.265173477528,,23287.54075225501,-9.523064211736298,68.91867834168806,78.44174255342436
2026-03-25T11:35:00+05:30,23376.1,23380.6,23336.4,23351.9,23316.265173477528,,23288.97348225004,-12.723158370401904,62.53779459042198,75.26095296082389
2026-03-25T11:40:00+05:30,23349,23371.3,23341.9,23346.3,23316.265173477528,,23290.903522268887,-15.105465066599166,56.37912162757493,71.4845866941741
2026-03-25T11:45:00+05:30,23345,23394.2,23341.3,23375,23316.265173477528,,23293.489507066803,-14.626939691552224,53.200912079733826,67.82785177128605
2026-03-25T11:50:00+05:30,23375.1,23400.1,23375.1,23395.7,23316.265173477528,,23294.776829542596,-12.857588844923868,51.75586571513122,64.61345456005509
2026-03-25T11:55:00+05:30,23395.7,23405,23376.9,23390,23316.265173477528,,23296.032269114585,-12.027407174234966,49.579195592261385,61.60660276649635
2026-03-25T12:00:00+05:30,23392.3,23401.9,23382,23398.8,23316.265173477528,,23297.111513179134,-10.876629024077431,48.01081648639956,58.887445510476994
2026-03-25T12:05:00+05:30,23398.3,23413.5,23389.9,23397.2,23316.265173477528,,23298.65760443698,-10.224146569822231,46.1072622981992,56.331408868021434
2026-03-25T12:10:00+05:30,23400,23439.6,23395.4,23438.2,23320.126293185353,,23301.772735054394,-7.17625503579449,47.36109007327832,54.53734510907281
2026-03-25T12:15:00+05:30,23437.4,23440.7,23412,23435,23330.103663866816,,23304.02956829389,-5.591127611875791,47.54843559422807,53.13956320610386
2026-03-25T12:20:00+05:30,23434.8,23444,23423.6,23423.9,23341.058297480133,,23305.265704138106,-5.497343625946733,46.26788367367044,51.76522729961717
2026-03-25T12:25:00+05:30,23425,23433.6,23410,23420,23341.058297480133,,23307.147043926605,-5.87120438873005,44.426221813704615,50.297426202434664
2026-03-25T12:30:00+05:30,23424.3,23455,23404.7,23439.6,23341.058297480133,,23310.379707295255,-5.0054806591231085,44.040575378530775,49.046056037653884
2026-03-25T12:35:00+05:30,23440,23451.3,23420.9,23420.9,23341.058297480133,,23311.770177364157,-5.841000074163993,41.744805944948894,47.58580601911289
2026-03-25T12:40:00+05:30,23420.9,23444.8,23416.8,23440,23341.058297480133,,23313.04653392163,-5.273405912355365,40.99404862866868,46.267454541024044
2026-03-25T12:45:00+05:30,23440,23445,23403,23406.1,23341.058297480133,,23314.081465964675,-7.22643859083577,37.23440630247933,44.4608448933151
2026-03-25T12:50:00+05:30,23406.1,23410,23380.1,23380.1,23341.058297480133,,23314.92655028026,-10.136340080444015,31.790419792760076,41.92675987320409
2026-03-25T12:55:00+05:30,23384.4,23387.9,23360,23360,23341.058297480133,,23316.112565150022,-13.09381957282902,25.559485407167813,38.65330497999683
2026-03-25T13:00:00+05:30,23361,23394.4,23355,23385.1,23341.058297480133,,23316.818533674705,-13.011682205654857,22.38870222292826,35.400384428583116
2026-03-25T13:05:00+05:30,23385.9,23410.9,23373,23388.7,23341.058297480133,,23317.625101807997,-12.371101170920582,19.93650796493239,32.30760913585297
2026-03-25T13:10:00+05:30,23389.5,23400,23382,23382,23341.058297480133,,23318.14617256164,-12.043204475901781,17.253603540975746,29.296808016877527
2026-03-25T13:15:00+05:30,23382,23406.8,23375,23375,23341.058297480133,,23318.809295843093,-11.920177553944797,14.396586074446532,26.316763628391328
2026-03-25T13:20:00+05:30,23376.6,23392.7,23363.7,23384,23341.058297480133,,23319.373707055176,-10.883757194367924,12.712067135431425,23.59582432979935
2026-03-25T13:25:00+05:30,23389.7,23419,23385.9,23409.9,23341.058297480133,,23320.440794027636,-8.225845588591056,13.313517344060529,21.539362932651585
2026-03-25T13:30:00+05:30,23410.6,23431.5,23384,23417.9,23341.058297480133,,23321.67320548514,-5.814534617886078,14.271194660293986,20.085729278180064
2026-03-25T13:35:00+05:30,23419.4,23438.3,23412.2,23424.2,23341.058297480133,,23322.880098672227,-3.7794305813235596,15.361441051525617,19.140871632849176
2026-03-25T13:40:00+05:30,23427.1,23432.2,23414.6,23432.2,23341.058297480133,,23323.677524346487,-1.96970516390099,16.67874017797294,18.64844534187393
2026-03-25T13:45:00+05:30,23432.2,23448,23425.7,23445,23346.125664006788,,23324.908283515862,-0.08529735263405769,18.54182365108136,18.627121003715416
2026-03-25T13:50:00+05:30,23447.4,23460.5,23422,23424.6,23348.048097606108,,23326.87067343615,-0.37141586387271985,18.162851173874515,18.534267037747234
2026-03-25T13:55:00+05:30,23422.7,23435.6,23414.1,23425.6,23348.048097606108,,23327.50361483625,-0.6364348812469132,17.738723436188593,18.375158317435506
2026-03-25T14:00:00+05:30,23425.6,23459.9,23424.9,23446.1,23350.601459060952,,23328.750122873258,0.37155859846009065,18.83960656551062,18.46804796705053
2026-03-25T14:05:00+05:30,23444.8,23446.5,23398.1,23400.9,23350.601459060952,,23330.214688041862,-2.069056404874555,15.881727460957336,17.95078386583189
2026-03-25T14:10:00+05:30,23402.7,23418.2,23389,23392.9,23350.601459060952,,23330.98924363082,-4.164518431242307,12.745135826779006,16.909654258021313
2026-03-25T14:15:00+05:30,23394,23407.1,23377.1,23380.5,23350.601459060952,,23331.613743455106,-6.205103617259288,9.153274736447202,15.35837835370649
2026-03-25T14:20:00+05:30,23380.7,23385.1,23315.5,23325.7,,23455.292098491926,23331.971458719556,-10.79604847508563,1.8633177598494512,12.659366234935082
2026-03-25T14:25:00+05:30,23319.1,23342,23313,23330,,23432.4007324391,23331.89027694658,-12.948614140991415,-3.5264014413041878,9.422212699687227
2026-03-25T14:30:00+05:30,23332.2,23352.9,23295.6,23331.9,,23432.4007324391,23331.77239273197,-13.58365980179864,-7.557362052561075,6.026297749237566
2026-03-25T14:35:00+05:30,23331.9,23345,23315,23333.3,,23432.4007324391,23331.765352406772,-13.235212103285479,-10.517717379869282,2.7174947234161966
2026-03-25T14:40:00+05:30,23334.4,23366,23331.4,23354.4,,23432.4007324391,23332.01311406335,-11.00122232192373,-11.034033178988466,-0.032810857064736076
2026-03-25T14:45:00+05:30,23358.8,23367.9,23330,23347,,23432.4007324391,23332.188265887875,-9.496250135696046,-11.903123526684794,-2.406873390988748
2026-03-25T14:50:00+05:30,23341.5,23351.9,23306,23315.5,,23432.4007324391,23331.99417529179,-10.043467006584411,-14.961207149219263,-4.917740142634852
2026-03-25T14:55:00+05:30,23314.9,23325.1,23309,23322,,23422.85369324817,23331.824682040533,-9.400307890397508,-16.668125005631737,-7.267817115234228
2026-03-25T15:00:00+05:30,23317.9,23346,23292.6,23313,,23422.85369324817,23331.5374651747,-9.01250821656907,-18.533452385945566,-9.520944169376495
2026-03-25T15:05:00+05:30,23312,23322.3,23301.6,23319.1,,23418.278991531013,23331.36195513497,-7.820903940874583,-19.297074095469725,-11.476170154595142
2026-03-25T15:10:00+05:30,23318.2,23318.5,23299.5,23301.9,,23410.576092377916,23331.008967217746,-7.657082523040842,-21.047523308396194,-13.390440785355352
2026-03-25T15:15:00+05:30,23304.5,23309,23276.9,23276.9,,23393.998483140123,23330.070580797994,-8.62636901631762,-24.173402055752376,-15.547033039434757
2026-03-25T15:20:00+05:30,23277,23291.8,23271.1,23290,,23378.603634826108,23329.361365506094,-7.803939765304559,-25.301957746065455,-17.498017980760896
2026-03-25T15:25:00+05:30,23288.6,23315,23285,23315,,23378.603634826108,23328.88582591008,-5.124393940679052,-23.903510406609712,-18.77911646593066
2026-03-27T09:15:00+05:30,23168.5,23168.5,23052.6,23070.7,,23276.06444420915,23097.266666666666,-18.595726981655385,-42.02377519299989,-23.428048211344507
2026-03-27T09:20:00+05:30,23071,23114,23056.9,23085.9,,23251.542999788235,23092.829904196533,-24.8808612787383,-54.52912480976738,-29.64826353102908
2026-03-27T09:25:00+05:30,23085.4,23098.8,23070.9,23072.7,,23242.703699809408,23091.489550766593,-28.088061434096304,-64.75834032364946,-36.67027888955316
2026-03-27T09:30:00+05:30,23065.1,23075.3,23027.1,23028,,23207.728329828467,23082.740432098766,-31.144183403739234,-75.6005081442272,-44.45632474048797
2026-03-27T09:35:00+05:30,23027,23030.5,23005.1,23026.1,,23166.29549684562,23073.779280171704,-31.143025624603332,-83.38510677124214,-52.2420811466388
2026-03-27T09:40:00+05:30,23028.1,23066,23027,23058.3,,23166.29549684562,23070.83669132693,-26.978521229810788,-85.96523268390229,-58.9867114540915
2026-03-27T09:45:00+05:30,23056.1,23060.5,23033.2,23042.6,,23166.29549684562,23069.0271396026,-23.418198625433888,-88.25945973588387,-64.84126111044998
2026-03-27T09:50:00+05:30,23042.5,23044.9,23021,23022.1,,23165.43991720046,23067.087087055774,-20.67615343106482,-90.686452899281,-70.01029946821618
2026-03-27T09:55:00+05:30,23020,23021,22982.6,22996.1,,23132.890925480413,23061.37685783051,-18.894603219692655,-93.628553492832,-74.73395027313934
2026-03-27T10:00:00+05:30,22991.7,23044.6,22989.6,23033.2,,23132.890925480413,23058.967755763762,-13.73850525212032,-91.90708183828974,-78.16857658616942
2026-03-27T10:05:00+05:30,23031.9,23034.5,23006.9,23025,,23132.890925480413,23057.720085137462,-9.597224640779274,-90.16510738714351,-80.56788274636423
2026-03-27T10:10:00+05:30,23026.7,23027,22982.5,22987.3,,23132.890925480413,23055.467769122013,-8.1698517271777,-90.78019740533637,-82.61034567815867
2026-03-27T10:15:00+05:30,22986.9,22995,22976.1,22977.2,,23107.9790562077,23050.994408020262,-6.738340562100149,-91.03327138078384,-84.2949308186837
2026-03-27T10:20:00+05:30,22978.4,23019.8,22971,23016,,23107.9790562077,23049.39430479019,-2.243236000049933,-87.09897581874611,-84.85573981869618
2026-03-27T10:25:00+05:30,23016,23024.9,23001,23010.4,,23107.9790562077,23048.282631870192,1.108037257706286,-83.47069324656331,-84.5787305042696
2026-03-27T10:30:00+05:30,23010.6,23045.4,23010.6,23019.2,,23107.9790562077,23047.525452455742,4.483148849666094,-78.97479444218698,-83.45794329185307
2026-03-27T10:35:00+05:30,23019.8,23030,23004.4,23025,,23107.9790562077,23046.779336152355,7.49460192639269,-74.0896908838622,-81.5842928102549
2026-03-27T10:40:00+05:30,23025,23026.1,23001.2,23006.5,,23107.9790562077,23045.942600155588,8.552404599975247,-70.89378706028583,-79.44619166026108
2026-03-27T10:45:00+05:30,23004.3,23006.1,22982,22985.3,,23100.411130660075,23043.942296549343,8.138444932912336,-69.27313549412065,-77.41158042703299
2026-03-27T10:50:00+05:30,22986.7,22987.7,22951,22951,,23076.085017594065,23040.580956031667,5.969153035039042,-69.95013913323419,-75.91929216827323
2026-03-27T10:55:00+05:30,22952.1,22979.9,22950,22977,,23069.98151583466,23037.723108803486,6.647970988208414,-67.6093284330127,-74.25729942122112
2026-03-27T11:00:00+05:30,22973.2,23002,22970,22990,,23069.98151583466,23035.08871564765,8.231562559894996,-63.967846221352374,-72.19940878124737
2026-03-27T11:05:00+05:30,22982.1,23003,22980,23001.2,,23069.98151583466,23034.25420320896,10.165601029321351,-59.49240749459568,-69.65800852391703
2026-03-27T11:10:00+05:30,23002.6,23008.4,22985,22996.6,,23069.98151583466,23033.59890001573,11.18641878319795,-55.674985044919595,-66.86140382811755
2026-03-27T11:15:00+05:30,22994.6,23002,22963.9,22970.4,,23069.98151583466,23031.382472785095,10.17737688146444,-54.13968272628699,-64.31705960775143
2026-03-27T11:20:00+05:30,22974.6,22976,22957.6,22957.6,,23061.64191978521,23030.2807631932,8.780914310936929,-53.34091671908027,-62.1218310300172
2026-03-27T11:25:00+05:30,22959.7,22971.6,22927.9,22940.8,,23048.21772780669,23027.385685159476,6.939544711104709,-53.44740014113631,-60.38694485224102
2026-03-27T11:30:00+05:30,22934.9,22955.3,22928.6,22935.8,,23038.580955026016,23024.144958796973,5.653075448652871,-53.32060054142494,-58.97367599007781
2026-03-27T11:35:00+05:30,22952.4,22961.6,22936.1,22956.7,,23038.580955026016,23022.484238115987,6.4218388024258175,-50.94637748704554,-57.368216289471356
2026-03-27T11:40:00+05:30,22958.1,22964,22934,22956.8,,23038.580955026016,23021.07926297494,7.096438221207272,-48.497668512962264,-55.594106734169536
2026-03-27T11:45:00+05:30,22958.5,22962.9,22950,22958.1,,23038.580955026016,23020.038363006413,7.737060871949822,-45.92278064423226,-53.659841516182084
2026-03-27T11:50:00+05:30,22955.8,22970.3,22951,22967.9,,23038.580955026016,23018.846973101314,8.847620860469434,-42.600315440595296,-51.44793630106473
2026-03-27T11:55:00+05:30,22965,22965,22939,22947,,23037.714526633314,23017.763651736554,8.215143281570377,-41.17900719910176,-49.39415048067214
2026-03-27T12:00:00+05:30,22946.4,22953,22916.9,22948.3,,23022.923073969985,23016.12901943026,7.921347206921574,-39.49246647202017,-47.41381367894174
2026-03-27T12:05:00+05:30,22945,22958.9,22939.5,22944.8,,23022.923073969985,23015.332141192055,7.530852274565561,-38.000248335734796,-45.531100610300356
2026-03-27T12:10:00+05:30,22945,22950.2,22929.1,22939.6,,23022.476189915687,23014.026289673002,6.974564397023769,-36.81289511402065,-43.78745951104442
2026-03-27T12:15:00+05:30,22939.6,22944,22904.4,22917.6,,23010.62357092412,23012.387533414345,5.255489047936962,-37.21809820112321,-42.473587249060174
2026-03-27T12:20:00+05:30,22919.2,22938,22911,22936.9,,23010.381213831704,23011.250941771326,5.521409002112421,-35.57182599641965,-41.09323499853207
2026-03-27T12:25:00+05:30,22939.4,22976,22933.5,22974.8,,23010.381213831704,23009.514391417426,8.191969732242931,-30.853272833228402,-39.045242565471334
2026-03-27T12:30:00+05:30,22970,22973.2,22939.1,22964.6,,23010.381213831704,23008.708180078087,9.141416723023681,-27.61847166169173,-36.75988838471541
2026-03-27T12:35:00+05:30,22964.9,22971.8,22951.9,22961,,23010.381213831704,23008.10367341333,9.362692828722729,-25.056522348811995,-34.419215177534724
2026-03-27T12:40:00+05:30,22961,22967.5,22945.9,22966.8,,23010.381213831704,23007.599788727177,9.694512440610275,-22.30107462677188,-31.995587067382154
2026-03-27T12:45:00+05:30,22968.4,22969.8,22950,22959.3,,23010.381213831704,23006.809947141384,9.207353364610817,-20.486395361618634,-29.69374872622945
2026-03-27T12:50:00+05:30,22960,22977.5,22942.4,22960,,23010.381213831704,23005.95110896396,8.734731419582438,-18.775334451751405,-27.510065871333843
2026-03-27T12:55:00+05:30,22960,22966.6,22945.3,22946.7,,23010.381213831704,23005.29383072386,7.382641176736257,-18.281764400413522,-25.66440557714978
2026-03-27T13:00:00+05:30,22947.7,22960.2,22927.5,22928.4,,23010.381213831704,23004.292361634893,5.2142811960216235,-19.146554082122748,-24.36083527814437
2026-03-27T13:05:00+05:30,22928.4,22940,22925.7,22927.1,,23010.381213831704,23003.11061041976,3.720984053931552,-19.709605210729933,-23.430589264661485
2026-03-27T13:10:00+05:30,22933.1,22950,22917.5,22950,,23010.381213831704,23001.589764537173,4.264990913747766,-18.099350622476777,-22.364341536224543
2026-03-27T13:15:00+05:30,22950,23011.1,22940.6,22978.6,,23010.381213831704,23000.55446353872,6.4114626210449615,-14.350013259918342,-20.761475880963303
2026-03-27T13:20:00+05:30,22977.4,22977.4,22950,22957.1,,23010.381213831704,22999.41611744781,6.237928678588741,-12.964065032727376,-19.201993711316117
2026-03-27T13:25:00+05:30,22957.3,22977.1,22941,22941.1,,23010.381213831704,22998.265067343473,4.956136726595069,-13.006822803072282,-17.96295952966735
2026-03-27T13:30:00+05:30,22940.6,22945.8,22913.3,22921,,23010.381213831704,22996.854820387773,2.773955317155167,-14.495515383223392,-17.26947070037856
2026-03-27T13:35:00+05:30,22921.8,22933.2,22901.3,22908,,23010.381213831704,22995.086964858503,0.5886038024234352,-16.533715947349265,-17.1223197497727
2026-03-27T13:40:00+05:30,22905.2,22946.2,22905.2,22925.2,,23010.381213831704,22993.8093721334,0.44177696479727047,-16.570098543776112,-17.011875508573382
2026-03-27T13:45:00+05:30,22928.4,22935.2,22912.5,22914.8,,23010.381213831704,22993.01549686672,-0.18201961298895952,-17.239400024809584,-17.057380411820624
2026-03-27T13:50:00+05:30,22912,22937.4,22911.7,22919.8,,23010.381213831704,22991.43993831423,-0.08886425377324514,-17.16846072903718,-17.079596475263934
2026-03-27T13:55:00+05:30,22925,22935,22905,22917.2,,23010.381213831704,22990.359534498446,-0.036032373383438454,-17.12463694199323,-17.088604568609792
2026-03-27T14:00:00+05:30,22915.8,22928.9,22910.2,22914.1,,23009.17951930043,22989.44830858603,-0.043070709632196724,-17.14244295565004,-17.099372246017843
2026-03-27T14:05:00+05:30,22914.1,22924,22884,22901.2,,22996.666567370386,22987.3521541316,-0.7125805151337161,-17.990097889934987,-17.27751737480127
2026-03-27T14:10:00+05:30,22902.2,22909.5,22876.3,22906,,22986.259910633347,22986.084754577616,-0.6310210283322775,-18.066293660216616,-17.435272631884338
2026-03-27T14:15:00+05:30,22904.7,22910.5,22881.7,22884.6,,22986.259910633347,22984.91854401175,-1.7535659102683034,-19.62723001971972,-17.873664109451415
2026-03-27T14:20:00+05:30,22885,22901.5,22860.6,22876.9,,22976.71752761301,22982.618329879577,-2.6936756998064837,-21.24075873420952,-18.547083034403038
2026-03-27T14:25:00+05:30,22878.2,22886.5,22862.2,22875.7,,22967.740774851707,22981.197151046286,-3.0492023525460397,-22.35858597508559,-19.30938362253955
2026-03-27T14:30:00+05:30,22873.7,22879.5,22843.8,22850,,22956.41169736654,22979.00564137727,-4.576269340362565,-25.029720297992753,-20.45345095763019
2026-03-27T14:35:00+05:30,22850,22865,22820.3,22826,,22941.34552762989,22974.90047340028,-6.638663466838949,-28.751780291178875,-22.113116824339926
2026-03-27T14:40:00+05:30,22826.1,22859.9,22818,22842.3,,22940.345974866897,22971.718947094683,-6.341493456002468,-30.03998364434301,-23.698490188340543
2026-03-27T14:45:00+05:30,22845.6,22854,22836.3,22846.7,,22940.345974866897,22970.491162042683,-5.325949152364139,-30.355926628795714,-25.029977476431576
2026-03-27T14:50:00+05:30,22845,22863,22842,22852.3,,22940.345974866897,22969.005197239836,-3.8246581576969056,-29.810800173552707,-25.9861420158558
2026-03-27T14:55:00+05:30,22853,22864,22836,22836,,22940.345974866897,22967.158396628824,-3.4865003702900736,-30.344267478718393,-26.85776710842832
2026-03-27T15:00:00+05:30,22835,22845,22807.8,22836.9,,22920.619889110174,22963.236082643918,-2.7894884763018233,-30.3446277038056,-27.555139227503776
2026-03-27T15:05:00+05:30,22837.2,22840,22816.2,22823.2,,22920.037900199153,22960.990047044193,-2.8294723789535148,-31.09197970119567,-28.262507322242154
2026-03-27T15:10:00+05:30,22823.8,22835.3,22814.3,22818.1,,22913.844110179238,22956.818795185656,-2.7740140979836063,-31.730024944721663,-28.956010846738057
2026-03-27T15:15:00+05:30,22821.3,22821.8,22805,22816.5,,22898.579699161317,22951.713851919136,-2.431957357455051,-31.99595754355687,-29.56400018610182
2026-03-27T15:20:00+05:30,22820,22822.4,22806.5,22810.9,,22895.881729245186,22946.046965048507,-2.177925166887306,-32.28640664471095,-30.108481477823645
2026-03-27T15:25:00+05:30,22811,22815,22794.9,22801.7,,22884.268556320665,22940.238610130564,-2.217161503855152,-32.879933357642585,-30.662771853787433
2026-03-30T09:15:00+05:30,22613,22622.8,22470.4,22510,,22717.376700688597,22534.399999999998,-20.461592707641877,-56.23976273833978,-35.7781700306979
2026-03-30T09:20:00+05:30,22511,22537.2,22487.3,22515,,22680.919030619738,22527.854709825362,-30.17894716608633,-73.50185398830581,-43.32290682221948
2026-03-30T09:25:00+05:30,22515,22581.3,22502.9,22569,,22680.919030619738,22532.175189625057,-30.84644588737391,-81.88096418143687,-51.034518294062956
2026-03-30T09:30:00+05:30,22569.2,22675,22560,22671,,22680.919030619738,22560.285231604783,-22.673125818466936,-79.37592556714662,-56.70279974867969
2026-03-30T09:35:00+05:30,22670,22709.9,22656,22675,,22680.919030619738,22581.258334769867,-15.589465164865132,-76.1896312047611,-60.60016603989597
2026-03-30T09:40:00+05:30,22672,22701.2,22643.7,22656,,22680.919030619738,22587.323234952546,-10.992393842489477,-74.34065834300782,-63.34826450051834
2026-03-30T09:45:00+05:30,22653.6,22686,22621,22625.5,,22680.919030619738,22590.58884107752,-8.903703859508454,-74.4778943249039,-65.57419046539545
2026-03-30T09:50:00+05:30,22625.5,22661.7,22611.1,22611.2,,22680.919030619738,22592.62510409975,-7.442571788967754,-74.87740520160514,-67.43483341263739
2026-03-30T09:55:00+05:30,22611.9,22626,22581,22607.1,,22680.919030619738,22593.676754314514,-5.78347252014477,-74.66417406281835,-68.88070154267358
2026-03-30T10:00:00+05:30,22603.9,22663,22592.7,22641.4,,22680.919030619738,22595.314991055086,-1.6234839775586067,-70.91005651462183,-69.28657253706322
2026-03-30T10:05:00+05:30,22640.1,22640.1,22581,22590,,22680.919030619738,22595.642829015753,-1.5795335026994337,-71.2609894154375,-69.68145591273807
2026-03-30T10:10:00+05:30,22587,22589.7,22545,22589.7,,22680.919030619738,22594.458108515733,-0.8530572068643067,-70.74777742131846,-69.89472021445415
2026-03-30T10:15:00+05:30,22589.1,22594,22542,22553.3,,22680.919030619738,22593.653699978877,-2.038743410921171,-72.44314947810562,-70.40440606718445
2026-03-30T10:20:00+05:30,22545.2,22556.4,22526.9,22531.1,,22680.919030619738,22592.38898552286,-3.4499228602533805,-74.71680964250118,-71.2668867822478
2026-03-30T10:25:00+05:30,22535.4,22555.1,22525,22525,,22680.919030619738,22591.226953684898,-3.8931332890896186,-76.13330339360982,-72.2401701045202
2026-03-30T10:30:00+05:30,22525,22533.9,22512,22523.8,,22672.8965913613,22589.11024494143,-3.3848258745302644,-76.47120244768303,-73.08637657315276
2026-03-30T10:35:00+05:30,22523.8,22549.9,22517,22537.5,,22672.8965913613,22587.16681699814,-1.348173930576806,-74.77159398637377,-73.42342005579697
2026-03-30T10:40:00+05:30,22537.5,22555.7,22503.1,22508.1,,22672.8965913613,22584.86628000032,-1.2078184543073291,-74.93319312368112,-73.72537466937379
2026-03-30T10:45:00+05:30,22508,22537.5,22503.9,22530.8,,22662.28776510239,22583.367856811652,1.0642706148694998,-72.39503640078692,-73.45930701565642
2026-03-30T10:50:00+05:30,22524.6,22533.9,22484,22492.2,,22651.348988592148,22580.738103352916,0.6389338580464567,-72.66063969309835,-73.2995735511448
2026-03-30T10:55:00+05:30,22491.4,22515,22477.1,22482.1,,22635.57908973293,22577.36674506081,0.36254686623713894,-72.84638996834838,-73.20893683458551
2026-03-30T11:00:00+05:30,22482,22508.1,22480,22503.8,,22628.05618075964,22575.823285651815,2.222582756077088,-70.43070838948915,-72.65329114556624
2026-03-30T11:05:00+05:30,22504.9,22505,22465.1,22465.1,,22617.625562683676,22572.49613181004,1.464528353565541,-70.82263070360932,-72.28715905717486
2026-03-30T11:10:00+05:30,22455.7,22476.8,22444.1,22466,,22589.578006415308,22568.414552623122,1.629085671870385,-70.25080196733688,-71.87988763920727
2026-03-30T11:15:00+05:30,22470.7,22483.3,22462.6,22481.6,,22589.578006415308,22566.92301312214,3.297698418624904,-67.75776461592613,-71.05546303455104
2026-03-30T11:20:00+05:30,22473,22484.1,22464.5,22477.1,,22589.578006415308,22565.65535738156,4.531301367609274,-65.39133632503945,-69.92263769264872
2026-03-30T11:25:00+05:30,22481.6,22485,22457.4,22460.1,,22583.93641667676,22563.929941467813,4.619532547748307,-64.14822200796334,-68.76775455571165
2026-03-30T11:30:00+05:30,22459.8,22505.1,22448.9,22497.8,,22583.93641667676,22561.60294226578,7.465539030171172,-59.435830767997686,-66.90136979816886
2026-03-30T11:35:00+05:30,22500,22534.5,22498,22511.2,,22583.93641667676,22560.35199966904,10.323088578126601,-53.99750907551061,-64.32059765363721
2026-03-30T11:40:00+05:30,22514.9,22518.9,22480.6,22480.6,,22583.93641667676,22559.607391952315,10.206570011755545,-51.56238513894277,-61.76895515069832
2026-03-30T11:45:00+05:30,22481.2,22485,22455,22460,,22583.93641667676,22557.306241699873,8.846985064929356,-50.71022381953662,-59.55720888446598
2026-03-30T11:50:00+05:30,22458.9,22473.4,22443.6,22467,,22570.50476268346,22555.748344771906,8.520745335395944,-48.90627721522105,-57.427022550617
2026-03-30T11:55:00+05:30,22474.3,22490.3,22461.5,22480,,22570.50476268346,22554.769263055314,9.222773875265524,-45.89855520653509,-55.12132908180062
2026-03-30T12:00:00+05:30,22480,22563.5,22475,22550,,22570.50476268346,22554.08956673079,14.149085819790464,-37.43497180706254,-51.584057626853
2026-03-30T12:05:00+05:30,22551,22603.3,22547,22557.4,,22570.50476268346,22554.58378160021,17.43761696827142,-29.78703641651373,-47.22465338478515
2026-03-30T12:10:00+05:30,22557.4,22580,22553.2,22568,,22570.50476268346,22554.904801588513,19.691701273915903,-22.610026792390272,-42.301728066306175
2026-03-30T12:15:00+05:30,22567,22580,22552,22556.1,,22570.50476268346,22555.03294023626,19.698472708712515,-17.678637180415535,-37.37710988912805
2026-03-30T12:20:00+05:30,22559.8,22600.5,22525.3,22525.3,,22570.50476268346,22554.952675630433,17.045266353898924,-16.0705269467544,-33.11579330065332
2026-03-30T12:25:00+05:30,22528.2,22538.2,22497,22517.7,,22570.50476268346,22554.33010112712,14.305643104868714,-15.233739419567428,-29.539382524436142
2026-03-30T12:30:00+05:30,22520.7,22521.9,22500,22508.6,,22570.50476268346,22553.679193299853,11.52713904835452,-15.130458713992994,-26.657597762347514
2026-03-30T12:35:00+05:30,22511.4,22575.9,22510,22571.1,22445.715128003758,,22553.65724397661,13.412991076603483,-9.891358916593163,-23.304349993196645
2026-03-30T12:40:00+05:30,22575.2,22587,22560,22564.1,22446.9540443323,,22553.919475681305,13.65761310049075,-6.232333617583208,-19.889946718073958
2026-03-30T12:45:00+05:30,22564.1,22566.2,22528.6,22529.9,22446.9540443323,,22553.76860759724,11.093751544091653,-6.022757287959394,-17.116508832051046
2026-03-30T12:50:00+05:30,22533,22537.9,22482.8,22498,22446.9540443323,,22552.83069586388,7.02548447128118,-8.334653242949571,-15.360137714230751
2026-03-30T12:55:00+05:30,22495,22505.1,22483.5,22503.8,22446.9540443323,,22552.0292917974,4.617463874116497,-9.58830787158513,-14.205771745701627
2026-03-30T13:00:00+05:30,22503.7,22509.6,22480.1,22489,22446.9540443323,,22551.50316587182,2.0511180135062794,-11.641874228818779,-13.692992242325058
2026-03-30T13:05:00+05:30,22489,22505,22482,22499.2,22446.9540443323,,22550.94794049159,1.1108357183307564,-12.304447594411613,-13.41528331274237
2026-03-30T13:10:00+05:30,22498.5,22507.2,22475.4,22498.8,22446.9540443323,,22550.40822174097,0.5600306597695255,-12.715244988030463,-13.275275647799988
2026-03-30T13:15:00+05:30,22496.3,22523.4,22485.7,22490,22446.9540443323,,22549.89111249223,-0.2551283002047722,-13.594186023055954,-13.339057722851182
2026-03-30T13:20:00+05:30,22490,22500.2,22483,22489.1,22446.9540443323,,22549.361211671738,-0.6885061513646171,-14.199690412056952,-13.511184260692335
2026-03-30T13:25:00+05:30,22486.4,22488.9,22452.1,22475.4,22446.9540443323,,22548.304161190874,-1.6751694688462155,-15.605146096750104,-13.929976627903889
2026-03-30T13:30:00+05:30,22477,22492.1,22463.3,22492.1,22446.9540443323,,22547.755631372744,-1.0130238460811665,-15.196256435505347,-14.18323258942418
2026-03-30T13:35:00+05:30,22494.5,22509.1,22476.1,22502.1,22446.9540443323,,22547.276228180235,0.2225830486825675,-13.905003778570972,-14.12758682725354
2026-03-30T13:40:00+05:30,22500.4,22507.9,22453.9,22462.7,22446.9540443323,,22546.216262163114,-1.4002481006054488,-15.87789695301035,-14.4776488524049
2026-03-30T13:45:00+05:30,22462.9,22475,22442.2,22449.5,22446.9540443323,,22545.145343660548,-3.0544071076284673,-18.295657736940484,-15.241250629312017
2026-03-30T13:50:00+05:30,22450.5,22458,22420,22422.9,,22548.35461244468,22542.82190696306,-5.489683143956906,-22.10335455925815,-16.613671415301244
2026-03-30T13:55:00+05:30,22422.1,22445.6,22421.6,22426.8,,22539.21915120021,22541.447115255938,-6.327936162798526,-24.5235916187994,-18.195655456000875
2026-03-30T14:00:00+05:30,22428,22497.2,22425.9,22465.8,,22539.21915120021,22539.93298609549,-3.8668408388426343,-23.029206504554168,-19.162365665711533
2026-03-30T14:05:00+05:30,22470,22484.1,22456.6,22460.1,,22539.21915120021,22538.924692412664,-2.310628836461241,-22.050651711288083,-19.740022874826842
2026-03-30T14:10:00+05:30,22460,22461.1,22421.4,22422,,22539.21915120021,22537.883184327682,-3.4655852914057803,-24.072004489084065,-20.606419197678285
2026-03-30T14:15:00+05:30,22421.9,22434.2,22411.6,22420,,22531.97153510246,22536.174238358042,-3.9475884517874036,-25.540904762412538,-21.593316310625134
2026-03-30T14:20:00+05:30,22420,22440.9,22388.9,22389.6,,22528.664381592214,22534.485514459553,-5.78595442209226,-28.82575933824046,-23.0398049161482
2026-03-30T14:25:00+05:30,22390.2,22402.6,22376.1,22387.8,,22499.68794343299,22531.563202366753,-6.539719596933288,-31.214454412314808,-24.67473481538152
2026-03-30T14:30:00+05:30,22381.7,22418.2,22367,22374.5,,22499.68794343299,22528.1418442253,-7.29316217947251,-33.79118753972216,-26.49802536024965
2026-03-30T14:35:00+05:30,22366.1,22378.3,22355.5,22366.5,,22476.937734180727,22524.80677875634,-7.6520496521335595,-36.0630874254166,-28.411037773283038
2026-03-30T14:40:00+05:30,22368,22391.8,22365,22378.9,,22476.937734180727,22523.101350491437,-6.425503240485082,-36.44291682388939,-30.01741358340431
2026-03-30T14:45:00+05:30,22375,22395.1,22346.7,22366.7,,22476.937734180727,22520.335263987778,-5.824804683065825,-37.29841943723659,-31.473614754170764
2026-03-30T14:50:00+05:30,22366.7,22385.1,22351.9,22356,,22476.937734180727,22517.5931908329,-5.538862643139851,-38.39719305809558,-32.85833041495573
2026-03-30T14:55:00+05:30,22352.8,22362,22333.9,22349.9,,22455.162117395972,22515.45486285151,-5.159008002838803,-39.30709041850423,-34.14808241566543
2026-03-30T15:00:00+05:30,22347,22348.2,22290,22300.8,,22433.560905656374,22511.534233543374,-7.4726044933011195,-43.488838032291824,-36.016233538990704
2026-03-30T15:05:00+05:30,22301.5,22307.9,22285.8,22298.4,,22406.494815090737,22506.755780278945,-8.355804943156372,-46.46098971793617,-38.1051847747798
2026-03-30T15:10:00+05:30,22297.1,22327.5,22297.1,22319.3,,22406.494815090737,22502.5876574849,-6.790165902514573,-46.592892152923014,-39.80272625040844
2026-03-30T15:15:00+05:30,22322,22334,22317.4,22322.8,,22406.494815090737,22499.435093445372,-4.866666285567689,-45.886059107368055,-41.019392821800366
2026-03-30T15:20:00+05:30,22327,22335,22324,22330,,22406.494815090737,22496.086501189882,-2.5724821476404856,-44.23499550635097,-41.662513358710484
2026-03-30T15:25:00+05:30,22330,22333,22328.6,22330,,22406.494815090737,22492.323929193142,-0.6198490290967271,-42.43732464508139,-41.81747561598466
2026-04-01T09:15:00+05:30,22860,22968.8,22845,22965,22636.74918113707,,22926.266666666666,41.541975558326875,10.10999383192393,-31.431981726402945
2026-04-01T09:20:00+05:30,22960.1,22980,22945.2,22965,22709.024263023362,,22935.078052113702,66.07705077338235,51.164331740325,-14.912719033057357
2026-04-01T09:25:00+05:30,22968,23000,22965,22998.1,22743.781836721028,,22943.80271708151,80.23961349129607,85.38679783106272,5.14718433976666
2026-04-01T09:30:00+05:30,23000,23013,22923.9,22925.3,22743.781836721028,,22945.40697338891,80.21728847652267,105.41879493542001,25.201506458897335
2026-04-01T09:35:00+05:30,22925.7,22929.9,22905,22907.4,22743.781836721028,,22943.233409911387,74.62607926886879,118.48410554498332,43.85802627611453
2026-04-01T09:40:00+05:30,22907.2,22960,22906.1,22935,22743.781836721028,,22942.710272678567,68.57111753577682,129.57192319583555,61.00080566005873
2026-04-01T09:45:00+05:30,22935,22980,22931.5,22979,22744.487143072667,,22943.540443445774,63.433218042757204,140.29232821350524,76.85911017074804
2026-04-01T09:50:00+05:30,22980,23020,22975,23005,22793.8634287654,,22947.750085183143,57.84615749290526,149.16680703687962,91.32064954397435
2026-04-01T09:55:00+05:30,23010,23012,22978,22980.1,22801.527085888858,,22949.66175246388,48.89029225821369,152.43351486674146,103.54322260852777
2026-04-01T10:00:00+05:30,22980.2,23035,22980.1,23025,22816.95437729997,,22952.50647576824,42.63544883504866,156.8375336523386,114.20208481728994
2026-04-01T10:05:00+05:30,23026.1,23031.7,22995.2,23005.7,22830.963939569978,,22953.909640318794,34.207173954486436,156.961052260398,122.75387830591156
2026-04-01T10:10:00+05:30,23001.6,23007.8,22960.9,22964,22830.963939569978,,22954.682385472854,23.350977700740742,151.9426004318375,128.59162273109675
2026-04-01T10:15:00+05:30,22966.2,22983.4,22956.6,22972.6,22830.963939569978,,22955.062903271115,14.69891400200325,146.9652652336008,132.26635123159755
2026-04-01T10:20:00+05:30,22974.2,22985,22925.8,22925.8,22830.963939569978,,22954.815907707256,4.312912989749776,137.65749246878477,133.344579479035
2026-04-01T10:25:00+05:30,22932.9,22932.9,22868.7,22887.4,22830.963939569978,,22950.979495685526,-6.089196628596966,125.73308369328879,131.82228032188576
2026-04-01T10:30:00+05:30,22888.7,22914.8,22869.1,22888,22830.963939569978,,22949.22238584603,-13.453339634580175,115.00560577866054,128.4589454132407
2026-04-01T10:35:00+05:30,22896.6,22915,22886.4,22912,22830.963939569978,,22948.626344471188,-17.003307262392354,107.20481133525027,124.20811859764262
2026-04-01T10:40:00+05:30,22913,22915,22885,22905.7,22830.963939569978,,22947.101070912417,-19.871449723941993,99.36880644271514,119.24025616665713
2026-04-01T10:45:00+05:30,22906.8,22925,22891.2,22900.1,22830.963939569978,,22946.24887353281,-22.071921195034818,91.65035467286361,113.72227586789843
2026-04-01T10:50:00+05:30,22896,22904.9,22883.3,22896,22830.963939569978,,22944.66111935851,-23.59252420480503,84.23162061189214,107.82414481669717
2026-04-01T10:55:00+05:30,22890,22893,22865.1,22870,22830.963939569978,,22941.67354728713,-25.95112101447438,75.3852435486042,101.33636456307858
2026-04-01T11:00:00+05:30,22870,22870,22852,22856,22830.963939569978,,22938.327731252877,-27.886354741149034,66.47842113664228,94.36477587779132
2026-04-01T11:05:00+05:30,22856,22885.6,22829,22865.1,22830.963939569978,,22935.44400624252,-27.917037862061804,59.46847855021406,87.38551641227586
2026-04-01T11:10:00+05:30,22865.1,22896.8,22865.1,22868.7,22830.963939569978,,22934.299914233787,-27.03974567533281,53.585834318109846,80.62557999344266
2026-04-01T11:15:00+05:30,22872.1,22878.1,22860,22871.4,22830.963939569978,,22933.098484022463,-25.635148109727183,48.581644856283674,74.21679296601086
2026-04-01T11:20:00+05:30,22871.4,22895,22864,22883.1,22830.963939569978,,22932.243638450615,-23.34089041126498,45.04067995192963,68.38157036319461
2026-04-01T11:25:00+05:30,22883.1,22909,22882.2,22894,22830.963939569978,,22931.481002276232,-20.607135277171025,42.62265126673083,63.22978654390185
2026-04-01T11:30:00+05:30,22894,22926.6,22888.8,22916,22830.963939569978,,22930.961975894526,-16.985875728280043,41.9974418835518,58.98331761183184
2026-04-01T11:35:00+05:30,22914.4,22922.5,22903,22920,22830.963939569978,,22930.87430417762,-14.108181717457803,41.34809046500959,55.456272182467394
2026-04-01T11:40:00+05:30,22920,22937.8,22908,22908.6,22830.963939569978,,22930.74930812768,-12.798030278719402,39.45873433406814,52.25676461278754
2026-04-01T11:45:00+05:30,22910.7,22914,22855.5,22861,22830.963939569978,,22929.601846726873,-14.820094589572768,33.73164637582158,48.55174096539435
2026-04-01T11:50:00+05:30,22861,22883.7,22853,22860.7,22830.963939569978,,22928.909783358402,-15.772373732103333,28.83627380026519,44.60864753236852
2026-04-01T11:55:00+05:30,22855,22889.4,22850,22884.9,22830.963939569978,,22928.107028361617,-14.404731016405535,26.6027337618616,41.007464778267135
2026-04-01T12:00:00+05:30,22884.2,22962.9,22881.2,22948.7,22830.963939569978,,22928.196768828417,-9.09468953245922,29.639102862693107,38.73379239515233
2026-04-01T12:05:00+05:30,22950,22959.9,22940.4,22952.3,22831.66199255101,,22928.48081149245,-5.413084751259582,31.96743645607785,37.38052120733743
2026-04-01T12:10:00+05:30,22954.3,22985,22935.4,22980,22838.68079329591,,22929.08350829114,-1.3948051403675805,35.63701478187795,37.03181992224553
2026-04-01T12:15:00+05:30,22978,22980,22952.1,22962.6,22848.312713966316,,22929.528158782465,-0.25114672091432055,36.71788652110263,36.96903324201695
2026-04-01T12:20:00+05:30,22955,22965.1,22948,22958,22848.312713966316,,22929.692243927173,-0.15175912669737102,36.77933433364524,36.93109346034261
2026-04-01T12:25:00+05:30,22958.4,22963,22941.5,22953.5,22848.312713966316,,22929.838043764634,-0.7053826606402396,36.04936513454231,36.75474779518255
2026-04-01T12:30:00+05:30,22960,22976.9,22949,22955,22858.789218481445,,22930.017200685583,-1.254765365643479,35.1862910881282,36.44105645377168
2026-04-01T12:35:00+05:30,22954.9,22963,22940,22963,22858.789218481445,,22930.23815539801,-1.3550157731250607,34.74728673736536,36.10230251049042
2026-04-01T12:40:00+05:30,22963,22974,22956,22960,22869.01976696997,,22930.480860393553,-1.8674094125911438,33.76804074475149,35.63545015734263
2026-04-01T12:45:00+05:30,22962.9,22999.9,22958,22993.2,22879.997790272973,,22931.150043036352,-0.2968102900706526,35.264437294754316,35.56124758482497
2026-04-01T12:50:00+05:30,22988,22999.9,22980,22992,22894.923011245675,,22931.720833935626,0.3023837954560804,35.93922732914507,35.63684353368899
2026-04-01T12:55:00+05:30,22992,22999,22976,22986.4,22895.07571012111,,22932.011352852045,-0.02017763567637587,35.61162148909352,35.6317991247699
2026-04-01T13:00:00+05:30,22987.1,22996.2,22980,22984,22900.058139108995,,22932.467524414373,-0.6993058509245742,34.75766681111418,35.45697266203875
2026-04-01T13:05:00+05:30,22984.6,22999,22984.6,22991,22908.062325198098,,22932.742234110312,-0.9648422959838072,34.250919792058994,35.2157620880428
2026-04-01T13:10:00+05:30,22991,22999,22965.2,22999,22908.062325198098,,22933.172312791798,-0.8912108382881598,34.1017485401826,34.99295937847076
2026-04-01T13:15:00+05:30,22999,23019,22955.6,22964.9,22908.062325198098,,22934.033566889597,-3.2935477895529957,30.87602464152951,34.16957243108251
2026-04-01T13:20:00+05:30,22960,22964.1,22916.2,22920,22908.062325198098,,22934.023113595216,-7.8035634070179825,24.41511817231003,32.21868157932801
2026-04-01T13:25:00+05:30,22920,22930,22900,22915,22908.062325198098,,22933.688086880968,-10.834098022992528,18.676059050587355,29.510157073579883
2026-04-01T13:30:00+05:30,22910.7,22917,22860,22880.2,,22995.498793593775,22932.550288231607,-14.655530258111874,11.190744250940043,25.846274509051916
2026-04-01T13:35:00+05:30,22877,22877,22852,22867.3,,22969.2589142344,22931.430107325603,-17.34134625071966,4.169591695652343,21.510937946372003
2026-04-01T13:40:00+05:30,22865,22865,22752,22770,,22937.37302281096,22922.819850636555,-24.521271460942813,-9.140651379806513,15.3806200811363
2026-04-01T13:45:00+05:30,22778.7,22820,22752,22815.6,,22922.385720529863,22920.80689842017,-24.966200622274776,-15.827130696707172,9.139069925567604
2026-04-01T13:50:00+05:30,22812.2,22824,22795.7,22812.3,,22922.385720529863,22919.22073554948,-24.230221556190752,-21.148707019670837,3.081514536519915
2026-04-01T13:55:00+05:30,22812,22836.8,22800,22806.4,,22922.385720529863,22918.41727966321,-22.903353679681036,-25.54767756308138,-2.644323883400344
2026-04-01T14:00:00+05:30,22814.3,22845.6,22790,22830.8,,22922.385720529863,22917.488198781448,-19.28980816126243,-26.756584084978385,-7.466775923715953
2026-04-01T14:05:00+05:30,22832,22848.9,22820,22848.9,,22922.385720529863,22916.863660584706,-14.79053133170268,-25.9549400883443,-11.164408756641622
2026-04-01T14:10:00+05:30,22847.7,22869.9,22834,22859,,22922.385720529863,22916.371319077723,-10.448785499713516,-24.225390631283517,-13.776605131570001
2026-04-01T14:15:00+05:30,22860,22871,22832.5,22858,,22922.385720529863,22916.006386775465,-7.11793970867895,-22.674029767418688,-15.556090058739738
2026-04-01T14:20:00+05:30,22858,22860,22818.9,22833.3,,22922.385720529863,22915.358898762028,-6.091570327326931,-23.170552967898402,-17.07898264057147
2026-04-01T14:25:00+05:30,22833.3,22848.4,22822.6,22845.2,,22922.385720529863,22915.191172245417,-4.213795676698801,-22.346227236444975,-18.132431559746173
2026-04-01T14:30:00+05:30,22845.4,22848.9,22815.9,22825.4,,22922.385720529863,22914.736130666475,-3.9142285981234224,-23.025217307400453,-19.11098870927703
2026-04-01T14:35:00+05:30,22826.5,22826.5,22780,22782.4,,22922.385720529863,22913.090744670197,-6.091203733843617,-26.72499337658155,-20.633789642737934
2026-04-01T14:40:00+05:30,22785,22798,22762,22785,,22899.013665668448,22911.300621307393,-6.782338361475301,-29.11171259458206,-22.32937423310676
2026-04-01T14:45:00+05:30,22785,22785,22732,22753.4,,22881.512299101603,22907.938040578134,-8.673052306439288,-33.17068961615587,-24.49763730971658
2026-04-01T14:50:00+05:30,22757.6,22782,22749,22772.5,,22881.512299101603,22906.896665759912,-7.961201782399041,-34.44913953771538,-26.48793775531634
2026-04-01T14:55:00+05:30,22777.1,22809.2,22772,22780,,22881.512299101603,22906.040907177197,-6.377570361026127,-34.459900706599,-28.082330345572874
2026-04-01T15:00:00+05:30,22783,22817.9,22776.5,22798,,22881.512299101603,22905.160603243152,-3.645918895356452,-32.63972896476844,-28.993810069411985
2026-04-01T15:05:00+05:30,22801.1,22805,22790,22800,,22881.512299101603,22904.589612004565,-1.3506812248616527,-30.682161600489053,-29.3314803756274
2026-04-01T15:10:00+05:30,22800,22809.5,22790.4,22799,,22881.512299101603,22903.86016468337,0.3623260664447159,-28.878572792571504,-29.24089885901622
2026-04-01T15:15:00+05:30,22799,22810,22785,22800,,22881.512299101603,22902.695432679368,1.7474134761711362,-27.0566320138023,-28.804045489973436
2026-04-01T15:20:00+05:30,22797.3,22800,22790.1,22800,,22881.512299101603,22900.721849412344,2.786558113624519,-25.320847847942787,-28.107405961567306
2026-04-01T15:25:00+05:30,22800,22828,22791.5,22828,,22881.512299101603,22899.323080199505,5.334942301732163,-21.4387280844021,-26.773670386134263
2026-04-02T09:15:00+05:30,22480,22480,22312.6,22338,,22638.92225907396,22376.86666666667,-24.37401117898657,-57.241184359867475,-32.867173180880904
2026-04-02T09:20:00+05:30,22335,22364.9,22325,22354.9,,22575.280033166564,22368.31850655789,-40.33911945786236,-83.29107250320885,-42.95195304534649
2026-04-02T09:25:00+05:30,22359,22370,22340.7,22347.2,,22571.437029849905,22366.065211168527,-48.33090798659014,-103.36558802858417,-55.03468004199403
2026-04-02T09:30:00+05:30,22349.8,22378,22342.5,22354.5,,22565.378326864917,22365.294657755647,-49.83881053141363,-117.33319320626106,-67.49438267484743
2026-04-02T09:35:00+05:30,22361.6,22389.8,22347,22359.7,,22565.378326864917,22365.315705184752,-47.22411657563808,-126.52452839439502,-79.30041181875694
2026-04-02T09:40:00+05:30,22355,22384.1,22347,22359,,22554.38994476058,22365.187932739864,-42.43141648138946,-132.33968242049377,-89.90826593910431
2026-04-02T09:45:00+05:30,22358.5,22375,22334,22335,,22536.75595028452,22364.26975292588,-37.915067378828766,-137.30210016264027,-99.3870327838115
2026-04-02T09:50:00+05:30,22335,22338.9,22306,22321.1,,22496.350355256072,22360.64358742689,-33.07770969437897,-140.7341699017852,-107.65646020740624
2026-04-02T09:55:00+05:30,22315.2,22324,22300,22300,,22475.710319730464,22357.04492291335,-28.676828721104968,-143.50249610878745,-114.82566738768249
2026-04-02T10:00:00+05:30,22305.3,22325.7,22280,22312.1,,22463.899287757416,22351.48155079158,-22.596117615038878,-143.07081440648108,-120.4746967914422
2026-04-02T10:05:00+05:30,22312,22312.1,22276.7,22287.1,,22449.964358981677,22348.62716281401,-18.097416654401854,-143.09646760944452,-124.99905095504266
2026-04-02T10:10:00+05:30,22288,22325,22283,22316,,22449.964358981677,22347.15968649615,-11.34509858933879,-139.18042419171616,-127.83532560237737
2026-04-02T10:15:00+05:30,22316,22323.4,22281,22300,,22449.964358981677,22345.502096062755,-6.373779984536725,-135.8025505830483,-129.42877059851156
2026-04-02T10:20:00+05:30,22299.9,22319,22282,22290,,22446.660417697643,22344.219434152536,-2.3819289569394186,-132.40618179468584,-130.02425283774642
2026-04-02T10:25:00+05:30,22290,22316.6,22282,22314,,22441.224375927875,22343.37387813048,2.9619808093301003,-126.3217768260838,-129.2837576354139
2026-04-02T10:30:00+05:30,22314.3,22324,22305,22305,,22441.224375927875,22342.654779252323,6.760464359531625,-120.83317718599938,-127.593641545531
2026-04-02T10:35:00+05:30,22305,22319,22300,22310,,22435.28874450158,22342.05430584829,10.269220740655328,-114.75711561971184,-125.02633636036717
2026-04-02T10:40:00+05:30,22315.4,22330,22310,22311.7,,22435.28874450158,22341.523724399445,13.178443015789526,-108.55328259063026,-121.73172560641979
2026-04-02T10:45:00+05:30,22320,22322.3,22281.6,22295,,22421.448883046276,22339.643145682847,14.355101337668017,-103.78784893433476,-118.14295027200278
2026-04-02T10:50:00+05:30,22291,22328.3,22291,22316.5,,22421.448883046276,22339.224435559736,16.789256343566223,-97.156379842545,-113.94563618611122
2026-04-02T10:55:00+05:30,22310,22336.4,22304,22328,,22421.448883046276,22338.950014453374,19.207540732091758,-89.93621027099653,-109.14375100308828
2026-04-02T11:00:00+05:30,22333,22338,22320,22321.1,,22421.448883046276,22338.781346490225,20.271084376578827,-83.80489553236475,-104.07597990894358
2026-04-02T11:05:00+05:30,22326,22335,22305.1,22321.6,,22421.448883046276,22338.599292261937,20.85579886366382,-78.0062313293638,-98.86203019302762
2026-04-02T11:10:00+05:30,22321.7,22321.7,22301,22307,,22414.997534449998,22338.18088401684,20.098559503792686,-73.73883081328677,-93.83739031707945
2026-04-02T11:15:00+05:30,22311.6,22311.9,22285.1,22297.9,,22399.822781005,22337.45962007795,18.845093677504252,-70.28102322019913,-89.12611689770338
2026-04-02T11:20:00+05:30,22294,22300,22285,22290,,22388.1905029045,22336.918145168547,17.379940881559676,-67.40119079575379,-84.78113167731347
2026-04-02T11:25:00+05:30,22287.1,22300,22277,22279.5,,22381.52145261405,22335.83379844961,15.653374197909088,-65.2144139299271,-80.86778812783619
2026-04-02T11:30:00+05:30,22278,22301.8,22278,22299.4,,22380.759307352648,22334.64490690783,15.757847606354233,-61.1704786198934,-76.92832622624763
2026-04-02T11:35:00+05:30,22298.8,22318,22298.8,22317,,22380.759307352648,22334.32908883538,16.82180885371686,-55.90106515910156,-72.72287401281842
2026-04-02T11:40:00+05:30,22317,22318,22300.6,22310,,22380.759307352648,22334.052544695067,16.82312904845672,-51.69396270224752,-68.51709175070424
2026-04-02T11:45:00+05:30,22310,22335.9,22310,22322.2,,22380.759307352648,22333.822839930584,17.34529304262422,-46.83547544742396,-64.18076849004818
2026-04-02T11:50:00+05:30,22322.4,22335,22322.4,22333.3,,22380.759307352648,22333.756229816358,18.056806278810463,-41.609760641535104,-59.666566920345566
2026-04-02T11:55:00+05:30,22333.3,22385,22330.7,22356.3,,22380.759307352648,22335.115716243115,19.56797633742884,-35.20659649855952,-54.77457283598836
2026-04-02T12:00:00+05:30,22365.8,22369,22338.1,22345,,22380.759307352648,22335.482393075203,19.267592523646186,-30.690082181430625,-49.95767470507681
2026-04-02T12:05:00+05:30,22353.4,22353.4,22320,22340,,22380.759307352648,22335.533508996403,18.205644995409898,-27.20061846081444,-45.40626345622434
2026-04-02T12:10:00+05:30,22344,22357.9,22337.8,22348,,22380.759307352648,22335.641180095736,17.510168411171705,-23.518552942259703,-41.02872135343141
2026-04-02T12:15:00+05:30,22349,22353,22335,22348,,22380.759307352648,22335.769273849677,16.530396220384354,-20.365726077950967,-36.89612229833532
2026-04-02T12:20:00+05:30,22337.9,22349,22312,22340,,22380.759307352648,22335.749304140136,14.87557690108445,-18.301651171979756,-33.17722807306421
2026-04-02T12:25:00+05:30,22340,22370,22334,22367,,22380.759307352648,22335.992524891637,15.084113267490778,-14.322086488700734,-29.406199756191512
2026-04-02T12:30:00+05:30,22370.1,22400,22360.2,22396,22288.969238791677,,22337.75704223001,16.54288863987629,-8.727588956346153,-25.27047759622244
2026-04-02T12:35:00+05:30,22399,22442.6,22389.9,22419.7,22318.42231491251,,22342.07083459634,18.332879976796885,-2.354377625226334,-20.68725760202322
2026-04-02T12:40:00+05:30,22429.3,22443.9,22412.7,22442.9,22330.895083421263,,22344.680948700487,20.16294358612939,4.516421880638518,-15.646521705490873
2026-04-02T12:45:00+05:30,22440,22447,22414.7,22428.4,22333.49557507913,,22346.621159368162,19.470307408139913,8.69136255468402,-10.778944853455894
2026-04-02T12:50:00+05:30,22426.4,22442,22392.8,22394,22333.49557507913,,22348.41366961363,15.918452730259034,9.119121059367899,-6.799331670891135
2026-04-02T12:55:00+05:30,22397,22449,22397,22439.6,22333.49557507913,,22349.72995073609,15.829821111956278,12.987944719054212,-2.8418763929020656
2026-04-02T13:00:00+05:30,22440,22490,22440,22457,22352.10302423269,,22355.439293832314,16.080779345492147,17.259097788963118,1.178318443470971
2026-04-02T13:05:00+05:30,22451.4,22460,22416.6,22451.6,22352.10302423269,,22356.640143409542,15.039736189941141,19.977988680897397,4.938252490956256
2026-04-02T13:10:00+05:30,22451,22456.4,22430,22447,22352.10302423269,,22357.66799122263,13.260240326446219,21.51355289901403,8.253312572567811
2026-04-02T13:15:00+05:30,22447,22481.7,22433.3,22475,22352.10302423269,,22359.466571321387,13.161413795940344,24.705079817493242,11.543666021552898
2026-04-02T13:20:00+05:30,22470.7,22531.7,22470,22524.8,22379.293514199064,,22364.82159832421,15.482406440310204,30.89667407194065,15.414267631630448
2026-04-02T13:25:00+05:30,22525,22582,22500.2,22580,22407.159162779157,,22372.709200930054,19.507752442699783,39.798958185005176,20.291205742305394
2026-04-02T13:30:00+05:30,22582.3,22598,22547.1,22578,22436.73324650124,,22379.2876214293,20.695506337870086,46.160588664643,25.465082326772915
2026-04-02T13:35:00+05:30,22576,22620.3,22545.8,22604,22438.46492185112,,22385.283264561895,21.782173793352605,52.69279956846367,30.910625775111065
2026-04-02T13:40:00+05:30,22599.9,22638.8,22596,22620,22474.43342966601,,22391.15270272654,22.06069470483115,58.48649415615,36.42579945131885
2026-04-02T13:45:00+05:30,22620,22647,22602,22615,22482.330086699407,,22397.13600489722,20.427632766687225,61.96034040967788,41.53270764299066
2026-04-02T13:50:00+05:30,22615,22645,22602.2,22615.2,22482.807078029466,,22400.03515277177,17.967328681912207,63.99186849538091,46.02453981346871
2026-04-02T13:55:00+05:30,22615,22624,22573.1,22610,22482.807078029466,,22404.381981163384,14.731931890456835,64.43945467653975,49.70752278608292
2026-04-02T14:00:00+05:30,22610,22648,22601.2,22645,22482.807078029466,,22407.93943771262,13.712219885272035,66.84779764267296,53.135577757400924
2026-04-02T14:05:00+05:30,22648,22670,22622.1,22653,22504.03725988348,,22413.18089998961,12.380381321585368,68.61105440938263,56.230673087797264
2026-04-02T14:10:00+05:30,22653,22719,22641.4,22701.8,22529.108533895134,,22421.449036792506,13.498268346631022,73.10350852108604,59.60524017445502
2026-04-02T14:15:00+05:30,22700,22750,22692.5,22723.9,22568.017680505618,,22431.574292560555,14.35829751863605,77.55311207275008,63.19481455411403
2026-04-02T14:20:00+05:30,22725,22745,22701.3,22734.2,22572.130912455057,,22437.358585235674,14.225848336086798,80.97712497422253,66.75127663813574
2026-04-02T14:25:00+05:30,22744,22750,22708.9,22731.3,22581.202821209554,,22444.429603719578,12.603459405070538,82.5056008944739,69.90214148940336
2026-04-02T14:30:00+05:30,22734.1,22776.9,22725,22750,22601.9575390886,,22455.675510584333,11.481989118335946,84.2546278873233,72.77263876898735
2026-04-02T14:35:00+05:30,22753.1,22764,22681,22692.3,22601.9575390886,,22462.04883980726,5.831434967569564,80.06193247844931,74.23049751087974
2026-04-02T14:40:00+05:30,22692.3,22700,22640,22648.8,22601.9575390886,,22467.107373986855,-1.4687300142146,72.3945849931115,73.8633150073261
2026-04-02T14:45:00+05:30,22643.1,22700,22638,22679.8,22601.9575390886,,22470.074812501614,-4.662388908100951,68.0353288721999,72.69771778030085
2026-04-02T14:50:00+05:30,22684.3,22725,22675,22718.9,22601.9575390886,,22475.044763658916,-4.587202861502618,66.96371420342257,71.55091706492519
2026-04-02T14:55:00+05:30,22719,22731,22702.8,22716.2,22601.9575390886,,22477.57128236926,-5.124232695418669,65.14562619565186,70.26985889107053
2026-04-02T15:00:00+05:30,22720,22748.3,22709,22738,22601.9575390886,,22486.224241626736,-4.441623664981151,64.71782930984409,69.15945297482524
2026-04-02T15:05:00+05:30,22740,22806.6,22734.2,22806.6,22612.953606922707,,22500.631611195047,-0.033562090588262095,69.11750036158992,69.15106245217818
2026-04-02T15:10:00+05:30,22805.5,22810,22781,22800,22645.098246230435,,22514.855169702347,1.6794512683480036,71.25037653761319,69.57092526926519
2026-04-02T15:15:00+05:30,22800,22824,22762.1,22764,22645.098246230435,,22524.362601284385,-0.26660549870010186,69.23766839589007,69.50427389459017
2026-04-02T15:20:00+05:30,22763.1,22771.7,22716.1,22739.8,22645.098246230435,,22531.46460465021,-3.6504249403993754,64.94124271909095,68.59166765949033
2026-04-02T15:25:00+05:30,22739.8,22785,22733.1,22783.2,22645.098246230435,,22538.981421004428,-3.435626634932575,64.2971343658246,67.73276100075718
2026-04-06T09:15:00+05:30,22776.8,22799.5,22675,22720,22645.098246230435,,22731.5,-7.771676999369305,58.018164751545555,65.78984175091486
2026-04-06T09:20:00+05:30,22731.9,22774.3,22700,22710,22645.098246230435,,22730.395854271355,-11.31999528139265,51.639847649174044,62.959842930566694
2026-04-06T09:25:00+05:30,22709.9,22717.4,22670,22680,22645.098246230435,,22721.422919124394,-15.439122364711274,43.6609399746776,59.10006233938888
2026-04-06T09:30:00+05:30,22672,22754.7,22660,22745,22645.098246230435,,22721.158623117753,-13.602222952476978,42.097283648792654,55.69950660126963
2026-04-06T09:35:00+05:30,22748,22826.5,22743.7,22780.3,22645.098246230435,,22737.58977043818,-9.992877220588,43.20841007553463,53.20128729612263
2026-04-06T09:40:00+05:30,22781,22793.6,22671.1,22696,22645.098246230435,,22734.38210581081,-13.07162114501292,36.86176086485648,49.9333820098694
2026-04-06T09:45:00+05:30,22698.5,22718,22675.1,22680.9,22645.098246230435,,22729.689957989278,-15.7349620473981,30.26467945062177,45.99964149801987
2026-04-06T09:50:00+05:30,22677.7,22689,22650,22659.8,22645.098246230435,,22723.942433703513,-18.34536247373927,23.06793840584578,41.41330087958505
2026-04-06T09:55:00+05:30,22664,22675,22641.8,22655.1,22645.098246230435,,22719.449988942946,-19.697316852923407,16.791654813430796,36.4889716663542
2026-04-06T10:00:00+05:30,22655.1,22684.3,22645,22671.6,22645.098246230435,,22717.027397902384,-18.791801304944567,12.999220035173494,31.79102134011806
2026-04-06T10:05:00+05:30,22683.8,22720,22676.3,22694.1,22645.098246230435,,22716.416389940106,-16.093079663125362,11.674671761211357,27.76775142433672
2026-04-06T10:10:00+05:30,22704.6,22745,22682.1,22740,22645.098246230435,,22716.635808104027,-10.881869912575208,14.165414033617708,25.047283946192916
2026-04-06T10:15:00+05:30,22745,22762,22706,22725.4,22645.098246230435,,22717.84651659695,-8.205228194953996,14.790748702500423,22.99597689745442
2026-04-06T10:20:00+05:30,22725.1,22753,22725.1,22737.3,22645.098246230435,,22718.106918444562,-5.547649133437808,16.06141548065716,21.60906461409497
2026-04-06T10:25:00+05:30,22731,22734.1,22680,22723,22645.098246230435,,22717.941756370667,-4.700711438784726,15.733175315614062,20.433886754398788
2026-04-06T10:30:00+05:30,22733,22733,22690.3,22720.7,22645.098246230435,,22717.895537788907,-4.2565207103438,15.11323586646904,19.36975657681284
2026-04-06T10:35:00+05:30,22722,22745,22716,22744,22645.098246230435,,22718.23562372188,-2.4446155243526775,16.31398717137199,18.75860269572467
2026-04-06T10:40:00+05:30,22744,22748,22710.1,22739.9,22645.098246230435,,22718.39954050875,-1.6134686926172392,16.74176682995312,18.35523552257036
2026-04-06T10:45:00+05:30,22740,22750,22723.3,22745.3,22645.098246230435,,22718.871762665876,-0.8306670594154255,17.31690169830108,18.147568757716506
2026-04-06T10:50:00+05:30,22750,22760,22701,22710,22645.098246230435,,22719.00079383814,-2.714688674309407,14.754207914829749,17.468896589139156
2026-04-06T10:55:00+05:30,22701,22738,22700,22724.4,22645.098246230435,,22719.021458819465,-2.9935346935519256,13.72697822219925,16.720512915751176
2026-04-06T11:00:00+05:30,22724,22724,22675,22680,22645.098246230435,,22718.606522940852,-5.997325939143199,9.223855491822178,15.221181430965377
2026-04-06T11:05:00+05:30,22679.9,22690,22665,22670,22645.098246230435,,22717.89300742005,-8.342599606745765,4.792931922533171,13.135531529278936
2026-04-06T11:10:00+05:30,22670,22672.3,22627,22649,22645.098246230435,,22715.064952843808,-10.835163922992399,-0.40842337446156307,10.426740548530836
2026-04-06T11:15:00+05:30,22642,22684,22635,22684,22645.098246230435,,22714.132593518563,-9.69089811999086,-1.6868821014577406,8.00401601853312
2026-04-06T11:20:00+05:30,22684,22719,22675.2,22700.9,22645.098246230435,,22713.76398467433,-7.460134157572268,-1.3211516784322157,6.1389824791400525
2026-04-06T11:25:00+05:30,22691.7,22710,22680.5,22707,22645.098246230435,,22713.668448553362,-5.337542145326459,-0.5329452025180217,4.804596942808438
2026-04-06T11:30:00+05:30,22710,22710,22673,22690,22645.098246230435,,22713.43841106606,-4.8560426924748015,-1.2654564227850642,3.5905862696897373
2026-04-06T11:35:00+05:30,22687.7,22724,22678,22700,22645.098246230435,,22713.32344587112,-3.6942444329126145,-1.027219271451031,2.6670251614615834
2026-04-06T11:40:00+05:30,22702,22734.1,22683,22720,22645.098246230435,,22713.314678232506,-1.5203548769249573,0.7665815653053869,2.286936442230344
2026-04-06T11:45:00+05:30,22720,22735,22708.4,22716.6,22645.098246230435,,22713.373485600066,-0.3159331235401188,1.892020037805196,2.2079531613453147
2026-04-06T11:50:00+05:30,22716.4,22745,22716.4,22740,22645.098246230435,,22713.64410314422,1.9287406801683011,4.618879011555691,2.69013833138739
2026-04-06T11:55:00+05:30,22737,22789,22733.2,22749.5,22645.098246230435,,22716.42956733054,3.8162932888296477,7.46050494242445,3.644211653594802
2026-04-06T12:00:00+05:30,22750,22765,22732.3,22740,22645.098246230435,,22716.988073406716,4.159826907346513,8.843995287777943,4.68416838043143
2026-04-06T12:05:00+05:30,22744.9,22760,22731,22744,22645.098246230435,,22717.26454698894,4.369648110085814,10.146228518038697,5.776580407952883
2026-04-06T12:10:00+05:30,22741,22750,22732,22732,22645.098246230435,,22717.340959043588,3.453619853879191,10.093605225301872,6.63998537142268
2026-04-06T12:15:00+05:30,22735,22744,22722.1,22732,22645.098246230435,,22717.426139897052,2.637891150558586,9.937349309620913,7.299458159062327
2026-04-06T12:20:00+05:30,22739,22810,22731,22784.1,22647.99499010856,,22719.478368264892,5.246678107795434,13.85780579380662,8.611127686011185
2026-04-06T12:25:00+05:30,22783.6,22807.8,22771,22790,22668.105491097707,,22720.674178447367,6.904793904985754,17.242120067243377,10.337326162257623
2026-04-06T12:30:00+05:30,22785.2,22800,22722.1,22723,22668.105491097707,,22721.28541946736,3.212081152308885,14.35242760264373,11.140346450334844
2026-04-06T12:35:00+05:30,22725,22760,22715.7,22740,22668.105491097707,,22721.492005313045,1.7125136097687594,13.280988462545793,11.568474852777033
2026-04-06T12:40:00+05:30,22740,22759,22720,22748.3,22668.105491097707,,22721.601935506915,1.1070599650188537,12.9522998090506,11.845239844031747
2026-04-06T12:45:00+05:30,22750,22838,22749.4,22830.1,22668.105491097707,,22724.739635798975,5.781833547062359,19.072531777859695,13.290698230797336
2026-04-06T12:50:00+05:30,22834,22870,22830,22852,22707.659338438283,,22735.401645319995,9.685235873115321,25.397243072191486,15.712007199076165
2026-04-06T12:55:00+05:30,22859,22896,22851.7,22891,22732.453404594453,,22739.378717913416,13.969742279467418,33.174185048410436,19.204442768943018
2026-04-06T13:00:00+05:30,22890.6,22900,22839.4,22852.1,22732.453404594453,,22742.298223437483,13.2652805546651,35.78604346227439,22.520762907609292
2026-04-06T13:05:00+05:30,22852,22890,22852,22890,22732.453404594453,,22744.054641714232,14.341721628834161,40.447914943651995,26.106193314817833
2026-04-06T13:10:00+05:30,22890,22965,22890,22954,22776.93608194936,,22756.500696992276,18.11092259675331,48.74484656075947,30.63392396400616
2026-04-06T13:15:00+05:30,22955,22976,22938,22960,22810.092473754423,,22765.15074495517,19.627602598112844,55.16842721164721,35.54082461353437
2026-04-06T13:20:00+05:30,22964.9,22999.7,22960,22971.9,22835.723226378977,,22771.81227619304,19.98472816429821,60.521734818907134,40.53700665460892
2026-04-06T13:25:00+05:30,22975,22979,22940.4,22969.6,22835.723226378977,,22774.611214560795,18.64458629832108,63.842739527510275,45.198153229189195
2026-04-06T13:30:00+05:30,22957.3,22994.3,22957.3,22986,22837.535313366974,,22777.304912638425,17.46177806829882,67.02537581456272,49.5635977462639
2026-04-06T13:35:00+05:30,22986,22998,22950,22955,22837.535313366974,,22780.79459158185,13.374832085821609,66.28213785354092,52.90730576771931
2026-04-06T13:40:00+05:30,22950,22965,22924.9,22945.5,22837.535313366974,,22785.54329793455,9.023469108669374,64.18664215355602,55.16317304488665
2026-04-06T13:45:00+05:30,22945.6,22960,22927.1,22927.1,22837.535313366974,,22787.204406357105,4.145936800073478,60.3455940449785,56.19965724490502
2026-04-06T13:50:00+05:30,22927.1,22975,22927.1,22966,22837.535313366974,,22788.18824644624,2.841602759628742,59.75166069444094,56.9100579348122
2026-04-06T13:55:00+05:30,22975,22980,22950.1,22952.5,22837.535313366974,,22788.775915472244,0.49473334348598286,57.52847461416968,57.0337412706837
2026-04-06T14:00:00+05:30,22952,22984,22950,22975,22840.016607671056,,22791.877631398704,-0.08624197599468175,56.925938800690346,57.01218077668503
2026-04-06T14:05:00+05:30,22969,22989,22947.4,22952.6,22841.43494690395,,22794.311782579345,-2.395149942982627,54.01824334795674,56.41339329093937
2026-04-06T14:10:00+05:30,22955,22999,22949.2,22993.6,22845.071452213557,,22797.327142888782,-1.6145569296411253,54.39519712888796,56.00975405852908
2026-04-06T14:15:00+05:30,22998.9,23022.3,22981.1,23009,22873.2143069922,,22801.21821032583,-0.568496822937405,55.29913302985733,55.867629852794735
2026-04-06T14:20:00+05:30,23009.2,23018.4,22991,22991,22880.84287629298,,22802.647001006622,-1.5410975366491684,53.94125793198327,55.48235546863244
2026-04-06T14:25:00+05:30,22991,23004.4,22972,22989.6,22880.84287629298,,22804.33485377993,-2.665084715684287,52.15099957402708,54.81608428971137
2026-04-06T14:30:00+05:30,22991,23019,22982.4,23015,22880.84287629298,,22805.69910340241,-2.108649075644621,52.18027294515559,54.288922020800214
2026-04-06T14:35:00+05:30,23015,23025,22991.6,23005,22890.23295681758,,22807.79458742131,-2.7824655048915687,50.81084013968575,53.59330564457732
2026-04-06T14:40:00+05:30,23005,23012,22991,23009,22890.23295681758,,22809.226773585833,-3.292268431409248,49.47797010531576,52.77023853672501
2026-04-06T14:45:00+05:30,23009,23015.8,22995.7,23013.7,22898.415695022242,,22810.723293729654,-3.6203700496802895,48.244775974624645,51.865146024304934
2026-04-06T14:50:00+05:30,23015,23019.6,22989.1,22990,22898.599125520017,,22813.04744858324,-5.621555275845061,44.83820192949861,50.45975720534367
2026-04-06T14:55:00+05:30,22990,23015,22970,23003.4,22898.599125520017,,22815.371914633088,-6.186043468828693,42.7272028693078,48.913246338136496
2026-04-06T15:00:00+05:30,23012.7,23059,23000,23055,22913.991791671215,,22823.696541830614,-3.3685123888054846,44.702605852129636,48.07111824093512
2026-04-06T15:05:00+05:30,23054.5,23068.2,23048.7,23057.5,22948.642612504093,,22828.582592951956,-1.704666556362021,45.9402850454826,47.64495160184462
2026-04-06T15:10:00+05:30,23060,23089,23057.9,23074.3,22965.173351253685,,22836.291337982973,0.06532803807864696,47.72661164944293,47.66128361136428
2026-04-06T15:15:00+05:30,23082,23085,23040.9,23052.1,22965.173351253685,,22844.43856587428,-0.6799692060221645,46.811322103836574,47.49129130985874
2026-04-06T15:20:00+05:30,23064.1,23064.1,23038.1,23045.2,22965.173351253685,,22849.25395314704,-1.9847728883665567,45.01032519940054,46.9950980877671
2026-04-06T15:25:00+05:30,23057.1,23060,23042,23050.2,22965.173351253685,,22854.699892892993,-2.807910503325971,43.48520995860963,46.2931204619356
2026-04-07T09:15:00+05:30,22900,22900,22806,22845,,23018.122979242456,22850.333333333332,-16.69407206318084,25.42553038295955,42.11960244614039
2026-04-07T09:20:00+05:30,22846.3,22895,22837.2,22881,,23018.122979242456,22857.106088329205,-22.609078744186128,13.858254015907733,36.46733276009386
2026-04-07T09:25:00+05:30,22875.1,22950,22871.7,22943.7,,23018.122979242456,22874.852321070583,-21.46238326202136,9.639353682567162,31.10173694458852
2026-04-07T09:30:00+05:30,22949,22955,22911,22911,,23018.122979242456,22883.07576213857,-21.988949359244348,3.615550245533086,25.604499604777434
2026-04-07T09:35:00+05:30,22911,22940,22896,22903.6,,23018.122979242456,22886.15634832011,-21.87197577495447,-1.7354701139156532,20.136505661038818
2026-04-07T09:40:00+05:30,22904.9,22925,22852.5,22867.7,,23018.122979242456,22885.564991599207,-23.126728696071535,-8.771905209050601,14.354823487020933
2026-04-07T09:45:00+05:30,22868.4,22925,22860.2,22886,,23018.122979242456,22885.896542893726,-21.663849122845235,-12.72498791653561,8.938861206309625
2026-04-07T09:50:00+05:30,22882.4,22920.1,22877,22914.3,,23018.122979242456,22886.51065213409,-17.886743783497685,-13.41956852306248,4.467175260435203
2026-04-07T09:55:00+05:30,22912.9,22954,22905.1,22954,,23018.122979242456,22889.592808263395,-12.088839796489474,-10.643874485176639,1.444965311312835
2026-04-07T10:00:00+05:30,22955,22988,22938.6,22985,,23018.122979242456,22896.585035912758,-5.85593483808438,-5.87495323629264,-0.019018398208260123
2026-04-07T10:05:00+05:30,22980,23006.2,22962,22967.3,,23018.122979242456,22902.010744357955,-2.771692243370012,-3.483633702420775,-0.7119414590507631
2026-04-07T10:10:00+05:30,22962.6,22985,22950.8,22984.1,,23018.122979242456,22909.529048291566,0.3853753372110986,-0.23022228753688978,-0.6155976247479884
2026-04-07T10:15:00+05:30,22986.9,23020,22975.8,23014,,23018.122979242456,22914.05037199125,4.25772255636235,4.70655557070495,0.44883301434259937
2026-04-07T10:20:00+05:30,23005,23031,22975,22995,,23018.122979242456,22919.548016116918,5.245010384085297,7.005095994449221,1.7600856103639237
2026-04-07T10:25:00+05:30,22987.1,23010,22986.5,23000.1,,23018.122979242456,22921.182772458866,5.898294877187907,9.132954206848808,3.234659329660901
2026-04-07T10:30:00+05:30,23000,23015,22970,22970,,23018.122979242456,22923.179885041514,4.04816112472888,8.294860735572001,4.246699610843121
2026-04-07T10:35:00+05:30,22973.3,22989.5,22950,22987.2,,23018.122979242456,22924.362835301035,3.7352693042413545,8.915786241144815,5.1805169369034605
2026-04-07T10:40:00+05:30,22989,23025,22989,23019.9,22867.496277309237,,22925.95644011048,5.382953606511101,11.909208945042337,6.526255338531236
2026-04-07T10:45:00+05:30,23014.2,23023,22981.7,22998.1,22867.496277309237,,22927.26752004747,4.682783187868853,12.379734323367302,7.696951135498449
2026-04-07T10:50:00+05:30,22990,22997.2,22921,22934.6,22867.496277309237,,22927.954462038993,-0.12414258532824984,7.541772903838137,7.6659154891663865
2026-04-07T10:55:00+05:30,22934.2,22965.9,22891,22910,22867.496277309237,,22927.75788763494,-4.770325993014984,1.7030079978976573,6.473333990912641
2026-04-07T11:00:00+05:30,22909.9,22916.4,22885,22904.7,22867.496277309237,,22926.884205120918,-7.829645138858227,-3.3137224326601427,4.515922706198085
2026-04-07T11:05:00+05:30,22908,22934,22901.4,22921.1,22867.496277309237,,22926.71935616174,-8.331285293244914,-5.898183910358057,2.433101382886856
2026-04-07T11:10:00+05:30,22927,22935.5,22902.1,22910,22867.496277309237,,22926.586954693823,-8.939522071009534,-8.741301205875061,0.19822086513447257
2026-04-07T11:15:00+05:30,22908,22949.8,22902.4,22945,22867.496277309237,,22926.695146359398,-6.620317489158457,-8.0771759963136,-1.456858507155142
2026-04-07T11:20:00+05:30,22945,22984.2,22942.5,22975,22867.496277309237,,22927.801757842433,-2.8918251899235012,-5.0716399945595185,-2.1798148046360173
2026-04-07T11:25:00+05:30,22974.5,22995,22970,22992.7,22867.496277309237,,22929.54133698584,0.7461614103635443,-1.2471130416815868,-1.993274452045131
2026-04-07T11:30:00+05:30,22991.5,22995,22984,22990.8,22867.496277309237,,22930.680072644947,2.8841846592494815,1.6119563720167207,-1.2722282872327608
2026-04-07T11:35:00+05:30,22990,23009,22972.5,22999,22869.954202055527,,22932.422207366897,4.607965991283684,4.4877292018718435,-0.1202367894118399
2026-04-07T11:40:00+05:30,22995.7,22998.7,22955.5,22970,22869.954202055527,,22933.086166055196,3.5972254685888565,4.3762950463242305,0.7790695777353742
2026-04-07T11:45:00+05:30,22969,22983.3,22950,22957.7,22869.954202055527,,22933.407748512058,1.9830804934764583,3.2579201945809473,1.274839701104489
2026-04-07T11:50:00+05:30,22957.8,22992,22957.8,22990,22869.954202055527,,22934.04958685191,2.917097409009245,4.9212114623660455,2.0041140533568003
2026-04-07T11:55:00+05:30,22991,23048.9,22990,23031.6,22895.659526968633,,22938.00383044145,5.986145739837162,9.486796228153253,3.500650488316091
2026-04-07T12:00:00+05:30,23033,23042.8,22986.1,22992,22895.659526968633,,22940.501928591922,5.036867875469562,9.796735332653043,4.759867457183481
2026-04-07T12:05:00+05:30,22992,23000,22970.5,22999,22895.659526968633,,22941.06744922247,4.581166807287213,10.486325966292497,5.905159159005285
2026-04-07T12:10:00+05:30,22998.5,23004,22958.4,22988,22895.659526968633,,22941.381379411425,3.2995593612356924,10.0296083605499,6.730048999314208
2026-04-07T12:15:00+05:30,22980,22994.8,22966.9,22975.3,22895.659526968633,,22941.65916996899,1.4514633863784514,8.544378232287272,7.092914845908821
2026-04-07T12:20:00+05:30,22975,22979,22950,22959,22895.659526968633,,22941.95457659209,-0.8878681471962508,5.983079661913507,6.870947809109758
2026-04-07T12:25:00+05:30,22959,22975,22954,22973,22895.659526968633,,22942.1324144021,-1.4767661428327923,5.024990130568767,6.5017562734015595
2026-04-07T12:30:00+05:30,22970,22996,22969,22979.4,22895.659526968633,,22942.443214754025,-1.419303698632989,4.727626650110324,6.146930348743313
2026-04-07T12:35:00+05:30,22982.8,22990,22970,22990,22895.659526968633,,22942.711838987525,-0.6884582608475869,5.286357522683829,5.974815783531416
2026-04-07T12:40:00+05:30,22990,22996.2,22975.4,22989.8,22895.659526968633,,22943.23902028995,-0.2615231673847038,5.647911824300536,5.90943499168524
2026-04-07T12:45:00+05:30,22990,22994.1,22974.6,22985.1,22895.659526968633,,22944.184179623968,-0.3340372560809852,5.491888421584008,5.825925677664993
2026-04-07T12:50:00+05:30,22984.3,22990.4,22965.5,22984,22895.659526968633,,22944.59437486267,-0.48529017963987453,5.21931295311515,5.704603132755024
2026-04-07T12:55:00+05:30,22985,22989,22954.6,22958,22895.659526968633,,22944.7882351691,-2.26591990585988,2.872203250430175,5.138123156290055
2026-04-07T13:00:00+05:30,22960.9,22984,22950,22980,22895.659526968633,,22945.120827102783,-1.906055540048719,2.7555537312291563,4.661609271277875
2026-04-07T13:05:00+05:30,22980,22982,22959.1,22965,22895.659526968633,,22945.27348606876,-2.5803449054411827,1.4361781394763966,4.016523044917579
2026-04-07T13:10:00+05:30,22959.1,22999,22958.9,22986.1,22895.659526968633,,22945.57656168427,-1.5577756401130634,2.06930349477625,3.627079134889313
2026-04-07T13:15:00+05:30,22983.7,23018,22983.7,23018,22904.50271308033,,22946.362639358736,1.1675282257503463,5.086489417077246,3.9189611913268996
2026-04-07T13:20:00+05:30,23013.7,23018,22988.2,22993.4,22907.447441772296,,22946.72220178093,1.2088491810901818,5.430022667689627,4.2211734865994455
2026-04-07T13:25:00+05:30,22993.2,23003.8,22975,23000.4,22907.447441772296,,22947.160526513955,1.5796184975713192,6.195696608563594,4.616078110992275
2026-04-07T13:30:00+05:30,23002.5,23088,23002.5,23052.2,22933.71542783556,,22952.6916517243,4.992874393057515,10.857171102314169,5.864296709256654
2026-04-07T13:35:00+05:30,23053.1,23074.1,23043.3,23072.6,22949.078885052,,22954.4655749259,8.118919004755863,16.012945465201483,7.89402646044562
2026-04-07T13:40:00+05:30,23073.3,23115.4,23060,23101.6,22972.420996546804,,22958.616661686945,11.431399974020767,22.183276427971578,10.75187645395081
2026-04-07T13:45:00+05:30,23101.7,23109,23065,23069.1,22972.420996546804,,22962.43090745614,10.736249116652541,24.172187849766487,13.435938733113947
2026-04-07T13:50:00+05:30,23074,23093,23040.8,23081,22972.420996546804,,22964.372293303695,10.374667417752264,26.404273005304276,16.029605587552012
2026-04-07T13:55:00+05:30,23080,23088.8,23010.4,23034.5,22972.420996546804,,22965.83248192934,6.490517582642077,24.142752565854607,17.65223498321253
2026-04-07T14:00:00+05:30,23031.9,23070,23025,23070,22972.420996546804,,22966.88789083234,5.8203590664252545,24.927683816244098,19.107324749818844
2026-04-07T14:05:00+05:30,23061.5,23072,23042,23070,22972.420996546804,,22967.673526973704,4.921006019161744,25.258582273771026,20.33757625460928
2026-04-07T14:10:00+05:30,23070,23070,23041.9,23060,22972.420996546804,,22969.42610978365,3.2757512466138152,24.432265312876552,21.156514066262737
2026-04-07T14:15:00+05:30,23060,23075.2,23045,23048.3,22972.420996546804,,22970.42641963407,1.1332705688034324,22.573102277267026,21.439831708463593
2026-04-07T14:20:00+05:30,23048.3,23063.8,23035,23050,22972.420996546804,,22970.98911010341,-0.3559755538505165,20.99486226615045,21.350837820000965
2026-04-07T14:25:00+05:30,23055.2,23076.8,23048.3,23065,22972.420996546804,,22971.508961912466,-0.5081319009060437,20.715672943868412,21.223804844774456
2026-04-07T14:30:00+05:30,23065,23098,23062.6,23082.3,22972.420996546804,,22972.45782686811,0.3336887689553869,21.64091580596869,21.307227037013302
2026-04-07T14:35:00+05:30,23091.7,23091.7,23040.2,23051,22972.420996546804,,22973.363951407046,-1.3479136598116703,19.622334962248715,20.970248622060385
2026-04-07T14:40:00+05:30,23059.5,23080,23050.2,23080,22972.420996546804,,22974.004262770333,-0.6717191258482025,20.130599714750133,20.802318840598335
2026-04-07T14:45:00+05:30,23079.8,23100,23068.1,23095,22972.420996546804,,22975.294704499855,0.5549333217250911,21.4959854927547,20.941052171029607
2026-04-07T14:50:00+05:30,23100,23114.6,23092,23102.9,22995.107203404492,,22976.950098639412,1.6079287587556585,22.95096311947418,21.343034360718523
2026-04-07T14:55:00+05:30,23106.4,23147,23106.4,23141,23016.096483064044,,22981.50154162685,4.420508237479428,26.868669657567807,22.44816142008838
2026-04-07T15:00:00+05:30,23141,23158,23121,23151.3,23028.85683475764,,22986.399628647403,6.404314554305326,30.453554612970038,24.04924005866471
2026-04-07T15:05:00+05:30,23151,23166,23144.5,23146.6,23049.221151281876,,22992.32464866604,6.792805818449253,32.54024733172628,25.747441513277025
2026-04-07T15:10:00+05:30,23150.2,23153,23129,23138.6,23049.221151281876,,22997.004350780877,5.934938690841534,33.16611487682894,27.231176185987408
2026-04-07T15:15:00+05:30,23138.1,23151,23124.8,23135.8,23049.221151281876,,23001.67466366707,4.659174007705541,33.055143695619336,28.395969687913794
2026-04-07T15:20:00+05:30,23148.6,23159.1,23140,23153.7,23052.358969284487,,23004.817143681783,4.4987633665848605,34.01942389614487,29.52066052956001
2026-04-07T15:25:00+05:30,23153.5,23184.4,23152.1,23165,23071.088072356037,,23012.65949058316,4.614393848961306,35.28865284076164,30.674258991800336
2026-04-08T09:15:00+05:30,23860,23933.6,23830,23912.7,23563.77426512043,,23892.100000000002,51.88179051713014,95.52649713821302,43.644706621082875
2026-04-08T09:20:00+05:30,23912,23945,23884.1,23885.1,23610.05683860839,,23894.9078778175,76.62908185700304,139.43105894233668,62.80197708533363
2026-04-08T09:25:00+05:30,23886.1,23918.5,23881,23905,23614.45615474755,,23895.910796106287,88.82059941235767,173.82772635078072,85.00712693842306
2026-04-08T09:30:00+05:30,23907.1,23930,23905,23920.1,23653.235539272795,,23898.44425958603,91.99453681061671,200.00029795169394,108.00576114107723
2026-04-08T09:35:00+05:30,23920.4,23955,23913.9,23953,23684.28198534552,,23903.009341825902,90.27632688084293,220.85116974213088,130.57484286128795
2026-04-08T09:40:00+05:30,23953.1,23957,23928.1,23955.6,23708.728786810963,,23904.748669849112,83.44245196256807,234.87790781449803,151.43545585192996
2026-04-08T09:45:00+05:30,23957.6,23995,23955.2,23976.5,23752.720908129868,,23911.314597253357,74.73810137323156,244.8580825684694,170.11998119523784
2026-04-08T09:50:00+05:30,23980,23992,23950,23955,23758.25881731688,,23914.71146296674,62.441457114695766,248.17180258860753,185.73034547391177
2026-04-08T09:55:00+05:30,23960,23973.4,23930,23934,23758.25881731688,,23916.033087172273,48.42743531040645,246.26463961191985,197.8372043015134
2026-04-08T10:00:00+05:30,23940,23960.5,23930,23933,23758.25881731688,,23916.95726884958,35.237610067044386,241.8842168853189,206.6466068182745
2026-04-08T10:05:00+05:30,23933,23971,23933,23940.5,23766.730477824007,,23917.88553317874,23.717944196413697,236.29403706379162,212.57609286737792
2026-04-08T10:10:00+05:30,23945.5,23945.5,23922,23924,23766.730477824007,,23918.294902778267,12.26329986043504,227.90521769292172,215.64191783248668
2026-04-08T10:15:00+05:30,23922,23947.2,23905,23940,23766.730477824007,,23918.78097032661,3.4960046797758935,220.01192368220654,216.51591900243065
2026-04-08T10:20:00+05:30,23940,23954.1,23918.3,23935.1,23773.294018333698,,23919.17875984415,-4.469073287917922,210.92957739253325,215.39865068045117
2026-04-08T10:25:00+05:30,23932,23959.6,23921,23952,23782.10461650033,,23919.938600411548,-10.112383506072263,202.75817129786083,212.8705548039331
2026-04-08T10:30:00+05:30,23951,23970,23949,23962.6,23810.8241548503,,23920.821524839983,-14.38362614668489,194.89102212057696,209.27464826726185
2026-04-08T10:35:00+05:30,23961.7,23972,23943,23959.4,23814.99173936527,,23921.607338926948,-18.418878381131037,186.25105029084807,204.6699286719791
2026-04-08T10:40:00+05:30,23959.4,23988.8,23945,23987.9,23825.502565428742,,23922.66585969199,-20.02968151821227,179.63282677421375,199.66250829242603
2026-04-08T10:45:00+05:30,23979.1,23999.7,23976,23987.6,23853.482308885865,,23924.545418058242,-21.828742990459745,172.37657955435134,194.20532254481108
2026-04-08T10:50:00+05:30,23987.5,24019.9,23986,24016.8,23871.84907799728,,23927.292254452062,-21.719118161438644,167.0564248430128,188.77554300445144
2026-04-08T10:55:00+05:30,24018,24034.8,24013.3,24030,23899.609170197553,,23930.00430865864,-21.390492808331828,162.03742699403665,183.42791980236848
2026-04-08T11:00:00+05:30,24035,24049,24025.1,24036.8,23917.883253177795,,23932.751865471335,-21.301509041979273,156.8010334998944,178.10254254187367
2026-04-08T11:05:00+05:30,24036,24045,24020.2,24036,23917.909927860015,,23933.96892907811,-21.803856452702746,150.84772197599523,172.65157842869797
2026-04-08T11:10:00+05:30,24028,24050,24024.6,24025.1,23926.458935074013,,23935.01207656582,-23.24536791310635,143.59486853731505,166.8402364504214
2026-04-08T11:15:00+05:30,24025.4,24050,24025.1,24040.7,23930.32304156661,,23936.27532755336,-23.45581380578193,137.520469193194,160.97628299897593
2026-04-08T11:20:00+05:30,24043,24059.6,24032.7,24047,23941.575737409952,,23937.405689450978,-23.423663458086992,131.69670367636718,155.12036713445417
2026-04-08T11:25:00+05:30,24047,24047,24022.3,24033,23941.575737409952,,23938.4157599912,-24.483255169507487,124.5162981725698,148.9995533420773
2026-04-08T11:30:00+05:30,24032.4,24035,24011,24018.5,23941.575737409952,,23939.265390284756,-26.14769064554156,116.31494003515036,142.46263068069192
2026-04-08T11:35:00+05:30,24022,24030,24000,24010,23941.575737409952,,23940.0352048005,-27.661476158439967,107.88578548264195,135.54726164108192
2026-04-08T11:40:00+05:30,24009,24037.7,24006.9,24024.4,23941.575737409952,,23940.781383009304,-27.477011454094708,101.20099732346353,128.67800877755823
2026-04-08T11:45:00+05:30,24030,24048,24024.9,24030.9,23941.903442683204,,23941.808010008448,-26.679320235794492,95.32885848281512,122.00817871860961
2026-04-08T11:50:00+05:30,24030.8,24034,23985.6,23987.5,23941.903442683204,,23943.052633295934,-28.662780667518078,86.17970288421202,114.8424835517301
2026-04-08T11:55:00+05:30,23991,24002.9,23980.4,23990,23941.903442683204,,23943.69759476878,-29.290877756011668,78.22888635671552,107.51976411272719
2026-04-08T12:00:00+05:30,23985,24006.8,23980,24001.8,23941.903442683204,,23944.279005243934,-28.376269362619652,72.04942740945262,100.42569677207227
2026-04-08T12:05:00+05:30,24001.8,24020,24001.8,24016.1,23941.903442683204,,23944.744629873785,-26.318448926299,67.52763561419852,93.84608454049751
2026-04-08T12:10:00+05:30,24014.1,24020,24003,24013.2,23941.903442683204,,23945.075456404236,-24.68963842571722,62.98403650835098,87.6736749340682
2026-04-08T12:15:00+05:30,24016.1,24016.1,24005,24008,23941.903442683204,,23945.2763793921,-23.505615926080807,58.2916550264672,81.797270952548
2026-04-08T12:20:00+05:30,24008,24018,24007.4,24010.9,23941.903442683204,,23945.48425743782,-22.091949214083854,54.182334434943186,76.27428364902704
2026-04-08T12:25:00+05:30,24011.3,24015,23998,23998,23941.903442683204,,23945.731407942236,-21.56641977105906,49.31625893520322,70.88267870626228
2026-04-08T12:30:00+05:30,23990,23993.7,23949,23960,23941.903442683204,,23946.143481418578,-23.177775812674128,41.91045894041963,65.08823475309376
2026-04-08T12:35:00+05:30,23956.6,23982.7,23952,23964,23941.903442683204,,23946.312202697514,-23.31085161156991,35.94967023863137,59.26052185020128
2026-04-08T12:40:00+05:30,23957.2,23999.6,23952.6,23996.9,23941.903442683204,,23946.496796087253,-20.61293330964547,33.494355213144445,54.107288522789915
2026-04-08T12:45:00+05:30,23989.6,24007,23980.6,24004.4,23941.903442683204,,23946.774359902058,-17.85601970267193,31.787263894450007,49.643283597121936
2026-04-08T12:50:00+05:30,24007,24016.5,24000.1,24009.6,23941.903442683204,,23947.128279954366,-15.312734094260044,30.502365979296883,45.81510007355693
2026-04-08T12:55:00+05:30,24011.3,24036,24006.3,24028.7,23941.903442683204,,23947.705437569653,-12.114703265342477,30.67172099187883,42.786424257221306
2026-04-08T13:00:00+05:30,24030.9,24030.9,24011,24012,23941.903442683204,,23948.09925481252,-10.93099738266023,29.12267752889602,40.05367491155625
2026-04-08T13:05:00+05:30,24019,24022.6,24000.2,24014.2,23941.903442683204,,23948.283235534964,-9.840815370369782,27.752655698594026,37.59347106896381
2026-04-08T13:10:00+05:30,24012,24025,24010.2,24022.6,23941.903442683204,,23948.712378535536,-8.448302726219381,27.033092661189585,35.481395387408966
2026-04-08T13:15:00+05:30,24023.6,24031.4,24006.2,24020,23942.304221309198,,23949.05269610184,-7.622031824120413,25.953855607258447,33.57588743137886
2026-04-08T13:20:00+05:30,24017,24030,24012.6,24022.9,23947.233799178273,,23949.248328482994,-6.825615458751496,25.04386810793949,31.869483566690985
2026-04-08T13:25:00+05:30,24025,24040,24025,24036.5,23960.710419260446,,23949.652772892117,-5.39125483935123,25.130415017501946,30.521669856853176
2026-04-08T13:30:00+05:30,24036.5,24040,24025.5,24035,23963.789377334404,,23950.104230260244,-4.583593637727834,24.792177809693385,29.37577144742122
2026-04-08T13:35:00+05:30,24032,24069.8,24026.7,24057.3,23973.255439600962,,23951.726683089568,-2.681767088839731,26.023562586371554,28.705329675211285
2026-04-08T13:40:00+05:30,24054.6,24059,24025.1,24031,23973.255439600962,,23952.670044620252,-3.289261959980852,24.59375222523522,27.883014185216073
2026-04-08T13:45:00+05:30,24031,24036,24020.9,24028.8,23973.255439600962,,23953.181135571936,-3.8922024072178623,23.017761176193744,26.909963583411606
2026-04-08T13:50:00+05:30,24030.1,24035.2,24012.5,24018,23973.255439600962,,23953.906840270123,-5.000641887464575,20.65916122408089,25.659803111545465
2026-04-08T13:55:00+05:30,24017.4,24040,24017.4,24040,23973.255439600962,,23954.15478682674,-4.263195291684696,20.330808996939595,24.59400428862429
2026-04-08T14:00:00+05:30,24037.8,24039.8,24015,24021.9,23973.255439600962,,23954.35393949656,-4.956812867996064,18.39798820362921,23.354801071625275
2026-04-08T14:05:00+05:30,24021.6,24028.6,24003,24017.6,23973.255439600962,,23954.60076221277,-5.619051823686004,16.33098629201777,21.950038115703773
2026-04-08T14:10:00+05:30,24023.1,24026.3,24000,24008.6,23973.255439600962,,23954.8475028233,-6.5140436717386905,13.80748352603041,20.3215271977691
2026-04-08T14:15:00+05:30,24003,24030,24003,24029.4,23973.255439600962,,23955.250868151,-5.591390367019166,13.332289238995145,18.92367960601431
2026-04-08T14:20:00+05:30,24028.6,24040.1,24025,24037.4,23973.255439600962,,23955.774182464764,-4.381961492225155,13.446227740732866,17.82818923295802
2026-04-08T14:25:00+05:30,24040,24044.9,24032,24042,23973.255439600962,,23956.329842355433,-3.2631801863406373,13.749214000032225,17.012394186372862
2026-04-08T14:30:00+05:30,24040,24050,24035,24040.3,23976.235903364584,,23956.791645228943,-2.6544772195962913,13.6942976618775,16.34877488147379
2026-04-08T14:35:00+05:30,24040.2,24050,24040,24048,23982.362313028127,,23957.577985967862,-1.791454558904391,14.109456682843302,15.900911241747693
2026-04-08T14:40:00+05:30,24047,24072.1,24044,24069.4,23993.246081725312,,23959.201094940836,0.06411476663219062,15.98105470003793,15.91693993340574
2026-04-08T14:45:00+05:30,24067.6,24080,24044,24045,23993.246081725312,,23960.568672777998,-0.47847403073375006,15.318847394988552,15.797321425722302
2026-04-08T14:50:00+05:30,24050,24053.5,24032,24046,23993.246081725312,,23961.122952766782,-0.8736792780754392,14.705222328128002,15.578901606203441
2026-04-08T14:55:00+05:30,24048,24060,24045.1,24060,23993.246081725312,,23961.6140897531,-0.3241691380149039,15.173690183684812,15.497859321699716
2026-04-08T15:00:00+05:30,24059,24060,24015,24052.6,23993.246081725312,,23962.477116898335,-0.5762950835323934,14.777490467284224,15.353785550816617
2026-04-08T15:05:00+05:30,24050,24068,24045.1,24055,23993.246081725312,,23963.410412966117,-0.6909275400554229,14.490126125747338,15.18105366580276
2026-04-08T15:10:00+05:30,24063.9,24063.9,24041.4,24053.5,23993.246081725312,,23964.3874599231,-0.9606866438419139,13.98019536100037,14.940882004842283
2026-04-08T15:15:00+05:30,24048.6,24056,24041,24054.3,23993.246081725312,,23965.525838141686,-1.1645646808823837,13.485176153739303,14.649740834621687
2026-04-08T15:20:00+05:30,24050.4,24058,24042,24057.7,23993.246081725312,,23967.650761801444,-1.1478819136212604,13.214888442595111,14.362770356216371
2026-04-08T15:25:00+05:30,24056.5,24090,24056,24085,24002.219260149905,,23972.05237814159,0.5340279748893657,15.030305324828078,14.496277349938712
2026-04-09T09:15:00+05:30,23955.9,23980,23890,23975,,24057.202665865087,23948.333333333332,-5.591880933328847,7.506426183277654,13.0983071166065
2026-04-09T09:20:00+05:30,23963.4,24015,23962.9,24011.5,,24057.202665865087,23964.50485242093,-6.928416356146029,4.437786671423964,11.366203027569993
2026-04-09T09:25:00+05:30,24012.8,24029,24000.3,24023,,24057.202665865087,23973.73523616469,-6.772652201598962,2.9003877755712892,9.673039977170252
2026-04-09T09:30:00+05:30,24025,24029.5,23952,23956,,24057.202665865087,23974.46614792598,-10.683959362330487,-3.6819092257428565,7.00205013658763
2026-04-09T09:35:00+05:30,23960,23990,23946.6,23953.5,,24057.202665865087,23973.439019839436,-12.7988006259523,-8.996450645852747,3.802349980099554
2026-04-09T09:40:00+05:30,23961.7,23970,23925,23925,,24057.202665865087,23970.85764540486,-15.306876598648742,-15.331245768211375,-0.024369169562631576
2026-04-09T09:45:00+05:30,23934.3,23945.6,23875,23889.9,,24050.947336650006,23958.645723892663,-18.316256095043094,-22.9196892883665,-4.603433193323405
2026-04-09T09:50:00+05:30,23888.5,23898,23865,23876.7,,24017.982602985005,23949.368837777096,-20.04273299202535,-29.65684943335509,-9.614116441329742
2026-04-09T09:55:00+05:30,23876.7,23877,23840,23862,,23992.434342686505,23938.097009416648,-20.924651674842995,-35.769931034883484,-14.84527936004049
2026-04-09T10:00:00+05:30,23862,23889.9,23830,23884,,23992.434342686505,23933.575321257595,-18.84118622028649,-38.3967621353986,-19.55557591511211
2026-04-09T10:05:00+05:30,23883.9,23896,23871,23894.9,,23992.434342686505,23932.046966620645,-15.673727333154197,-39.147735081554856,-23.47400774840066
2026-04-09T10:10:00+05:30,23890,23919.6,23889,23905,,23992.434342686505,23931.201559520683,-12.008216327758824,-38.48427815809919,-26.476061830340363
2026-04-09T10:15:00+05:30,23904.9,23934,23881,23929.8,,23992.434342686505,23930.652163514358,-7.257199235237529,-35.54756087438727,-28.290361639149744
2026-04-09T10:20:00+05:30,23934.5,23935,23915,23930,,23992.434342686505,23930.566827109953,-3.6282380286042155,-32.82565917490501,-29.197421146300798
2026-04-09T10:25:00+05:30,23930,23935,23882.6,23897.4,,23992.434342686505,23930.12240886115,-2.977745741269178,-32.91960332288727,-29.94185758161809
2026-04-09T10:30:00+05:30,23908.1,23926.9,23898.1,23925,,23992.434342686505,23929.955880606118,-0.37958970390749514,-30.41634471150246,-30.036755007594966
2026-04-09T10:35:00+05:30,23925,23933,23900,23900,,23992.434342686505,23929.655378624517,-0.05281934836409263,-30.102779193050083,-30.04995984468599
2026-04-09T10:40:00+05:30,23901,23901,23873.8,23880,,23992.434342686505,23928.84480456026,-0.8476306710638681,-31.109498183515825,-30.261867512451957
2026-04-09T10:45:00+05:30,23876,23899,23875,23885.2,,23992.434342686505,23928.359603928515,-0.6936252881760439,-31.12889912267201,-30.435273834495966
2026-04-09T10:50:00+05:30,23885.2,23894.8,23880.6,23890,,23992.434342686505,23928.078077467682,0.023060654295086636,-30.40644801662711,-30.429508670922196
2026-04-09T10:55:00+05:30,23885.4,23914.6,23885.4,23896.5,,23992.434342686505,23927.8731420796,1.1632914778060304,-28.97539432366466,-30.13868580147069
2026-04-09T11:00:00+05:30,23890,23925,23886,23915.8,,23992.434342686505,23927.72441574416,3.3234339636899364,-25.98439334685827,-29.307827310548205
2026-04-09T11:05:00+05:30,23918,23928,23886,23916.6,,23992.434342686505,23927.56616498324,4.821397523109603,-23.281080406661204,-28.102477929770806
2026-04-09T11:10:00+05:30,23927,23934,23907.9,23915,,23992.434342686505,23927.518305247602,5.661643101520468,-21.02542405287022,-26.68706715439069
2026-04-09T11:15:00+05:30,23910.7,23928.2,23880,23885,,23992.434342686505,23926.919693644762,4.220271047608936,-21.41172834487952,-25.631999392488456
2026-04-09T11:20:00+05:30,23890,23905,23870,23900.1,,23992.434342686505,23926.53070972733,4.292942155641814,-20.26582169793619,-24.558763853578004
2026-04-09T11:25:00+05:30,23899,23918.9,23892,23910.7,,23992.434342686505,23926.42783406002,5.013812675398324,-18.2914980093301,-23.305310684728422
2026-04-09T11:30:00+05:30,23911,23938.9,23905.1,23913,,23992.434342686505,23926.35442810285,5.562058701921451,-16.352737307326606,-21.914796009248057
2026-04-09T11:35:00+05:30,23924.9,23930,23913,23928.2,,23992.434342686505,23926.342556702482,6.783937884115819,-13.434873654103285,-20.218811538219104
2026-04-09T11:40:00+05:30,23920,23934,23910,23934,,23992.434342686505,23926.340555125065,7.748636345474701,-10.533016106375726,-18.281652451850427
2026-04-09T11:45:00+05:30,23934.2,23949.9,23910,23948.1,,23992.434342686505,23926.515159304658,9.013593726067604,-7.014660294265923,-16.028254020333527
2026-04-09T11:50:00+05:30,23949.9,23963.4,23935.6,23940,,23992.434342686505,23926.953154222057,8.963140484006823,-4.824328415324999,-13.787468899331822
2026-04-09T11:55:00+05:30,23945.4,23967,23935,23946.9,,23992.434342686505,23927.255118589364,9.027694336763894,-2.502850978376955,-11.530545315140849
2026-04-09T12:00:00+05:30,23956,23965,23937.5,23940.1,,23992.434342686505,23927.466544928564,8.266070453056779,-1.1979572488198755,-9.464027701876654
2026-04-09T12:05:00+05:30,23945.1,23964.5,23921.9,23962.1,,23992.434342686505,23927.663348771443,8.84564862369702,1.5930330777446216,-7.252615545952398
2026-04-09T12:10:00+05:30,23962.1,23969.3,23941.3,23942.9,,23992.434342686505,23927.968516313256,7.586035041394385,2.2299282557905826,-5.356106785603802
2026-04-09T12:15:00+05:30,23948,23958.1,23936.1,23936.3,,23992.434342686505,23928.116547766258,6.02649518055646,2.177012190091773,-3.8494829904646872
2026-04-09T12:20:00+05:30,23936.1,23950,23928.6,23939,,23992.434342686505,23928.17652519978,4.940489667343974,2.3261290937152808,-2.6143605736286935
2026-04-09T12:25:00+05:30,23936.1,23955.8,23922.6,23950,,23992.434342686505,23928.276825265584,4.726642747258216,3.2939428604440764,-1.4326998868141394
2026-04-09T12:30:00+05:30,23954.9,23959,23926.9,23933,,23992.434342686505,23928.33204054155,3.27299058392346,2.6585383430901857,-0.6144522408332742
2026-04-09T12:35:00+05:30,23936,23940,23910,23923,,23992.434342686505,23928.296614399922,1.5577192007107108,1.3326967600551143,-0.2250224406555965
2026-04-09T12:40:00+05:30,23920,23935,23910,23916.9,,23992.434342686505,23928.244700121497,0.01372585088201106,-0.2078651270530827,-0.22159097793509375
2026-04-09T12:45:00+05:30,23913.7,23918.2,23865.8,23868,,23989.26731343207,23927.136934867274,-4.073402358485407,-5.313343926041853,-1.2399415675564456
2026-04-09T12:50:00+05:30,23868,23896.4,23865,23889,,23977.66058208886,23926.485289628305,-5.07012540591887,-7.577598324955034,-2.5074729190361635
2026-04-09T12:55:00+05:30,23889,23898,23882.4,23890,,23977.66058208886,23926.26363135821,-5.342389934767787,-9.185460337495897,-3.8430704027281104
2026-04-09T13:00:00+05:30,23896,23897,23881.9,23894.9,,23976.730071491977,23926.131299162054,-4.885240066556905,-9.949620485924243,-5.064380419367337
2026-04-09T13:05:00+05:30,23892.3,23899.2,23876,23891,,23973.11206434278,23925.968991221187,-4.545332928171059,-10.746046579581161,-6.200713651410102
2026-04-09T13:10:00+05:30,23898,23898,23870.7,23880,,23969.5008579085,23925.63455143947,-4.739475435272626,-12.125057945500885,-7.385582510228259
2026-04-09T13:15:00+05:30,23875,23883.6,23860.6,23867,,23955.63577211765,23925.104741758303,-5.375005747297088,-14.104339694349619,-8.729333947052531
2026-04-09T13:20:00+05:30,23866,23866,23835,23854.4,,23935.282194905885,23922.967829605608,-6.216096044346324,-16.499454002485436,-10.283357958139112
2026-04-09T13:25:00+05:30,23845,23857.5,23834,23837,,23929.1039754153,23921.569472629333,-7.434093060498112,-19.575974283761752,-12.14188122326364
2026-04-09T13:30:00+05:30,23835,23859.2,23815,23850.5,,23925.378577873766,23919.619522200257,-6.835568876240391,-20.68634231856413,-13.850773442323739
2026-04-09T13:35:00+05:30,23845,23858,23834.9,23834.9,,23925.378577873766,23918.95977916153,-6.971374395115735,-22.564991436218406,-15.593617041102672
2026-04-09T13:40:00+05:30,23840.2,23843.8,23820,23820,,23916.78264807775,23918.00460291396,-7.499762858795023,-24.96832061459645,-17.468557755801427
2026-04-09T13:45:00+05:30,23820,23832,23801,23828.8,,23902.194383269976,23915.692173027986,-6.716943601210154,-25.86473725731412,-19.147793656103964
2026-04-09T13:50:00+05:30,23829.4,23850.4,23820,23831.1,,23902.194383269976,23914.67395150144,-5.552826966937694,-26.08882736477608,-20.536000397838386
2026-04-09T13:55:00+05:30,23840.7,23849,23831,23837,,23902.194383269976,23914.054953244005,-3.9683458358690658,-25.496432692674716,-21.52808685680565
2026-04-09T14:00:00+05:30,23837,23856.8,23825,23854.8,,23902.194383269976,23913.4546793551,-1.4349746388401456,-23.321805155355833,-21.886830516515687
2026-04-09T14:05:00+05:30,23850,23865,23830,23859.1,,23902.194383269976,23912.863981344177,0.7020711000598325,-21.009241641440894,-21.711312741500727
2026-04-09T14:10:00+05:30,23852,23857.1,23820,23820,,23902.194383269976,23912.341469747356,-0.29260652076825977,-22.07707089246105,-21.784464371692792
2026-04-09T14:15:00+05:30,23828.7,23834,23810.1,23815,,23902.194383269976,23911.481967686923,-1.0211957817662771,-23.06095909890064,-22.039763317134362
2026-04-09T14:20:00+05:30,23815,23828,23782.3,23802,,23897.750739785442,23909.047776224168,-2.0530259596037084,-24.606045766639,-22.55301980703529
2026-04-09T14:25:00+05:30,23800,23805.5,23780,23789.2,,23883.740665806898,23907.224768141936,-3.203388632209869,-26.557255597297626,-23.353866965087757
2026-04-09T14:30:00+05:30,23790,23790,23750,23770,,23863.89159922621,23903.736270750047,-4.768873141761439,-29.314958392289554,-24.546085250528115
2026-04-09T14:35:00+05:30,23760,23787.9,23760,23787.7,,23863.89159922621,23901.95836160909,-4.146741670227033,-29.729512338311906,-25.582770668084873
2026-04-09T14:40:00+05:30,23786,23825,23780,23816,,23863.89159922621,23900.43927746741,-1.5001495431394822,-27.457957597009226,-25.957808053869744
2026-04-09T14:45:00+05:30,23812,23823,23802,23815,,23863.89159922621,23899.696829534245,0.41015816434176244,-25.44511034844254,-25.855268512784303
2026-04-09T14:50:00+05:30,23816.6,23829,23804,23820,,23863.89159922621,23899.2989295704,2.1408067246324407,-23.179260106993752,-25.320066831626193
2026-04-09T14:55:00+05:30,23826,23829.7,23815,23823,,23863.89159922621,23898.641808004046,3.5356102955516135,-20.900553962186677,-24.43616425773829
2026-04-09T15:00:00+05:30,23823.5,23886.9,23807,23843,,23863.89159922621,23897.097274342617,5.723636739392198,-17.281618333498045,-23.005255072890243
2026-04-09T15:05:00+05:30,23843,23870,23830,23869,23762.3960245847,,23896.59266935447,8.66400060798015,-12.175254312915058,-20.839254920895208
2026-04-09T15:10:00+05:30,23870,23884.8,23864,23865.1,23774.493519685657,,23896.173143780943,9.993881108402643,-8.346903535391903,-18.340784643794546
2026-04-09T15:15:00+05:30,23863.6,23872,23852.5,23860,23774.493519685657,,23895.658743544718,10.145268027373536,-5.659199609577627,-15.804467636951163
2026-04-09T15:20:00+05:30,23864.7,23866,23857.1,23862,23774.493519685657,,23894.806532202965,9.980044343352555,-3.3294122077604698,-13.309456551113025
2026-04-09T15:25:00+05:30,23860.1,23866,23858.9,23860.3,23780.346675850844,,23894.012997965514,9.366164669738085,-1.6017507139404188,-10.967915383678504