date,wall_option_type,wall_strike,wall_offset,wall_price_10am,wall_oi_10am,wall_iv_10am,wall_price_1030,wall_oi_1030,wall_iv_1030,cond_price_le,cond_oi_ge,cond_iv_gt,conditions_passed,atm_strike,spot_at_entry,entry_time,exit_time,exit_reason,net_credit_pts,net_credit_inr,pnl_pts,pnl_inr,return_pct,running_equity_inr,skip_reason,ce_short_strike,ce_short_offset,ce_short_entry,ce_short_exit,ce_long_strike,ce_long_offset,ce_long_entry,ce_long_exit,pe_short_strike,pe_short_offset,pe_short_entry,pe_short_exit,pe_long_strike,pe_long_offset,pe_long_entry,pe_long_exit
2025-01-01,CE,24000.0,8,14.5,12051600.0,21.89037,22.2,11436225.0,22.743689,False,False,True,1,,,,,,0.0,0.0,0.0,0.0,0.0,100000.0,conditions_not_met:1/3,,,,,,,,,,,,,,,,
2025-01-02,CE,24300.0,9,2.2,13433025.0,39.40478,2.45,13348725.0,38.97883,False,False,True,1,,,,,,0.0,0.0,0.0,0.0,0.0,100000.0,conditions_not_met:1/3,,,,,,,,,,,,,,,,
2025-01-03,CE,24200.0,3,117.75,7094925.0,12.582451,97.9,7762500.0,11.80659,True,True,False,2,24050.0,24044.65,10:30,14:30,TIME,32.85000000000001,2135.2500000000005,-0.35000000000002274,-22.750000000001478,-0.00022750000000001477,99977.25,,24150.0,2.0,114.95,101.95,24250.0,4.0,82.1,68.75,,,,,,,,
2025-01-06,CE,24500.0,10,18.5,9146475.0,16.474851,,,,False,False,False,0,,,,,,0.0,0.0,0.0,0.0,0.0,99977.25,wall_missing_at_1030,,,,,,,,,,,,,,,,
2025-01-07,CE,24000.0,7,36.5,11857875.0,18.947542,46.0,12053175.0,17.752112,False,True,True,2,23750.0,23750.25,10:30,14:30,TIME,35.599999999999994,2313.9999999999995,10.050000000000011,653.2500000000007,0.006532500000000007,100630.5,,23850.0,2.0,94.55,58.15,23950.0,4.0,58.95,32.6,,,,,,,,
2025-01-08,CE,24000.0,7,10.95,16826400.0,18.19254,8.05,17728275.0,19.213681,True,True,True,3,23600.0,23602.45,10:30,14:30,TIME,21.55,1400.75,-9.399999999999991,-610.9999999999994,-0.006109999999999994,100019.5,,23700.0,2.0,45.5,70.85,23800.0,4.0,23.95,39.9,,,,,,,,
2025-01-09,PE,23600.0,-1,30.0,22057050.0,18.6052,28.55,23506275.0,15.857252,True,True,True,3,23600.0,23613.95,10:30,14:30,TIME,6.15,399.75,1.1500000000000004,74.75000000000003,0.0007475000000000003,100094.25,,,,,,,,,,23500.0,-2.0,10.8,5.85,23400.0,-4.0,4.65,0.85
2025-01-10,CE,23800.0,9,51.8,6379350.0,15.152406,55.6,6744300.0,14.488758,False,True,False,1,,,,,,0.0,0.0,0.0,0.0,0.0,100094.25,conditions_not_met:1/3,,,,,,,,,,,,,,,,
2025-01-13,CE,23500.0,5,54.6,7372725.0,16.909565,85.6,6640800.0,17.422996,False,False,True,1,,,,,,0.0,0.0,0.0,0.0,0.0,100094.25,conditions_not_met:1/3,,,,,,,,,,,,,,,,
2025-01-14,CE,23500.0,7,19.0,11565750.0,15.605067,17.85,11981775.0,15.385745,True,True,True,3,23150.0,23168.8,10:30,14:30,TIME,36.25,2356.25,-0.20000000000000284,-13.000000000000185,-0.00013000000000000186,100081.25,,23250.0,2.0,77.95,72.45,23350.0,4.0,41.7,36.0,,,,,,,,
2025-01-15,PE,23200.0,-1,60.65,14922450.0,14.305847,53.45,17452425.0,13.593424,True,True,False,2,23250.0,23234.1,10:30,14:30,TIME,16.4,1066.0,-8.550000000000011,-555.7500000000007,-0.005557500000000007,99525.5,,,,,,,,,,23150.0,-2.0,38.3,51.1,23050.0,-4.0,21.9,26.15
2025-01-16,CE,23350.0,1,20.65,22983900.0,13.674141,14.4,26210550.0,14.118111,True,True,False,2,23300.0,23305.45,10:30,14:30,TIME,4.8500000000000005,315.25000000000006,4.550000000000001,295.75000000000006,0.0029575000000000005,99821.25,,23400.0,2.0,9.65,0.7,23500.0,4.0,4.8,0.4,,,,,,,,
2025-01-17,PE,23200.0,-1,137.25,6689175.0,13.900417,136.3,7172625.0,15.190299,True,True,True,3,23250.0,23264.15,10:30,14:30,TIME,30.599999999999994,1988.9999999999995,-3.450000000000017,-224.2500000000011,-0.002242500000000011,99597.0,,,,,,,,,,23150.0,-2.0,118.0,128.3,23050.0,-4.0,87.4,94.25
2025-01-20,CE,23500.0,6,59.6,6616425.0,17.648977,57.25,6936000.0,16.564523,True,True,True,3,23250.0,23246.9,10:30,14:30,TIME,39.349999999999994,2557.7499999999995,-9.100000000000023,-591.5000000000015,-0.005915000000000015,99005.5,,23350.0,2.0,111.8,149.15,23450.0,4.0,72.45,100.7,,,,,,,,
2025-01-21,PE,23000.0,-6,48.35,7830900.0,21.21159,98.65,5426325.0,24.172921,False,False,True,1,,,,,,0.0,0.0,0.0,0.0,0.0,99005.5,conditions_not_met:1/3,,,,,,,,,,,,,,,,
2025-01-22,CE,23500.0,8,9.65,12031800.0,20.510241,10.0,13036650.0,20.452622,False,True,True,2,23100.0,23107.7,10:30,14:30,TIME,30.700000000000003,1995.5000000000002,13.25,861.25,0.0086125,99866.75,,23200.0,2.0,63.35,35.9,23300.0,4.0,32.65,18.45,,,,,,,,
2025-01-23,PE,23100.0,-2,14.4,21524250.0,20.246992,7.25,23520975.0,21.335129,True,True,True,3,23250.0,23235.15,10:30,14:30,TIME,4.799999999999999,311.99999999999994,4.699999999999998,305.4999999999999,0.0030549999999999987,100172.25,,,,,,,,,,23150.0,-2.0,10.2,0.7,23050.0,-4.0,5.4,0.6
2025-01-24,PE,23000.0,-3,131.5,7393175.0,17.396266,104.4,7262625.0,16.351104,True,False,True,2,23200.0,23184.55,10:30,14:30,TIME,34.650000000000006,2252.2500000000005,-3.549999999999983,-230.7499999999989,-0.002307499999999989,99941.5,,,,,,,,,,23100.0,-2.0,139.05,146.1,23000.0,-4.0,104.4,107.9
2025-01-27,CE,23000.0,1,162.05,6685500.0,19.133637,111.15,8454500.0,19.612879,True,True,True,3,22850.0,22850.1,10:30,14:30,TIME,36.749999999999986,2388.749999999999,5.299999999999983,344.49999999999886,0.0034449999999999884,100286.0,,22950.0,2.0,130.45,99.8,23050.0,4.0,93.7,68.35,,,,,,,,
2025-01-28,CE,23000.0,2,121.5,9741225.0,21.848913,114.7,9427875.0,22.17639,True,False,True,2,22900.0,22890.65,10:30,14:30,TIME,36.95,2401.75,-25.05000000000001,-1628.2500000000007,-0.016282500000000005,98657.75,,23000.0,2.0,114.7,213.0,23100.0,4.0,77.75,151.0,,,,,,,,
2025-01-29,PE,23000.0,-1,128.2,13655475.0,29.388197,115.75,14406625.0,30.022452,True,True,True,3,23100.0,23087.45,10:30,14:30,TIME,35.75,2323.75,5.300000000000011,344.50000000000074,0.0034450000000000075,99002.25,,,,,,,,,,23000.0,-2.0,115.75,93.0,22900.0,-4.0,80.0,62.55
2025-01-30,PE,23000.0,-5,31.85,13203625.0,48.556178,17.0,14436225.0,48.376445,True,True,True,3,23300.0,23303.35,10:30,14:30,TIME,16.299999999999997,1059.4999999999998,-25.549999999999997,-1660.7499999999998,-0.016607499999999997,97341.5,,,,,,,,,,23200.0,-2.0,43.4,58.9,23100.0,-4.0,27.1,17.05
2025-01-31,PE,23000.0,-8,158.7,4315875.0,27.361969,144.1,4560075.0,26.028088,True,True,True,3,23400.0,23392.6,10:30,14:30,TIME,34.25,2226.25,2.8000000000000114,182.00000000000074,0.0018200000000000074,97523.5,,,,,,,,,,23300.0,-2.0,235.75,182.45,23200.0,-4.0,201.5,151.0
2025-02-01,CE,24000.0,9,82.0,8843100.0,20.307266,79.0,9294750.0,19.880038,True,True,True,3,23550.0,23563.95,10:30,14:30,TIME,44.85000000000002,2915.2500000000014,10.300000000000068,669.5000000000044,0.006695000000000045,98193.0,,23650.0,2.0,201.05,108.95,23750.0,4.0,156.2,74.4,,,,,,,,
2025-02-03,CE,23500.0,5,43.2,13932600.0,14.723964,47.6,14191650.0,13.984724,False,True,False,1,,,,,,0.0,0.0,0.0,0.0,0.0,98193.0,conditions_not_met:1/3,,,,,,,,,,,,,,,,
2025-02-04,CE,24000.0,9,14.0,15274800.0,17.258082,13.9,15369675.0,19.041012,True,True,True,3,23500.0,23505.2,10:30,14:30,TIME,37.2,2418.0,-11.400000000000006,-741.0000000000003,-0.007410000000000003,97452.0,,23600.0,2.0,105.15,126.35,23700.0,4.0,67.95,77.75,,,,,,,,
2025-02-05,CE,24000.0,5,14.3,20153925.0,14.837585,14.2,20430300.0,14.777641,True,True,False,2,23750.0,23770.65,10:30,14:30,TIME,20.699999999999996,1345.4999999999998,4.54999999999999,295.7499999999994,0.0029574999999999936,97747.75,,23850.0,2.0,41.3,33.7,23950.0,4.0,20.6,17.55,,,,,,,,
2025-02-06,CE,23700.0,1,24.45,26223825.0,20.688859,21.2,29794725.0,19.876193,True,True,True,3,23650.0,23639.05,10:30,14:30,TIME,7.5,487.5,7.299999999999999,474.49999999999994,0.004744999999999999,98222.25,,23750.0,2.0,14.85,0.65,23850.0,4.0,7.35,0.45,,,,,,,,
2025-02-07,CE,24000.0,8,51.9,6390225.0,14.130714,30.95,8247675.0,12.973127,True,True,False,2,23550.0,23540.95,10:30,14:30,TIME,40.099999999999994,2606.4999999999995,9.650000000000006,627.2500000000003,0.006272500000000004,98849.5,,23650.0,2.0,132.0,93.25,23750.0,4.0,91.9,62.8,,,,,,,,
2025-02-10,CE,23500.0,1,131.9,7964775.0,16.675443,110.8,8634525.0,17.717589,True,True,True,3,23400.0,23380.45,10:30,14:30,TIME,35.349999999999994,2297.7499999999995,4.400000000000006,286.00000000000034,0.0028600000000000036,99135.5,,23500.0,2.0,110.8,89.8,23600.0,4.0,75.45,58.85,,,,,,,,
2025-02-11,CE,23600.0,6,32.15,8626125.0,17.237214,27.85,9909825.0,17.180949,True,True,True,3,23300.0,23283.35,10:30,14:30,TIME,30.15,1959.75,21.25,1381.25,0.0138125,100516.75,,23400.0,2.0,78.0,24.55,23500.0,4.0,47.85,15.65,,,,,,,,
2025-02-12,PE,22700.0,-2,44.55,10510650.0,17.935162,35.8,7411200.0,18.542396,True,False,True,2,22850.0,22858.15,10:30,14:30,TIME,21.5,1397.5,11.0,715.0,0.00715,101231.75,,,,,,,,,,22750.0,-2.0,47.9,21.45,22650.0,-4.0,26.4,10.95
2025-02-13,CE,23500.0,6,3.55,15407700.0,32.249435,1.65,14802000.0,31.834311,True,False,True,2,23150.0,23149.95,10:30,14:30,TIME,15.75,1023.75,15.350000000000001,997.7500000000001,0.009977500000000002,102229.5,,23250.0,2.0,23.75,0.7,23350.0,4.0,8.0,0.3,,,,,,,,
2025-02-14,CE,23500.0,9,34.4,6553500.0,13.410199,32.15,6772425.0,13.593578,True,True,False,2,23050.0,23033.8,10:30,14:30,TIME,40.30000000000001,2619.500000000001,14.350000000000023,932.7500000000015,0.009327500000000015,103162.25,,23150.0,2.0,134.4,80.15,23250.0,4.0,94.1,54.2,,,,,,,,
2025-02-17,CE,23200.0,9,38.6,9174750.0,20.1973,51.0,9180150.0,19.910731,False,True,True,2,22850.0,22833.1,10:30,14:30,TIME,40.39999999999999,2625.9999999999995,-5.800000000000011,-377.00000000000074,-0.0037700000000000073,102785.25,,22950.0,2.0,134.85,156.15,23050.0,4.0,94.45,109.95,,,,,,,,
2025-02-18,CE,23300.0,7,25.15,8366700.0,18.763669,19.4,8982225.0,20.796358,True,True,True,3,22800.0,22824.75,10:30,14:30,TIME,36.75,2388.75,-14.049999999999983,-913.2499999999989,-0.009132499999999988,101872.0,,22900.0,2.0,116.4,147.0,23000.0,4.0,79.65,96.2,,,,,,,,
2025-02-19,CE,23200.0,4,30.4,11199075.0,18.954053,49.4,10000725.0,19.967619,False,False,True,1,,,,,,0.0,0.0,0.0,0.0,0.0,101872.0,conditions_not_met:1/3,,,,,,,,,,,,,,,,
2025-02-20,CE,23000.0,3,18.85,14549250.0,27.356989,15.95,15451275.0,25.48507,True,True,True,3,22900.0,22882.9,10:30,14:30,TIME,9.45,614.25,8.899999999999999,578.4999999999999,0.0057849999999999985,102450.5,,23000.0,2.0,15.95,1.2,23100.0,4.0,6.5,0.65,,,,,,,,
2025-02-21,CE,23000.0,4,94.65,11387550.0,13.470931,90.0,12854400.0,13.966891,True,True,False,2,22800.0,22776.5,10:30,14:30,TIME,39.30000000000001,2554.500000000001,0.35000000000002274,22.750000000001478,0.00022750000000001477,102473.25,,22900.0,2.0,129.3,110.75,23000.0,4.0,90.0,71.8,,,,,,,,
2025-02-24,CE,23000.0,8,19.35,14210625.0,15.617202,17.4,14686125.0,15.672881,True,True,True,3,22550.0,22565.95,10:30,14:30,TIME,40.14999999999999,2609.7499999999995,1.6000000000000227,104.00000000000148,0.0010400000000000149,102577.25,,22650.0,2.0,103.1,84.0,22750.0,4.0,62.95,45.45,,,,,,,,
2025-02-25,CE,23000.0,8,5.3,15229650.0,13.433895,4.45,15165525.0,13.580074,True,False,False,1,,,,,,0.0,0.0,0.0,0.0,0.0,102577.25,conditions_not_met:1/3,,,,,,,,,,,,,,,,
2025-02-27,CE,22600.0,1,9.05,29028600.0,12.870516,7.9,31384875.0,12.998276,True,True,False,2,22550.0,22540.1,10:30,14:30,TIME,2.1000000000000005,136.50000000000003,1.8000000000000007,117.00000000000004,0.0011700000000000005,102694.25,,22650.0,2.0,4.65,0.75,22750.0,4.0,2.55,0.45,,,,,,,,
2025-02-28,CE,22600.0,7,32.65,10035975.0,11.932703,39.35,10469100.0,11.805539,False,True,False,1,,,,,,0.0,0.0,0.0,0.0,0.0,102694.25,conditions_not_met:1/3,,,,,,,,,,,,,,,,
2025-03-03,CE,22500.0,9,17.05,13035975.0,16.353995,17.9,12942300.0,15.890838,False,False,True,1,,,,,,0.0,0.0,0.0,0.0,0.0,102694.25,conditions_not_met:1/3,,,,,,,,,,,,,,,,
2025-03-04,PE,22000.0,-1,67.15,12589275.0,14.839313,66.35,12629400.0,14.372686,True,True,False,2,22050.0,22058.8,10:30,14:30,TIME,22.249999999999996,1446.2499999999998,1.6000000000000085,104.00000000000055,0.0010400000000000055,102798.25,,,,,,,,,,21950.0,-2.0,50.05,45.0,21850.0,-4.0,27.8,24.35
2025-03-05,PE,22000.0,-5,19.25,16977000.0,19.880794,17.15,17033775.0,18.962039,True,True,True,3,22250.0,22253.95,10:30,14:30,TIME,22.2,1443.0,9.700000000000003,630.5000000000002,0.0063050000000000024,103428.75,,,,,,,,,,22150.0,-2.0,46.25,24.5,22050.0,-4.0,24.05,12.0
2025-03-06,CE,22500.0,4,8.85,23202225.0,27.332427,9.7,23385150.0,23.543136,False,True,True,2,22350.0,22367.25,10:30,14:30,TIME,11.849999999999998,770.2499999999999,-39.5,-2567.5,-0.025675,100861.25,,22450.0,2.0,17.65,53.6,22550.0,4.0,5.8,2.25,,,,,,,,
2025-03-07,PE,22500.0,-1,116.7,8574225.0,13.421305,99.15,9569025.0,13.36335,True,True,False,2,22600.0,22594.45,10:30,14:30,TIME,29.650000000000006,1927.2500000000005,-2.6500000000000057,-172.25000000000037,-0.0017225000000000038,100689.0,,,,,,,,,,22500.0,-2.0,99.15,103.3,22400.0,-4.0,69.5,71.0
2025-03-10,PE,22500.0,-3,72.6,10731900.0,16.8247,80.6,10914675.0,16.002662,False,True,True,2,22600.0,22607.9,10:30,14:30,TIME,29.249999999999993,1901.2499999999995,-18.200000000000017,-1183.0000000000011,-0.01183000000000001,99506.0,,,,,,,,,,22500.0,-2.0,80.6,151.8,22400.0,-4.0,51.35,104.35
2025-03-11,CE,22500.0,2,73.75,11341050.0,15.934972,76.4,7981275.0,15.633155,False,False,True,1,,,,,,0.0,0.0,0.0,0.0,0.0,99506.0,conditions_not_met:1/3,,,,,,,,,,,,,,,,
2025-03-12,CE,22500.0,1,56.6,16037400.0,13.819602,42.8,19368900.0,14.41251,True,True,False,2,22400.0,22417.75,10:30,14:30,TIME,23.699999999999996,1540.4999999999998,-12.300000000000011,-799.5000000000007,-0.007995000000000007,98706.5,,22500.0,2.0,42.8,62.2,22600.0,4.0,19.1,26.2,,,,,,,,
2025-03-13,PE,22500.0,-1,25.2,20773800.0,17.737525,16.15,27917550.0,15.758575,True,True,True,3,22550.0,22543.15,10:30,14:30,TIME,5.050000000000001,328.25000000000006,-42.4,-2756.0,-0.02756,95950.5,,,,,,,,,,22450.0,-2.0,9.05,49.1,22350.0,-4.0,4.0,1.65
2025-03-17,PE,22500.0,-1,92.55,9909225.0,14.194449,114.0,9035475.0,13.812223,False,False,False,0,,,,,,0.0,0.0,0.0,0.0,0.0,95950.5,conditions_not_met:0/3,,,,,,,,,,,,,,,,
2025-03-18,PE,22500.0,-4,41.1,12312150.0,17.228584,36.0,13223925.0,18.331017,True,True,True,3,22750.0,22757.9,10:30,14:30,TIME,24.449999999999996,1589.2499999999998,6.799999999999997,441.99999999999983,0.004419999999999999,96392.5,,,,,,,,,,22650.0,-2.0,69.35,45.7,22550.0,-4.0,44.9,28.05
2025-03-19,CE,23000.0,3,35.35,18066300.0,15.529772,43.1,17410500.0,15.659529,False,False,True,1,,,,,,0.0,0.0,0.0,0.0,0.0,96392.5,conditions_not_met:1/3,,,,,,,,,,,,,,,,
2025-03-20,CE,23100.0,1,18.3,24180825.0,19.958274,23.45,23296575.0,19.152781,False,False,True,1,,,,,,0.0,0.0,0.0,0.0,0.0,96392.5,conditions_not_met:1/3,,,,,,,,,,,,,,,,
2025-03-21,PE,23000.0,-5,41.7,12624250.0,12.00766,33.95,13168225.0,12.089333,True,True,False,2,23300.0,23304.15,10:30,14:30,TIME,28.25,1836.25,7.75,503.75,0.0050375,96896.25,,,,,,,,,,23200.0,-2.0,81.25,59.75,23100.0,-4.0,53.0,39.25
2025-03-24,CE,24000.0,9,14.85,12493775.0,15.093611,19.55,12129875.0,15.555101,False,False,True,1,,,,,,0.0,0.0,0.0,0.0,0.0,96896.25,conditions_not_met:1/3,,,,,,,,,,,,,,,,
2025-03-25,CE,24000.0,3,83.7,11599500.0,18.457263,63.85,11732925.0,18.689872,True,True,True,3,23800.0,23795.7,10:30,14:30,TIME,32.85,2135.25,12.650000000000006,822.2500000000003,0.008222500000000004,97718.5,,23900.0,2.0,96.7,48.0,24000.0,4.0,63.85,27.8,,,,,,,,
2025-03-26,CE,24000.0,7,12.1,18224750.0,18.420381,11.85,18318850.0,18.66177,True,True,True,3,23650.0,23661.55,10:30,14:30,TIME,29.799999999999997,1936.9999999999998,17.39999999999999,1130.9999999999995,0.011309999999999995,98849.5,,23750.0,2.0,61.65,24.1,23850.0,4.0,31.85,11.7,,,,,,,,
2025-03-27,PE,23500.0,-2,23.85,23191425.0,23.767509,12.95,24920025.0,23.574887,True,True,True,3,23600.0,23620.15,10:30,14:30,TIME,4.1,266.5,3.5999999999999996,233.99999999999997,0.0023399999999999996,99083.5,,,,,,,,,,23500.0,-2.0,12.95,1.35,23400.0,-4.0,8.85,0.85
2025-03-28,PE,23500.0,-1,105.6,7620825.0,12.010528,96.65,8418600.0,12.228689,True,True,False,2,23600.0,23581.65,10:30,14:30,TIME,29.60000000000001,1924.0000000000005,-3.75,-243.75,-0.0024375,98839.75,,,,,,,,,,23500.0,-2.0,96.65,96.2,23400.0,-4.0,67.05,62.85
2025-04-01,CE,23600.0,2,64.8,10353150.0,13.868268,22.25,12249750.0,15.185659,True,True,True,3,23300.0,23303.55,10:30,14:30,TIME,36.2,2353.0,23.500000000000014,1527.500000000001,0.015275000000000009,100367.25,,23400.0,2.0,79.15,30.65,23500.0,4.0,42.95,17.95,,,,,,,,
2025-04-02,CE,23500.0,5,14.6,15955950.0,17.133609,16.6,16781550.0,16.327385,False,True,True,2,23250.0,23261.5,10:30,14:30,TIME,25.349999999999998,1647.7499999999998,2.8499999999999943,185.24999999999963,0.0018524999999999963,100552.5,,23350.0,2.0,48.4,40.95,23450.0,4.0,23.05,18.45,,,,,,,,
2025-04-03,PE,23200.0,-1,24.0,38833425.0,16.867866,9.5,39769275.0,17.750682,True,True,True,3,23300.0,23289.6,10:30,14:30,TIME,4.25,276.25,3.700000000000001,240.50000000000006,0.0024050000000000005,100793.0,,,,,,,,,,23200.0,-2.0,9.5,1.35,23100.0,-4.0,5.25,0.8
2025-04-04,CE,23500.0,10,14.35,7711050.0,12.929809,,,,False,False,False,0,,,,,,0.0,0.0,0.0,0.0,0.0,100793.0,wall_missing_at_1030,,,,,,,,,,,,,,,,
2025-04-07,PE,21500.0,-10,131.7,5924025.0,47.37088,138.75,5901150.0,48.802088,False,False,True,1,,,,,,0.0,0.0,0.0,0.0,0.0,100793.0,conditions_not_met:1/3,,,,,,,,,,,,,,,,
2025-04-08,CE,22500.0,2,125.25,8682600.0,31.412203,122.0,9150675.0,29.819657,True,True,True,3,22400.0,22424.3,10:30,14:30,TIME,43.5,2827.5,-24.19999999999999,-1572.9999999999993,-0.015729999999999994,99220.0,,22500.0,2.0,122.0,273.7,22600.0,4.0,78.5,206.0,,,,,,,,
2025-04-09,CE,22500.0,2,33.65,13064175.0,34.325899,10.3,19146675.0,21.411929,True,True,True,3,22400.0,22388.4,10:30,14:30,TIME,5.15,334.75,4.95,321.75,0.0032175,99541.75,,22500.0,2.0,10.3,0.7,22600.0,4.0,5.15,0.5,,,,,,,,
2025-04-11,PE,22800.0,-1,205.7,4626675.0,20.30248,208.85,4515975.0,20.023732,False,False,True,1,,,,,,0.0,0.0,0.0,0.0,0.0,99541.75,conditions_not_met:1/3,,,,,,,,,,,,,,,,
2025-04-15,CE,23500.0,4,55.85,7700625.0,16.746405,46.8,8262375.0,15.594458,True,True,True,3,23300.0,23311.55,10:30,14:30,TIME,30.75,1998.75,6.5,422.5,0.004225,99964.25,,23400.0,2.0,77.55,52.6,23500.0,4.0,46.8,28.35,,,,,,,,
2025-04-16,PE,23300.0,-1,51.0,18854325.0,14.915309,84.2,14606850.0,16.493367,False,False,True,1,,,,,,0.0,0.0,0.0,0.0,0.0,99964.25,conditions_not_met:1/3,,,,,,,,,,,,,,,,
2025-04-17,PE,23300.0,-2,14.1,20450325.0,21.793756,24.1,15502500.0,27.127179,False,False,True,1,,,,,,0.0,0.0,0.0,0.0,0.0,99964.25,conditions_not_met:1/3,,,,,,,,,,,,,,,,
2025-04-21,PE,23500.0,-10,29.0,9351825.0,21.015688,,,,False,False,False,0,,,,,,0.0,0.0,0.0,0.0,0.0,99964.25,wall_missing_at_1030,,,,,,,,,,,,,,,,
2025-04-22,PE,24000.0,-4,45.9,11189925.0,15.644296,41.8,11806200.0,15.86113,True,True,True,3,24200.0,24196.3,10:30,14:30,TIME,27.0,1755.0,3.950000000000003,256.75000000000017,0.0025675000000000016,100221.0,,,,,,,,,,24100.0,-2.0,68.8,53.8,24000.0,-4.0,41.8,30.75
2025-04-23,PE,24000.0,-6,12.4,14342700.0,18.163651,18.15,13110675.0,17.112463,False,False,True,1,,,,,,0.0,0.0,0.0,0.0,0.0,100221.0,conditions_not_met:1/3,,,,,,,,,,,,,,,,
2025-04-24,CE,24300.0,1,30.0,24147225.0,17.367468,26.15,25767150.0,12.619222,True,True,False,2,24300.0,24292.25,10:30,14:30,TIME,5.25,341.25,4.95,321.75,0.0032175,100542.75,,24400.0,2.0,12.4,0.8,24500.0,4.0,7.15,0.5,,,,,,,,
2025-04-25,CE,24300.0,6,96.3,8677425.0,16.775234,68.8,9079125.0,16.934049,True,True,True,3,23900.0,23920.75,10:30,14:30,TIME,43.80000000000001,2847.000000000001,-17.399999999999977,-1130.9999999999986,-0.011309999999999987,99411.75,,24000.0,2.0,171.8,236.4,24100.0,4.0,128.0,175.2,,,,,,,,
2025-04-28,PE,24000.0,-4,52.8,11239425.0,18.808236,44.95,12666150.0,18.571864,True,True,True,3,24250.0,24250.1,10:30,14:30,TIME,20.999999999999993,1364.9999999999995,5.849999999999994,380.24999999999966,0.0038024999999999964,99792.0,,,,,,,,,,24150.0,-2.0,72.85,58.35,24050.0,-4.0,51.85,43.2
2025-04-29,CE,24500.0,3,34.3,16985925.0,14.141081,21.15,17948925.0,14.652006,True,True,False,2,24300.0,24309.4,10:30,14:30,TIME,20.65,1342.25,2.049999999999997,133.24999999999983,0.0013324999999999984,99925.25,,24400.0,2.0,41.8,34.35,24500.0,4.0,21.15,15.75,,,,,,,,
2025-04-30,PE,24300.0,-1,13.0,37505100.0,14.674572,17.5,40917525.0,12.134972,False,True,False,1,,,,,,0.0,0.0,0.0,0.0,0.0,99925.25,conditions_not_met:1/3,,,,,,,,,,,,,,,,
2025-05-02,PE,24400.0,-4,111.1,6921075.0,15.84939,136.05,6728100.0,15.647811,False,False,True,1,,,,,,0.0,0.0,0.0,0.0,0.0,99925.25,conditions_not_met:1/3,,,,,,,,,,,,,,,,
2025-05-05,CE,25000.0,10,13.35,11276175.0,14.828673,11.1,11747625.0,14.686442,True,True,False,2,24500.0,24483.3,10:30,14:30,TIME,30.449999999999996,1979.2499999999998,9.900000000000006,643.5000000000003,0.006435000000000003,100568.75,,24600.0,2.0,76.35,45.2,24700.0,4.0,45.9,24.65,,,,,,,,
2025-05-06,CE,24500.0,2,33.7,19873200.0,9.504127,32.45,21117300.0,9.222175,True,True,False,2,24400.0,24390.15,10:30,14:30,TIME,15.900000000000002,1033.5000000000002,3.700000000000003,240.50000000000017,0.0024050000000000018,100809.25,,24500.0,2.0,32.45,26.45,24600.0,4.0,16.55,14.25,,,,,,,,
2025-05-07,CE,24500.0,3,28.65,17878425.0,13.511264,21.3,20001075.0,13.093609,True,True,False,2,24350.0,24340.85,10:30,14:30,TIME,14.5,942.5,-1.2000000000000028,-78.00000000000018,-0.0007800000000000018,100731.25,,24450.0,2.0,30.3,31.35,24550.0,4.0,15.8,15.65,,,,,,,,
2025-05-08,CE,24500.0,2,4.9,28890900.0,15.05925,5.2,29744775.0,14.678237,False,True,False,1,,,,,,0.0,0.0,0.0,0.0,0.0,100731.25,conditions_not_met:1/3,,,,,,,,,,,,,,,,
2025-05-09,CE,24500.0,10,55.05,5151525.0,16.415293,67.0,5199375.0,16.730771,False,True,True,2,24050.0,24050.65,10:30,14:30,TIME,46.75,3038.75,9.300000000000011,604.5000000000007,0.006045000000000007,101335.75,,24150.0,2.0,196.85,140.05,24250.0,4.0,150.1,102.6,,,,,,,,
2025-05-12,PE,24500.0,-4,87.0,8613075.0,19.573832,93.05,8742975.0,19.932674,False,True,True,2,24700.0,24701.3,10:30,14:30,TIME,32.150000000000006,2089.7500000000005,8.649999999999977,562.2499999999985,0.005622499999999985,101898.0,,,,,,,,,,24600.0,-2.0,125.2,109.0,24500.0,-4.0,93.05,85.5
2025-05-13,CE,25000.0,5,82.7,10565250.0,23.434613,80.3,10909050.0,25.73681,True,True,True,3,24650.0,24673.55,10:30,14:30,TIME,36.80000000000001,2392.000000000001,9.850000000000023,640.2500000000015,0.006402500000000015,102538.25,,24750.0,2.0,160.4,89.6,24850.0,4.0,123.6,62.65,,,,,,,,
2025-05-14,CE,25000.0,6,24.85,15721350.0,19.25938,21.4,16187550.0,18.094497,True,True,True,3,24750.0,24731.85,10:30,14:30,TIME,22.299999999999997,1449.4999999999998,13.100000000000001,851.5000000000001,0.008515000000000002,103389.75,,24850.0,2.0,51.4,21.2,24950.0,4.0,29.1,12.0,,,,,,,,
2025-05-15,CE,25000.0,9,3.35,19133475.0,40.134857,4.85,19825200.0,42.267584,False,True,True,2,24600.0,24579.0,10:30,14:30,TIME,21.200000000000003,1378.0000000000002,-79.35000000000002,-5157.750000000002,-0.05157750000000002,98232.0,,24700.0,2.0,45.45,397.2,24800.0,4.0,24.25,296.65,,,,,,,,
2025-05-16,CE,25500.0,10,39.0,8255550.0,13.978812,40.3,8463450.0,14.059895,False,True,False,1,,,,,,0.0,0.0,0.0,0.0,0.0,98232.0,conditions_not_met:1/3,,,,,,,,,,,,,,,,
2025-05-19,CE,25500.0,10,27.1,10251075.0,17.633219,31.6,10014600.0,18.176723,False,False,True,1,,,,,,0.0,0.0,0.0,0.0,0.0,98232.0,conditions_not_met:1/3,,,,,,,,,,,,,,,,
2025-05-20,CE,25000.0,2,96.15,18488325.0,17.681158,93.1,18978675.0,17.413104,True,True,True,3,24900.0,24891.3,10:30,14:30,TIME,30.299999999999997,1969.4999999999998,18.499999999999986,1202.499999999999,0.01202499999999999,99434.5,,25000.0,2.0,93.1,42.6,25100.0,4.0,62.8,30.8,,,,,,,,
2025-05-21,CE,25000.0,4,63.65,15818100.0,23.375501,105.15,14120550.0,25.615346,False,False,True,1,,,,,,0.0,0.0,0.0,0.0,0.0,99434.5,conditions_not_met:1/3,,,,,,,,,,,,,,,,
2025-05-22,CE,25000.0,8,9.9,19901475.0,43.190552,4.75,20701650.0,41.971944,True,True,True,3,24600.0,24580.5,10:30,14:30,TIME,5.65,367.25,5.25,341.25,0.0034125,99775.75,,24700.0,2.0,15.3,1.4,24800.0,4.0,9.65,1.0,,,,,,,,
2025-05-23,CE,25000.0,4,122.25,9084300.0,15.115207,121.8,8877600.0,15.336316,True,False,True,2,24800.0,24778.95,10:30,14:30,TIME,40.7,2645.5,-9.0,-585.0,-0.00585,99190.75,,24900.0,2.0,162.5,213.5,25000.0,4.0,121.8,163.8,,,,,,,,
2025-05-26,PE,25000.0,-1,158.1,9501900.0,20.990811,223.5,8352000.0,22.89083,False,False,True,1,,,,,,0.0,0.0,0.0,0.0,0.0,99190.75,conditions_not_met:1/3,,,,,,,,,,,,,,,,
2025-05-27,CE,25000.0,5,123.7,12980175.0,27.940459,117.9,13865850.0,27.726564,True,True,True,3,24750.0,24753.55,10:30,14:30,TIME,40.44999999999999,2629.249999999999,2.25,146.25,0.0014625,99337.0,,24850.0,2.0,173.6,169.35,24950.0,4.0,133.15,131.15,,,,,,,,
2025-05-28,CE,25000.0,4,82.2,17201925.0,29.269305,72.4,17043525.0,29.107571,True,False,True,2,24750.0,24749.55,10:30,14:30,TIME,32.05,2083.25,1.75,113.75,0.0011375,99450.75,,24850.0,2.0,118.05,88.8,24950.0,4.0,86.0,58.5,,,,,,,,
2025-05-29,CE,25000.0,4,16.1,21065775.0,31.512151,11.05,21491700.0,33.112476,True,True,True,3,24750.0,24762.45,10:30,14:30,TIME,12.099999999999998,786.4999999999999,10.049999999999997,653.2499999999998,0.0065324999999999975,100104.0,,24850.0,2.0,26.15,3.75,24950.0,4.0,14.05,1.7,,,,,,,,
2025-05-30,CE,25000.0,4,135.35,8187600.0,15.62733,128.3,8964450.0,16.728571,True,True,True,3,24750.0,24750.25,10:30,14:30,TIME,40.95000000000002,2661.750000000001,-1.8000000000000114,-117.00000000000074,-0.0011700000000000074,99987.0,,24850.0,2.0,186.8,188.5,24950.0,4.0,145.85,145.75,,,,,,,,
2025-06-02,CE,25000.0,8,61.35,10901175.0,20.856715,71.35,10136250.0,22.63617,False,False,True,1,,,,,,0.0,0.0,0.0,0.0,0.0,99987.0,conditions_not_met:1/3,,,,,,,,,,,,,,,,
2025-06-03,CE,25000.0,7,90.45,10894950.0,28.928497,110.85,9691350.0,27.825659,False,False,True,1,,,,,,0.0,0.0,0.0,0.0,0.0,99987.0,conditions_not_met:1/3,,,,,,,,,,,,,,,,
2025-06-04,CE,24600.0,1,79.35,17034375.0,15.407928,82.25,16774200.0,15.112028,False,False,True,1,,,,,,0.0,0.0,0.0,0.0,0.0,99987.0,conditions_not_met:1/3,,,,,,,,,,,,,,,,
2025-06-05,PE,24600.0,-3,9.75,24190275.0,22.929342,9.0,24244875.0,19.36825,True,True,True,3,24700.0,24715.95,10:30,14:30,TIME,5.0,325.0,2.75,178.75,0.0017875,100165.75,,,,,,,,,,24600.0,-2.0,9.0,3.1,24500.0,-4.0,4.0,0.85
2025-06-06,CE,25000.0,6,74.85,8601750.0,13.140479,113.75,7942050.0,12.596602,False,False,False,0,,,,,,0.0,0.0,0.0,0.0,0.0,100165.75,conditions_not_met:0/3,,,,,,,,,,,,,,,,
2025-06-09,CE,25500.0,8,30.45,9814125.0,15.80399,33.15,9779850.0,15.548379,False,False,True,1,,,,,,0.0,0.0,0.0,0.0,0.0,100165.75,conditions_not_met:1/3,,,,,,,,,,,,,,,,
2025-06-10,CE,25500.0,7,14.85,10724325.0,14.43168,13.7,10799100.0,14.033383,True,True,False,2,25150.0,25136.6,10:30,14:30,TIME,25.999999999999996,1689.9999999999998,7.8999999999999915,513.4999999999994,0.005134999999999995,100679.25,,25250.0,2.0,57.8,37.25,25350.0,4.0,31.8,19.15,,,,,,,,
2025-06-11,PE,25100.0,-1,54.9,16891275.0,13.862973,57.85,17269350.0,13.746359,False,True,False,1,,,,,,0.0,0.0,0.0,0.0,0.0,100679.25,conditions_not_met:1/3,,,,,,,,,,,,,,,,
2025-06-12,CE,25200.0,3,18.25,23579100.0,24.83579,19.0,26736750.0,21.03043,False,True,True,2,25100.0,25113.9,10:30,14:30,TIME,11.15,724.75,10.900000000000002,708.5000000000001,0.007085000000000001,101387.75,,25200.0,2.0,19.0,0.85,25300.0,4.0,7.85,0.6,,,,,,,,
2025-06-13,CE,25000.0,7,54.3,8712375.0,13.093784,61.1,8809650.0,13.022647,False,True,False,1,,,,,,0.0,0.0,0.0,0.0,0.0,101387.75,conditions_not_met:1/3,,,,,,,,,,,,,,,,
2025-06-16,CE,25000.0,5,43.8,8906100.0,13.980345,76.55,7844175.0,14.514831,False,False,False,0,,,,,,0.0,0.0,0.0,0.0,0.0,101387.75,conditions_not_met:0/3,,,,,,,,,,,,,,,,
2025-06-17,CE,25000.0,2,56.05,10663050.0,13.059593,53.2,11499450.0,12.821225,True,True,False,2,24850.0,24873.25,10:30,14:30,TIME,30.349999999999994,1972.7499999999995,2.049999999999983,133.2499999999989,0.0013324999999999889,101521.0,,24950.0,2.0,70.3,62.95,25050.0,4.0,39.95,34.65,,,,,,,,
2025-06-18,PE,24800.0,-2,51.65,13742475.0,17.570281,58.0,13838550.0,16.631532,False,True,True,2,24900.0,24877.65,10:30,14:30,TIME,25.1,1631.5,-14.299999999999997,-929.4999999999998,-0.009294999999999998,100591.5,,,,,,,,,,24800.0,-2.0,58.0,90.6,24700.0,-4.0,32.9,51.2
2025-06-19,PE,24800.0,-1,18.25,35846700.0,13.269878,17.2,41533125.0,13.514912,True,True,False,2,24850.0,24834.4,10:30,14:30,TIME,4.800000000000001,312.00000000000006,4.050000000000001,263.25000000000006,0.0026325000000000007,100854.75,,,,,,,,,,24750.0,-2.0,11.8,1.9,24650.0,-4.0,7.0,1.15
2025-06-20,CE,25000.0,3,103.2,9521050.0,11.140558,215.0,8787225.0,13.850323,False,False,False,0,,,,,,0.0,0.0,0.0,0.0,0.0,100854.75,conditions_not_met:0/3,,,,,,,,,,,,,,,,
2025-06-23,CE,25000.0,3,81.25,13087175.0,14.396543,94.85,13529075.0,14.158287,False,True,False,1,,,,,,0.0,0.0,0.0,0.0,0.0,100854.75,conditions_not_met:1/3,,,,,,,,,,,,,,,,
2025-06-24,PE,25000.0,-4,51.1,10688275.0,16.9413,42.8,11752650.0,16.840057,True,True,True,3,25250.0,25233.05,10:30,14:30,TIME,25.650000000000006,1667.2500000000005,-23.599999999999966,-1533.9999999999977,-0.015339999999999977,99320.75,,,,,,,,,,25150.0,-2.0,77.4,144.95,25050.0,-4.0,51.75,95.7
2025-06-25,PE,25000.0,-4,25.2,15734025.0,16.62837,24.5,16653025.0,16.605899,True,True,True,3,25200.0,25205.3,10:30,14:30,TIME,19.5,1267.5,9.850000000000001,640.2500000000001,0.006402500000000001,99961.0,,,,,,,,,,25100.0,-2.0,44.0,26.05,25000.0,-4.0,24.5,16.4
2025-06-26,PE,25200.0,-5,11.75,20430750.0,30.799091,18.15,18645675.0,30.602912,False,False,True,1,,,,,,0.0,0.0,0.0,0.0,0.0,99961.0,conditions_not_met:1/3,,,,,,,,,,,,,,,,
2025-06-27,CE,26000.0,9,28.5,9267075.0,11.419701,27.2,10088925.0,11.096839,True,True,False,2,25550.0,25557.45,10:30,14:30,TIME,38.7,2515.5,-7.550000000000011,-490.75000000000074,-0.004907500000000007,99470.25,,25650.0,2.0,120.0,139.75,25750.0,4.0,81.3,93.5,,,,,,,,
2025-06-30,CE,26000.0,9,19.7,11097150.0,14.340352,19.0,12059850.0,14.3817,True,True,False,2,25550.0,25555.95,10:30,14:30,TIME,39.55,2570.75,12.699999999999989,825.4999999999993,0.008254999999999993,100295.75,,25650.0,2.0,107.25,69.45,25750.0,4.0,67.7,42.6,,,,,,,,
2025-07-01,CE,25600.0,1,99.2,13903425.0,13.63945,87.6,14537100.0,13.467659,True,True,False,2,25550.0,25543.55,10:30,14:30,TIME,29.75,1933.75,3.9000000000000057,253.50000000000037,0.002535000000000004,100549.25,,25650.0,2.0,67.2,53.8,25750.0,4.0,37.45,27.95,,,,,,,,
2025-07-02,CE,25600.0,1,56.75,21560025.0,14.050352,46.35,22901400.0,13.461649,True,True,False,2,25500.0,25514.5,10:30,14:30,TIME,25.700000000000003,1670.5000000000002,15.899999999999999,1033.5,0.010335,101582.75,,25600.0,2.0,46.35,18.55,25700.0,4.0,20.65,8.75,,,,,,,,
2025-07-03,PE,25500.0,-1,26.65,20872125.0,19.644543,21.9,26564325.0,18.752783,True,True,True,3,25550.0,25558.1,10:30,14:30,TIME,7.050000000000001,458.25000000000006,-35.3,-2294.5,-0.022945,99288.25,,,,,,,,,,25450.0,-2.0,10.8,50.8,25350.0,-4.0,3.75,8.45
2025-07-04,CE,25500.0,2,117.5,10366275.0,10.123267,111.2,10642050.0,10.133134,True,True,False,2,25400.0,25408.1,10:30,14:30,TIME,37.10000000000001,2411.5000000000005,4.650000000000006,302.25000000000034,0.0030225000000000035,99590.5,,25500.0,2.0,111.2,90.65,25600.0,4.0,74.1,58.2,,,,,,,,
2025-07-07,CE,25500.0,1,110.4,11305950.0,12.04825,95.6,12479625.0,12.087634,True,True,False,2,25450.0,25436.25,10:30,14:30,TIME,29.700000000000003,1930.5000000000002,-1.5,-97.5,-0.000975,99493.0,,25550.0,2.0,75.4,77.7,25650.0,4.0,45.7,46.5,,,,,,,,
2025-07-08,CE,25500.0,1,80.4,15429225.0,12.208377,75.15,17475375.0,11.723287,True,True,False,2,25450.0,25447.2,10:30,14:30,TIME,25.900000000000002,1683.5000000000002,-0.6500000000000057,-42.25000000000037,-0.0004225000000000037,99450.75,,25550.0,2.0,55.45,51.45,25650.0,4.0,29.55,24.9,,,,,,,,
2025-07-09,CE,26000.0,10,2.4,15257325.0,16.441814,2.6,15802350.0,16.471907,False,True,True,2,25500.0,25524.1,10:30,14:30,TIME,24.95,1621.75,10.649999999999991,692.2499999999994,0.006922499999999995,100143.0,,25600.0,2.0,46.0,26.1,25700.0,4.0,21.05,11.8,,,,,,,,
2025-07-10,CE,25500.0,1,24.75,39730275.0,19.819574,23.8,40010100.0,21.853272,True,True,True,3,25400.0,25423.7,10:30,14:30,TIME,14.450000000000001,939.2500000000001,11.75,763.75,0.0076375,100906.75,,25500.0,2.0,23.8,3.95,25600.0,4.0,9.35,1.25,,,,,,,,
2025-07-11,CE,25500.0,4,50.9,9958650.0,9.083028,40.2,12098325.0,9.152536,True,True,False,2,25250.0,25232.05,10:30,14:30,TIME,31.900000000000006,2073.5000000000005,9.800000000000011,637.0000000000007,0.006370000000000007,101543.75,,25350.0,2.0,83.4,60.55,25450.0,4.0,51.5,38.45,,,,,,,,
2025-07-14,CE,25500.0,8,20.8,12207675.0,13.249769,18.05,12397125.0,13.350105,True,True,False,2,25100.0,25100.3,10:30,14:30,TIME,31.200000000000003,2028.0000000000002,8.650000000000006,562.2500000000003,0.005622500000000003,102106.0,,25200.0,2.0,78.95,58.4,25300.0,4.0,47.75,35.85,,,,,,,,
2025-07-15,CE,25200.0,2,54.55,13550100.0,11.333597,59.6,14076150.0,10.527921,False,True,False,1,,,,,,0.0,0.0,0.0,0.0,0.0,102106.0,conditions_not_met:1/3,,,,,,,,,,,,,,,,
2025-07-16,CE,25200.0,1,45.85,21300150.0,10.946479,44.75,22887750.0,10.732032,True,True,False,2,25150.0,25153.4,10:30,14:30,TIME,16.0,1040.0,-12.050000000000004,-783.2500000000002,-0.007832500000000003,101322.75,,25250.0,2.0,30.2,49.0,25350.0,4.0,14.2,20.95,,,,,,,,
2025-07-17,CE,25250.0,1,17.15,25716225.0,15.678842,11.4,24557925.0,19.091727,True,False,True,2,25150.0,25144.35,10:30,14:30,TIME,6.65,432.25,6.150000000000001,399.75000000000006,0.0039975,101722.5,,25250.0,2.0,11.4,1.3,25350.0,4.0,4.75,0.8,,,,,,,,
2025-07-18,CE,25200.0,3,71.3,9533775.0,9.442751,51.05,12504075.0,10.30749,True,True,False,2,24950.0,24933.4,10:30,14:30,TIME,35.5,2307.5,-4.149999999999977,-269.7499999999985,-0.002697499999999985,101452.75,,25050.0,2.0,100.15,112.8,25150.0,4.0,64.65,73.15,,,,,,,,
2025-07-21,PE,25000.0,-1,80.4,10097925.0,11.242051,73.4,11146950.0,11.323966,True,True,False,2,25050.0,25051.1,10:30,14:30,TIME,22.450000000000003,1459.2500000000002,1.0999999999999943,71.49999999999963,0.0007149999999999963,101524.25,,,,,,,,,,24950.0,-2.0,57.85,50.6,24850.0,-4.0,35.4,29.25
2025-07-22,CE,25200.0,2,45.25,13417200.0,10.469239,44.2,14073675.0,10.222105,True,True,False,2,25100.0,25099.3,10:30,14:30,TIME,22.050000000000004,1433.2500000000002,6.600000000000001,429.0000000000001,0.004290000000000001,101953.25,,25200.0,2.0,44.2,29.75,25300.0,4.0,22.15,14.3,,,,,,,,
2025-07-23,CE,25200.0,2,30.95,19545975.0,10.679733,29.95,19941000.0,10.941055,True,True,False,2,25100.0,25108.0,10:30,14:30,TIME,18.299999999999997,1189.4999999999998,-16.85000000000001,-1095.2500000000005,-0.010952500000000004,100858.0,,25200.0,2.0,29.95,56.0,25300.0,4.0,11.65,20.85,,,,,,,,
2025-07-24,CE,25200.0,1,21.5,41235075.0,13.38231,19.9,45687225.0,13.640445,True,True,False,2,25150.0,25168.55,10:30,14:30,TIME,6.2,403.0,5.999999999999999,389.99999999999994,0.0038999999999999994,101248.0,,25250.0,2.0,9.75,0.65,25350.0,4.0,3.55,0.45,,,,,,,,
2025-07-25,CE,25200.0,5,39.75,12043875.0,9.340533,33.2,12370875.0,9.948997,True,True,False,2,24850.0,24868.35,10:30,14:30,TIME,35.25,2291.25,5.25,341.25,0.0034125,101589.25,,24950.0,2.0,100.65,82.95,25050.0,4.0,65.4,52.95,,,,,,,,
2025-07-28,CE,25000.0,4,53.2,16299525.0,12.928131,81.35,14306250.0,13.211617,False,False,False,0,,,,,,0.0,0.0,0.0,0.0,0.0,101589.25,conditions_not_met:0/3,,,,,,,,,,,,,,,,
2025-07-29,CE,25000.0,6,26.0,16761600.0,15.136906,19.7,16407825.0,15.9925,True,False,True,2,24650.0,24634.2,10:30,14:30,TIME,24.199999999999996,1572.9999999999998,-32.20000000000002,-2093.000000000001,-0.020930000000000008,99496.25,,24750.0,2.0,60.9,131.65,24850.0,4.0,36.7,75.25,,,,,,,,
2025-07-30,CE,25000.0,3,21.7,19485525.0,13.084648,18.15,20400450.0,13.353829,True,True,False,2,24800.0,24813.6,10:30,14:30,TIME,18.1,1176.5,-15.149999999999999,-984.7499999999999,-0.009847499999999999,98511.5,,24900.0,2.0,36.25,59.85,25000.0,4.0,18.15,26.6,,,,,,,,
2025-07-31,PE,24600.0,-1,31.0,18407925.0,24.14091,18.5,21327525.0,21.460625,True,True,True,3,24700.0,24685.2,10:30,14:30,TIME,11.5,747.5,10.599999999999998,688.9999999999999,0.0068899999999999986,99200.5,,,,,,,,,,24600.0,-2.0,18.5,2.3,24500.0,-4.0,7.0,1.4
2025-08-01,CE,25000.0,6,47.3,8732175.0,10.63,63.05,8624475.0,10.57,False,False,False,0,,,,,,0.0,0.0,0.0,0.0,0.0,99200.5,conditions_not_met:0/3,,,,,,,,,,,,,,,,
2025-08-04,CE,25000.0,8,26.5,12061350.0,14.24,26.65,12300825.0,13.75,False,True,False,1,,,,,,0.0,0.0,0.0,0.0,0.0,99200.5,conditions_not_met:1/3,,,,,,,,,,,,,,,,
2025-08-05,CE,24700.0,2,68.45,17797725.0,12.77,70.7,18014700.0,12.2,False,True,False,1,,,,,,0.0,0.0,0.0,0.0,0.0,99200.5,conditions_not_met:1/3,,,,,,,,,,,,,,,,
2025-08-06,CE,24700.0,1,66.2,17678700.0,14.53,44.75,20193075.0,12.78,True,True,False,2,24600.0,24599.95,10:30,14:30,TIME,24.2,1573.0,9.299999999999997,604.4999999999998,0.006044999999999997,99805.0,,24700.0,2.0,44.75,25.45,24800.0,4.0,20.55,10.55,,,,,,,,
2025-08-07,CE,24600.0,2,12.95,25373850.0,13.04,7.25,26451825.0,13.95,True,True,False,2,24450.0,24434.3,10:30,14:30,TIME,5.750000000000001,373.75000000000006,2.400000000000002,156.00000000000014,0.0015600000000000015,99961.0,,24550.0,2.0,10.8,4.35,24650.0,4.0,5.05,1.0,,,,,,,,
2025-08-08,CE,24600.0,3,88.15,9981150.0,9.64,86.2,11271825.0,9.73,True,True,False,2,24450.0,24461.7,10:30,14:30,TIME,37.10000000000001,2411.5000000000005,7.100000000000023,461.5000000000015,0.004615000000000015,100422.5,,24550.0,2.0,106.45,83.3,24650.0,4.0,69.35,53.3,,,,,,,,
2025-08-11,CE,24500.0,2,95.6,14553975.0,12.97,102.85,14671725.0,12.52,False,True,False,1,,,,,,0.0,0.0,0.0,0.0,0.0,100422.5,conditions_not_met:1/3,,,,,,,,,,,,,,,,
2025-08-12,PE,24600.0,-2,55.3,13264500.0,11.67,84.45,11802300.0,11.28,False,False,False,0,,,,,,0.0,0.0,0.0,0.0,0.0,100422.5,conditions_not_met:0/3,,,,,,,,,,,,,,,,
2025-08-13,CE,25000.0,8,3.65,18923700.0,16.72,3.3,19281150.0,17.02,True,True,True,3,24600.0,24591.95,10:30,14:30,TIME,23.1,1501.5,-4.099999999999994,-266.49999999999966,-0.002664999999999997,100156.0,,24700.0,2.0,39.7,42.9,24800.0,4.0,16.6,15.7,,,,,,,,
2025-08-14,PE,24600.0,-1,30.9,30951075.0,11.82,22.15,31324800.0,12.2,True,True,False,2,24650.0,24659.45,10:30,14:30,TIME,8.15,529.75,3.450000000000001,224.25000000000006,0.0022425000000000006,100380.25,,,,,,,,,,24550.0,-2.0,12.9,6.0,24450.0,-4.0,4.75,1.3
2025-08-18,PE,24900.0,-2,78.55,9467475.0,13.59,80.2,9934275.0,13.03,False,True,False,1,,,,,,0.0,0.0,0.0,0.0,0.0,100380.25,conditions_not_met:1/3,,,,,,,,,,,,,,,,
2025-08-19,CE,25000.0,2,57.1,15853650.0,10.52,55.9,16098225.0,10.36,True,True,False,2,24900.0,24912.6,10:30,14:30,TIME,28.2,1833.0,-9.600000000000009,-624.0000000000006,-0.006240000000000006,99756.25,,25000.0,2.0,55.9,74.25,25100.0,4.0,27.7,36.45,,,,,,,,
2025-08-20,PE,24900.0,-2,38.95,20280600.0,11.42,34.0,22312725.0,11.72,True,True,False,2,25000.0,24998.65,10:30,14:30,TIME,19.6,1274.0,11.149999999999999,724.7499999999999,0.007247499999999999,100481.0,,,,,,,,,,24900.0,-2.0,34.0,15.55,24800.0,-4.0,14.4,7.1
2025-08-21,PE,25000.0,-2,9.8,32383650.0,11.25,7.1,33123450.0,12.54,True,True,False,2,25150.0,25142.3,10:30,14:30,TIME,7.700000000000001,500.50000000000006,6.950000000000001,451.75000000000006,0.004517500000000001,100932.75,,,,,,,,,,25050.0,-2.0,12.05,1.5,24950.0,-4.0,4.35,0.75
2025-08-22,CE,25000.0,1,105.45,18149400.0,7.73,93.2,20664225.0,7.92,True,True,False,2,24950.0,24931.1,10:30,14:30,TIME,29.550000000000004,1920.7500000000002,4.900000000000006,318.50000000000034,0.0031850000000000034,101251.25,,25050.0,2.0,73.2,58.8,25150.0,4.0,43.65,34.15,,,,,,,,
2025-08-25,CE,25000.0,1,67.55,23190150.0,9.12,61.75,24009375.0,8.94,True,True,False,2,24900.0,24917.3,10:30,14:30,TIME,28.85,1875.25,-9.300000000000011,-604.5000000000007,-0.006045000000000007,100646.75,,25000.0,2.0,61.75,76.4,25100.0,4.0,32.9,38.25,,,,,,,,
2025-08-26,CE,25000.0,4,16.3,20160300.0,9.52,17.35,20163975.0,9.13,False,True,False,1,,,,,,0.0,0.0,0.0,0.0,0.0,100646.75,conditions_not_met:1/3,,,,,,,,,,,,,,,,
2025-08-28,PE,24500.0,-2,16.55,26718750.0,12.71,12.45,29313375.0,11.68,True,True,False,2,24600.0,24591.25,10:30,14:30,TIME,7.8999999999999995,513.5,4.449999999999999,289.24999999999994,0.0028924999999999992,100936.0,,,,,,,,,,24500.0,-2.0,12.45,4.2,24400.0,-4.0,4.55,0.75
2025-08-29,CE,24600.0,2,64.1,15123525.0,9.19,74.95,15668400.0,9.18,False,True,False,1,,,,,,0.0,0.0,0.0,0.0,0.0,100936.0,conditions_not_met:1/3,,,,,,,,,,,,,,,,
2025-09-01,CE,24600.0,1,48.5,23831700.0,10.54,41.25,24346875.0,10.72,True,True,False,2,24500.0,24524.15,10:30,14:30,TIME,26.45,1719.25,-15.450000000000003,-1004.2500000000002,-0.010042500000000003,99931.75,,24600.0,2.0,41.25,65.7,24700.0,4.0,14.8,23.8,,,,,,,,
2025-09-02,PE,24700.0,-1,23.95,35436600.0,9.36,20.3,43008150.0,9.22,True,True,False,2,24750.0,24732.05,10:30,14:30,TIME,6.299999999999999,409.49999999999994,-74.75,-4858.75,-0.0485875,95073.0,,,,,,,,,,24650.0,-2.0,11.2,117.25,24550.0,-4.0,4.9,36.2
2025-09-03,PE,24500.0,-2,72.2,11799975.0,9.82,73.05,12141300.0,9.77,False,True,False,1,,,,,,0.0,0.0,0.0,0.0,0.0,95073.0,conditions_not_met:1/3,,,,,,,,,,,,,,,,
2025-09-04,CE,25000.0,2,71.0,14211900.0,7.57,51.7,16785600.0,7.87,True,True,False,2,24850.0,24852.05,10:30,14:30,TIME,30.85000000000001,2005.2500000000005,13.800000000000011,897.0000000000007,0.008970000000000007,95970.0,,24950.0,2.0,68.9,39.75,25050.0,4.0,38.05,22.7,,,,,,,,
2025-09-05,CE,25000.0,4,21.8,23143275.0,7.4,18.45,22931775.0,8.64,True,False,False,1,,,,,,0.0,0.0,0.0,0.0,0.0,95970.0,conditions_not_met:1/3,,,,,,,,,,,,,,,,
2025-09-08,CE,25000.0,4,15.25,24756225.0,10.63,11.45,26143050.0,11.06,True,True,False,2,24800.0,24784.2,10:30,14:30,TIME,17.25,1121.25,-9.299999999999997,-604.4999999999998,-0.006044999999999997,95365.5,,24900.0,2.0,28.7,43.8,25000.0,4.0,11.45,17.25,,,,,,,,
2025-09-09,CE,24900.0,1,24.2,35964825.0,11.19,17.65,39179100.0,11.02,True,True,False,2,24850.0,24830.95,10:30,14:30,TIME,6.049999999999999,393.24999999999994,2.8499999999999996,185.24999999999997,0.0018524999999999998,95550.75,,24950.0,2.0,9.7,3.95,25050.0,4.0,3.65,0.75,,,,,,,,
2025-09-10,PE,24900.0,-2,69.1,10435875.0,9.79,62.7,11012475.0,9.71,True,True,False,2,25000.0,25022.3,10:30,14:30,TIME,22.1,1436.5,-3.700000000000003,-240.50000000000017,-0.0024050000000000018,95310.25,,,,,,,,,,24900.0,-2.0,62.7,68.05,24800.0,-4.0,40.6,42.25
2025-09-11,PE,24900.0,-2,53.3,10534725.0,8.36,53.45,10578150.0,8.38,False,True,False,1,,,,,,0.0,0.0,0.0,0.0,0.0,95310.25,conditions_not_met:1/3,,,,,,,,,,,,,,,,
2025-09-12,PE,25000.0,-1,44.2,23148450.0,7.41,41.55,25117650.0,7.48,True,True,False,2,25050.0,25073.15,10:30,14:30,TIME,14.05,913.25,4.700000000000003,305.50000000000017,0.0030550000000000017,95615.75,,,,,,,,,,24950.0,-2.0,29.6,21.25,24850.0,-4.0,15.55,11.9
2025-09-15,PE,25000.0,-2,25.45,23867625.0,9.69,24.05,23976600.0,9.61,True,True,False,2,25100.0,25094.3,10:30,14:30,TIME,13.65,887.25,1.5,97.5,0.000975,95713.25,,,,,,,,,,25000.0,-2.0,24.05,20.45,24900.0,-4.0,10.4,8.3
2025-09-16,PE,25100.0,-1,16.5,47753925.0,10.87,16.3,49899525.0,10.63,True,True,False,2,25150.0,25164.6,10:30,14:30,TIME,5.449999999999999,354.24999999999994,5.299999999999999,344.49999999999994,0.0034449999999999993,96057.75,,,,,,,,,,25050.0,-2.0,9.2,0.6,24950.0,-4.0,3.75,0.45
2025-09-17,PE,25200.0,-2,48.3,9125325.0,8.21,45.05,9979500.0,8.11,True,True,False,2,25300.0,25324.55,10:30,14:30,TIME,16.999999999999996,1104.9999999999998,-1.6499999999999915,-107.24999999999945,-0.0010724999999999945,95950.5,,,,,,,,,,25200.0,-2.0,45.05,48.5,25100.0,-4.0,28.05,29.85
2025-09-18,CE,25500.0,2,66.7,12893625.0,6.95,66.5,13241100.0,6.93,True,True,False,2,25400.0,25417.15,10:30,14:30,TIME,34.35,2232.75,9.149999999999991,594.7499999999994,0.0059474999999999945,96545.25,,25500.0,2.0,66.5,45.5,25600.0,4.0,32.15,20.3,,,,,,,,
2025-09-19,CE,25400.0,2,48.95,24881475.0,6.92,58.1,25578375.0,6.15,False,True,False,1,,,,,,0.0,0.0,0.0,0.0,0.0,96545.25,conditions_not_met:1/3,,,,,,,,,,,,,,,,
2025-09-22,CE,25400.0,2,32.55,23594325.0,9.22,32.35,23494800.0,9.31,True,False,False,1,,,,,,0.0,0.0,0.0,0.0,0.0,96545.25,conditions_not_met:1/3,,,,,,,,,,,,,,,,
2025-09-23,CE,25200.0,1,25.8,36215625.0,12.08,20.75,37350375.0,11.83,True,True,False,2,25150.0,25130.55,10:30,14:30,TIME,6.85,445.25,1.5999999999999996,103.99999999999997,0.0010399999999999997,96649.25,,25250.0,2.0,11.6,6.05,25350.0,4.0,4.75,0.8,,,,,,,,
2025-09-24,PE,25000.0,-2,58.6,12572625.0,8.51,53.75,13675500.0,8.36,True,True,False,2,25100.0,25101.1,10:30,14:30,TIME,21.15,1374.75,1.3499999999999943,87.74999999999963,0.0008774999999999963,96737.0,,,,,,,,,,25000.0,-2.0,53.75,50.9,24900.0,-4.0,32.6,31.1
2025-09-25,PE,25000.0,-1,60.75,16854825.0,7.92,64.0,16784625.0,8.08,False,False,False,0,,,,,,0.0,0.0,0.0,0.0,0.0,96737.0,conditions_not_met:0/3,,,,,,,,,,,,,,,,
2025-09-26,CE,25000.0,4,34.9,21094125.0,8.57,32.0,22169250.0,8.64,True,True,False,2,24800.0,24790.5,10:30,14:30,TIME,29.1,1891.5,18.15,1179.75,0.0117975,97916.75,,24900.0,2.0,61.1,27.65,25000.0,4.0,32.0,16.7,,,,,,,,
2025-09-29,PE,24700.0,-1,28.5,24051450.0,9.09,28.9,25529550.0,9.04,False,True,False,1,,,,,,0.0,0.0,0.0,0.0,0.0,97916.75,conditions_not_met:1/3,,,,,,,,,,,,,,,,
2025-09-30,CE,24700.0,1,39.9,31581900.0,13.68,23.1,34003800.0,13.2,True,True,False,2,24600.0,24624.7,10:30,14:30,TIME,14.600000000000001,949.0000000000001,12.85,835.25,0.0083525,98752.0,,24700.0,2.0,23.1,2.9,24800.0,4.0,8.5,1.15,,,,,,,,
2025-10-01,PE,24600.0,-2,75.8,10788075.0,9.59,71.8,11380125.0,9.27,True,True,False,2,24650.0,24674.8,10:30,14:30,TIME,21.65,1407.25,13.549999999999997,880.7499999999998,0.008807499999999998,99632.75,,,,,,,,,,24550.0,-2.0,56.55,23.15,24450.0,-4.0,34.9,15.05
2025-10-03,PE,24700.0,-2,34.15,15969600.0,8.15,34.8,15420900.0,8.21,False,False,False,0,,,,,,0.0,0.0,0.0,0.0,0.0,99632.75,conditions_not_met:0/3,,,,,,,,,,,,,,,,
2025-10-06,PE,24900.0,-1,31.05,24375150.0,9.06,28.1,26208450.0,8.95,True,True,False,2,24950.0,24966.6,10:30,14:30,TIME,9.6,624.0,5.199999999999999,337.99999999999994,0.0033799999999999993,99970.75,,,,,,,,,,24850.0,-2.0,18.7,10.15,24750.0,-4.0,9.1,5.75
2025-10-07,PE,25100.0,-2,14.95,35093700.0,11.96,10.35,36990300.0,10.56,True,True,False,2,25200.0,25191.5,10:30,14:30,TIME,6.6,429.0,4.85,315.25,0.0031525,100286.0,,,,,,,,,,25100.0,-2.0,10.35,2.4,25000.0,-4.0,3.75,0.65
2025-10-08,CE,25200.0,1,102.05,13712325.0,7.35,81.8,14200950.0,7.4,True,True,False,2,25100.0,25117.55,10:30,14:30,TIME,35.9,2333.5,10.75,698.75,0.0069875,100984.75,,25200.0,2.0,81.8,56.2,25300.0,4.0,45.9,31.05,,,,,,,,
2025-10-09,CE,25200.0,3,47.45,15909375.0,7.82,59.75,15113925.0,7.57,False,False,False,0,,,,,,0.0,0.0,0.0,0.0,0.0,100984.75,conditions_not_met:0/3,,,,,,,,,,,,,,,,
2025-10-10,PE,25200.0,-1,43.9,21955725.0,7.53,39.8,22301550.0,7.48,True,True,False,2,25300.0,25280.15,10:30,14:30,TIME,17.15,1114.75,4.75,308.75,0.0030875,101293.5,,,,,,,,,,25200.0,-2.0,39.8,29.35,25100.0,-4.0,22.65,16.95
2025-10-13,CE,25300.0,2,36.1,21730950.0,11.19,38.05,22783575.0,10.43,False,True,False,1,,,,,,0.0,0.0,0.0,0.0,0.0,101293.5,conditions_not_met:1/3,,,,,,,,,,,,,,,,
2025-10-14,CE,25300.0,2,25.2,46060350.0,13.8,21.75,47315625.0,13.88,True,True,False,2,25200.0,25202.45,10:30,14:30,TIME,14.75,958.75,14.4,936.0,0.00936,102229.5,,25300.0,2.0,21.75,0.9,25400.0,4.0,7.0,0.55,,,,,,,,
2025-10-15,CE,25300.0,2,103.05,11118600.0,9.85,137.0,10109325.0,10.16,False,False,False,0,,,,,,0.0,0.0,0.0,0.0,0.0,102229.5,conditions_not_met:0/3,,,,,,,,,,,,,,,,
2025-10-16,PE,25300.0,-3,39.15,12646425.0,8.87,35.6,12557100.0,9.06,True,False,False,1,,,,,,0.0,0.0,0.0,0.0,0.0,102229.5,conditions_not_met:1/3,,,,,,,,,,,,,,,,
2025-10-17,PE,25500.0,-2,44.1,18065475.0,9.58,32.75,19268775.0,10.34,True,True,False,2,25700.0,25678.15,10:30,14:30,TIME,22.4,1456.0,4.950000000000003,321.75000000000017,0.0032175000000000016,102551.25,,,,,,,,,,25600.0,-2.0,55.15,40.1,25500.0,-4.0,32.75,22.65
2025-10-20,CE,26000.0,4,15.3,33856200.0,17.46,10.75,35049225.0,15.53,True,True,True,3,25800.0,25822.0,10:30,14:30,TIME,18.4,1196.0,17.0,1105.0,0.01105,103656.25,,25900.0,2.0,29.15,2.6,26000.0,4.0,10.75,1.2,,,,,,,,
2025-10-21,,,0,,,,,,,False,False,False,0,,,,,,0.0,0.0,0.0,0.0,0.0,103656.25,no_10am_bar,,,,,,,,,,,,,,,,
2025-10-23,PE,26000.0,-1,71.45,12683625.0,9.37,70.3,14250075.0,9.08,True,True,False,2,26050.0,26067.9,10:30,14:30,TIME,19.849999999999994,1290.2499999999995,-10.299999999999997,-669.4999999999998,-0.006694999999999998,102986.75,,,,,,,,,,25950.0,-2.0,56.8,79.35,25850.0,-4.0,36.95,49.2
2025-10-24,CE,26000.0,2,83.25,19413075.0,10.23,50.85,20983275.0,9.28,True,True,False,2,25800.0,25824.6,10:30,14:30,TIME,38.24999999999999,2486.2499999999995,15.699999999999989,1020.4999999999993,0.010204999999999994,104007.25,,25900.0,2.0,89.1,53.65,26000.0,4.0,50.85,31.1,,,,,,,,
2025-10-27,PE,25900.0,-1,48.5,22965300.0,10.43,41.1,23972475.0,10.9,True,True,False,2,25950.0,25966.2,10:30,14:30,TIME,13.45,874.25,4.349999999999994,282.74999999999966,0.0028274999999999967,104290.0,,,,,,,,,,25850.0,-2.0,30.5,19.9,25750.0,-4.0,17.05,10.8
2025-10-28,CE,26000.0,1,52.45,25093800.0,16.79,32.05,32925375.0,17.2,True,True,True,3,25900.0,25901.75,10:30,14:30,TIME,18.849999999999998,1225.2499999999998,18.049999999999997,1173.2499999999998,0.011732499999999998,105463.25,,26000.0,2.0,32.05,2.05,26100.0,4.0,13.2,1.25,,,,,,,,
2025-10-29,CE,26200.0,4,92.15,9118725.0,11.26,117.45,8409825.0,11.8,False,False,False,0,,,,,,0.0,0.0,0.0,0.0,0.0,105463.25,conditions_not_met:0/3,,,,,,,,,,,,,,,,
2025-10-30,CE,26000.0,2,106.85,17205975.0,10.32,117.25,16124850.0,10.26,False,False,False,0,,,,,,0.0,0.0,0.0,0.0,0.0,105463.25,conditions_not_met:0/3,,,,,,,,,,,,,,,,
2025-10-31,CE,26000.0,2,95.4,22582575.0,10.17,58.5,26046525.0,9.95,True,True,False,2,25850.0,25828.2,10:30,14:30,TIME,31.050000000000004,2018.2500000000002,10.700000000000003,695.5000000000002,0.006955000000000002,106158.75,,25950.0,2.0,75.65,50.4,26050.0,4.0,44.6,30.05,,,,,,,,
2025-11-03,CE,26000.0,5,24.1,24825975.0,15.22,19.15,26037900.0,14.96,True,True,False,2,25700.0,25724.7,10:30,14:30,TIME,32.05,2083.25,-3.5,-227.5,-0.002275,105931.25,,25800.0,2.0,68.3,71.85,25900.0,4.0,36.25,36.3,,,,,,,,
2025-11-04,CE,25800.0,2,20.5,35499975.0,12.65,16.3,37148550.0,12.12,True,True,False,2,25700.0,25705.25,10:30,14:30,TIME,10.9,708.5,10.7,695.5,0.006955,106626.75,,25800.0,2.0,16.3,0.95,25900.0,4.0,5.4,0.75,,,,,,,,
2025-11-06,CE,25700.0,1,107.9,11128800.0,9.43,68.4,11803875.0,9.52,True,True,False,2,25550.0,25537.5,10:30,14:30,TIME,33.150000000000006,2154.7500000000005,2.3000000000000114,149.50000000000074,0.0014950000000000074,106776.25,,25650.0,2.0,86.45,71.6,25750.0,4.0,53.3,40.75,,,,,,,,
2025-11-07,CE,25400.0,1,80.65,16163625.0,8.44,86.35,18179775.0,8.23,False,True,False,1,,,,,,0.0,0.0,0.0,0.0,0.0,106776.25,conditions_not_met:1/3,,,,,,,,,,,,,,,,
2025-11-10,CE,25600.0,1,64.35,20885475.0,10.97,83.15,18646050.0,10.63,False,False,False,0,,,,,,0.0,0.0,0.0,0.0,0.0,106776.25,conditions_not_met:0/3,,,,,,,,,,,,,,,,
2025-11-11,CE,25600.0,2,20.05,39467475.0,12.53,12.6,40439550.0,12.23,True,True,False,2,25500.0,25487.15,10:30,14:30,TIME,8.7,565.5,-67.75,-4403.75,-0.0440375,102372.5,,25600.0,2.0,12.6,91.25,25700.0,4.0,3.9,14.8,,,,,,,,
2025-11-12,PE,25800.0,-1,97.45,10082625.0,10.46,98.55,11906550.0,10.05,False,True,False,1,,,,,,0.0,0.0,0.0,0.0,0.0,102372.5,conditions_not_met:1/3,,,,,,,,,,,,,,,,
2025-11-13,CE,26000.0,3,85.5,10479150.0,9.69,99.75,10856325.0,9.5,False,True,False,1,,,,,,0.0,0.0,0.0,0.0,0.0,102372.5,conditions_not_met:1/3,,,,,,,,,,,,,,,,
2025-11-14,CE,26000.0,4,65.0,20120025.0,11.17,58.25,23061300.0,11.45,True,True,False,2,25800.0,25778.35,10:30,14:30,TIME,32.0,2080.0,1.5500000000000114,100.75000000000074,0.0010075000000000073,102473.25,,25900.0,2.0,90.25,74.95,26000.0,4.0,58.25,44.5,,,,,,,,
2025-11-17,CE,26000.0,1,76.3,24918000.0,12.7,62.95,26862150.0,12.55,True,True,False,2,25950.0,25941.25,10:30,14:30,TIME,24.799999999999997,1611.9999999999998,-4.1000000000000085,-266.50000000000057,-0.0026650000000000055,102206.75,,26050.0,2.0,43.55,47.65,26150.0,4.0,18.75,18.75,,,,,,,,
2025-11-18,CE,26000.0,2,17.9,43773375.0,13.29,17.8,47226000.0,12.91,True,True,False,2,25900.0,25900.9,10:30,14:30,TIME,12.05,783.25,5.500000000000002,357.5000000000001,0.003575000000000001,102564.25,,26000.0,2.0,17.8,7.4,26100.0,4.0,5.75,0.85,,,,,,,,
2025-11-19,CE,26000.0,2,119.55,17419425.0,9.83,137.95,16927275.0,9.44,False,False,False,0,,,,,,0.0,0.0,0.0,0.0,0.0,102564.25,conditions_not_met:0/3,,,,,,,,,,,,,,,,
2025-11-20,PE,26000.0,-2,89.8,15245700.0,11.15,74.2,16358775.0,10.91,True,True,False,2,26100.0,26119.45,10:30,14:30,TIME,25.800000000000004,1677.0000000000002,10.150000000000006,659.7500000000003,0.0065975000000000035,103224.0,,,,,,,,,,26000.0,-2.0,74.2,46.45,25900.0,-4.0,48.4,30.8
2025-11-21,PE,26000.0,-2,59.1,18016125.0,10.24,78.05,17087325.0,10.34,False,False,False,0,,,,,,0.0,0.0,0.0,0.0,0.0,103224.0,conditions_not_met:0/3,,,,,,,,,,,,,,,,
2025-11-24,CE,26200.0,2,43.65,22911525.0,11.97,50.6,22155075.0,11.63,False,False,False,0,,,,,,0.0,0.0,0.0,0.0,0.0,103224.0,conditions_not_met:0/3,,,,,,,,,,,,,,,,
2025-11-25,CE,26100.0,2,19.1,28655625.0,13.4,22.9,27251925.0,13.29,False,False,False,0,,,,,,0.0,0.0,0.0,0.0,0.0,103224.0,conditions_not_met:0/3,,,,,,,,,,,,,,,,
2025-11-26,PE,26000.0,-2,80.95,17535975.0,9.932442,86.75,18914250.0,9.895947,False,True,False,1,,,,,,0.0,0.0,0.0,0.0,0.0,103224.0,conditions_not_met:1/3,,,,,,,,,,,,,,,,
2025-11-27,PE,26000.0,-6,31.7,18067275.0,10.771886,33.4,19033950.0,10.732407,False,True,False,1,,,,,,0.0,0.0,0.0,0.0,0.0,103224.0,conditions_not_met:1/3,,,,,,,,,,,,,,,,
2025-11-28,PE,26000.0,-5,22.65,20572875.0,9.723023,23.45,20758125.0,9.576706,False,True,False,1,,,,,,0.0,0.0,0.0,0.0,0.0,103224.0,conditions_not_met:1/3,,,,,,,,,,,,,,,,
2025-12-01,CE,26300.0,1,69.7,27570300.0,11.860301,72.9,30274500.0,11.978154,False,True,False,1,,,,,,0.0,0.0,0.0,0.0,0.0,103224.0,conditions_not_met:1/3,,,,,,,,,,,,,,,,
2025-12-02,CE,26200.0,3,12.95,34678875.0,14.540409,11.45,36525975.0,13.843003,True,True,False,2,26100.0,26077.9,10:30,14:30,TIME,7.6,494.0,7.35,477.75,0.0047775,103701.75,,26200.0,2.0,11.45,0.75,26300.0,4.0,3.85,0.5,,,,,,,,
2025-12-03,CE,26000.0,1,125.45,14499000.0,9.44,114.15,16315500.0,9.3,True,True,False,2,25900.0,25922.95,10:30,14:30,TIME,39.7,2580.5,-0.799999999999983,-51.99999999999889,-0.0005199999999999889,103649.75,,26000.0,2.0,114.15,112.2,26100.0,4.0,74.45,71.7,,,,,,,,
2025-12-04,PE,26000.0,-1,88.45,13593900.0,9.44,67.5,14750025.0,9.18,True,True,False,2,26100.0,26078.7,10:30,14:30,TIME,26.65,1732.25,-8.549999999999997,-555.7499999999998,-0.005557499999999997,103094.0,,,,,,,,,,26000.0,-2.0,67.5,86.5,25900.0,-4.0,40.85,51.3
2025-12-05,CE,26100.0,2,74.0,18441000.0,8.764439,74.1,14665650.0,8.185277,False,False,False,0,,,,,,0.0,0.0,0.0,0.0,0.0,103094.0,conditions_not_met:0/3,,,,,,,,,,,,,,,,
2025-12-08,CE,26200.0,2,35.8,28721775.0,11.71121,35.75,33268875.0,11.278477,True,True,False,2,26100.0,26094.45,10:30,14:30,TIME,22.85,1485.25,18.65,1212.25,0.0121225,104306.25,,26200.0,2.0,35.75,8.5,26300.0,4.0,12.9,4.3,,,,,,,,
2025-12-09,CE,25800.0,1,34.2,29840100.0,16.364036,66.85,17082825.0,15.382482,False,False,True,1,,,,,,0.0,0.0,0.0,0.0,0.0,104306.25,conditions_not_met:1/3,,,,,,,,,,,,,,,,
2025-12-10,CE,26000.0,2,91.9,12634650.0,8.984418,107.2,12180450.0,8.642936,False,False,False,0,,,,,,0.0,0.0,0.0,0.0,0.0,104306.25,conditions_not_met:0/3,,,,,,,,,,,,,,,,
2025-12-11,CE,26000.0,6,40.65,16157400.0,9.937443,60.15,14903550.0,9.498546,False,False,False,0,,,,,,0.0,0.0,0.0,0.0,0.0,104306.25,conditions_not_met:0/3,,,,,,,,,,,,,,,,
2025-12-12,PE,25900.0,-2,43.75,15178950.0,8.531843,55.8,13032450.0,8.492459,False,False,False,0,,,,,,0.0,0.0,0.0,0.0,0.0,104306.25,conditions_not_met:0/3,,,,,,,,,,,,,,,,
2025-12-15,CE,26000.0,1,50.75,28847100.0,10.329477,58.4,27354525.0,9.791997,False,False,False,0,,,,,,0.0,0.0,0.0,0.0,0.0,104306.25,conditions_not_met:0/3,,,,,,,,,,,,,,,,
2025-12-16,CE,26000.0,2,13.25,37611525.0,12.758182,13.6,41807775.0,11.783011,False,True,False,1,,,,,,0.0,0.0,0.0,0.0,0.0,104306.25,conditions_not_met:1/3,,,,,,,,,,,,,,,,
2025-12-17,CE,26000.0,3,77.0,13572825.0,8.429202,63.35,14857725.0,8.81625,True,True,False,2,25800.0,25813.5,10:30,14:30,TIME,37.15,2414.75,3.1999999999999886,207.99999999999926,0.0020799999999999924,104514.25,,25900.0,2.0,100.5,85.55,26000.0,4.0,63.35,51.6,,,,,,,,
2025-12-18,CE,26000.0,5,33.15,15770550.0,8.742486,54.6,13527375.0,8.573787,False,False,False,0,,,,,,0.0,0.0,0.0,0.0,0.0,104514.25,conditions_not_met:0/3,,,,,,,,,,,,,,,,
2025-12-19,PE,25900.0,-1,57.9,21388350.0,8.543544,59.35,21362700.0,8.523974,False,False,False,0,,,,,,0.0,0.0,0.0,0.0,0.0,104514.25,conditions_not_met:0/3,,,,,,,,,,,,,,,,
2025-12-22,PE,26100.0,-1,47.3,23135100.0,10.329891,50.9,27535125.0,10.1521,False,True,False,1,,,,,,0.0,0.0,0.0,0.0,0.0,104514.25,conditions_not_met:1/3,,,,,,,,,,,,,,,,
2025-12-23,CE,26200.0,1,26.75,36887925.0,10.071087,21.55,38552400.0,8.971297,True,True,False,2,26150.0,26172.15,10:30,14:30,TIME,7.3,474.5,5.300000000000001,344.50000000000006,0.0034450000000000006,104858.75,,26250.0,2.0,8.75,2.4,26350.0,4.0,1.45,0.4,,,,,,,,
2025-12-24,PE,26000.0,-4,26.1,14789825.0,8.085517,23.15,15512300.0,8.001123,True,True,False,2,26250.0,26231.1,10:30,14:30,TIME,23.05,1498.25,-10.799999999999997,-701.9999999999998,-0.007019999999999998,104156.75,,,,,,,,,,26150.0,-2.0,53.5,74.1,26050.0,-4.0,30.45,40.25
2025-12-26,CE,26200.0,2,31.55,23719500.0,5.594608,32.2,24641925.0,5.490894,False,True,False,1,,,,,,0.0,0.0,0.0,0.0,0.0,104156.75,conditions_not_met:1/3,,,,,,,,,,,,,,,,
2025-12-29,CE,26100.0,1,27.1,27781950.0,7.80043,24.45,29954025.0,7.778159,True,True,False,2,26000.0,26023.85,10:30,14:30,TIME,16.549999999999997,1075.7499999999998,10.349999999999998,672.7499999999999,0.006727499999999999,104829.5,,26100.0,2.0,24.45,10.95,26200.0,4.0,7.9,4.75,,,,,,,,
2025-12-30,PE,25900.0,-1,22.1,34220625.0,10.398532,11.7,37404525.0,10.499509,True,True,False,2,25950.0,25970.5,10:30,14:30,TIME,3.45,224.25,3.0500000000000003,198.25000000000003,0.0019825000000000003,105027.75,,,,,,,,,,25850.0,-2.0,4.9,0.7,25750.0,-4.0,1.45,0.3
2025-12-31,CE,26100.0,2,68.6,9622210.0,7.356291,84.15,10137790.0,7.317641,False,True,False,1,,,,,,0.0,0.0,0.0,0.0,0.0,105027.75,conditions_not_met:1/3,,,,,,,,,,,,,,,,
2026-01-01,PE,26000.0,-3,30.15,15658955.0,7.90345,30.5,14876290.0,7.800614,False,False,False,0,,,,,,0.0,0.0,0.0,0.0,0.0,105027.75,conditions_not_met:0/3,,,,,,,,,,,,,,,,
2026-01-02,PE,26200.0,-1,45.2,27188330.0,7.009463,45.1,28869230.0,6.692382,True,True,False,2,26250.0,26243.95,10:30,14:30,TIME,15.799999999999999,1027.0,5.799999999999997,376.99999999999983,0.003769999999999998,105404.75,,,,,,,,,,26150.0,-2.0,31.45,20.45,26050.0,-4.0,15.65,10.45
2026-01-05,PE,26200.0,-2,21.4,21494785.0,10.106876,16.85,21995285.0,10.648552,True,True,False,2,26350.0,26351.95,10:30,14:30,TIME,13.149999999999999,854.7499999999999,-27.450000000000003,-1784.2500000000002,-0.0178425,103620.5,,,,,,,,,,26250.0,-2.0,24.95,65.25,26150.0,-4.0,11.8,24.65
2026-01-06,PE,26200.0,-1,15.9,36214685.0,10.989678,21.75,44020405.0,9.083465,False,True,False,1,,,,,,0.0,0.0,0.0,0.0,0.0,103620.5,conditions_not_met:1/3,,,,,,,,,,,,,,,,
2026-01-07,CE,26200.0,1,87.6,12923625.0,6.785223,85.35,11809265.0,6.974418,True,False,False,1,,,,,,0.0,0.0,0.0,0.0,0.0,103620.5,conditions_not_met:1/3,,,,,,,,,,,,,,,,
2026-01-08,CE,26200.0,2,47.25,15816905.0,6.329392,39.05,16659695.0,6.950565,True,True,False,2,26050.0,26034.3,10:30,14:30,TIME,26.0,1690.0,11.199999999999996,727.9999999999998,0.007279999999999997,104348.5,,26150.0,2.0,53.65,30.75,26250.0,4.0,27.65,15.95,,,,,,,,
2026-01-09,CE,26000.0,2,59.95,19198140.0,8.088521,53.95,20141420.0,8.10844,True,True,False,2,25900.0,25877.3,10:30,14:30,TIME,27.050000000000004,1758.2500000000002,21.950000000000003,1426.7500000000002,0.014267500000000002,105775.25,,26000.0,2.0,53.95,13.8,26100.0,4.0,26.9,8.7,,,,,,,,
2026-01-12,PE,25500.0,-1,47.95,22181900.0,12.377951,42.75,23281245.0,12.723929,True,True,False,2,25600.0,25584.2,10:30,14:30,TIME,20.6,1339.0,16.550000000000004,1075.7500000000002,0.010757500000000001,106851.0,,,,,,,,,,25500.0,-2.0,42.75,10.45,25400.0,-4.0,22.15,6.4
2026-01-13,CE,25900.0,4,12.35,32906250.0,18.606959,20.75,34312655.0,15.421503,False,True,True,2,25800.0,25804.6,10:30,14:30,TIME,13.6,884.0,13.55,880.75,0.0088075,107731.75,,25900.0,2.0,20.75,0.8,26000.0,4.0,7.15,0.75,,,,,,,,
2026-01-14,PE,25700.0,-1,105.6,10087675.0,10.209314,133.45,9878700.0,10.650253,False,False,False,0,,,,,,0.0,0.0,0.0,0.0,0.0,107731.75,conditions_not_met:0/3,,,,,,,,,,,,,,,,
2026-01-16,PE,25700.0,-1,73.55,18681390.0,9.31977,43.7,19354985.0,10.070196,True,True,False,2,25850.0,25857.6,10:30,14:30,TIME,21.650000000000006,1407.2500000000005,-25.75,-1673.75,-0.0167375,106058.0,,,,,,,,,,25750.0,-2.0,55.7,125.5,25650.0,-4.0,34.05,78.1
2026-01-19,CE,25800.0,6,12.65,20569315.0,13.85387,12.8,21155225.0,14.189095,False,True,False,1,,,,,,0.0,0.0,0.0,0.0,0.0,106058.0,conditions_not_met:1/3,,,,,,,,,,,,,,,,
2026-01-20,CE,25600.0,3,17.5,35789845.0,17.185868,13.8,37193130.0,15.126651,True,True,True,3,25500.0,25478.7,10:30,14:30,TIME,9.25,601.25,9.05,588.25,0.0058825,106646.25,,25600.0,2.0,13.8,1.0,25700.0,4.0,4.55,0.8,,,,,,,,
2026-01-21,CE,25500.0,7,43.5,13335985.0,11.052453,36.25,12509575.0,11.50665,True,False,False,1,,,,,,0.0,0.0,0.0,0.0,0.0,106646.25,conditions_not_met:1/3,,,,,,,,,,,,,,,,
2026-01-22,CE,25500.0,2,108.65,11719695.0,10.930773,58.7,12090780.0,10.703762,True,True,False,2,25250.0,25273.25,10:30,14:30,TIME,40.75,2648.75,6.100000000000023,396.5000000000015,0.0039650000000000145,107042.75,,25350.0,2.0,114.55,93.4,25450.0,4.0,73.8,58.75,,,,,,,,
2026-01-23,CE,25500.0,4,42.9,17807790.0,9.750141,43.3,18462730.0,9.517864,False,True,False,1,,,,,,0.0,0.0,0.0,0.0,0.0,107042.75,conditions_not_met:1/3,,,,,,,,,,,,,,,,
2026-01-27,PE,25000.0,-3,31.2,23921235.0,23.729083,29.95,27449630.0,22.39105,True,True,True,3,25100.0,25124.0,10:30,14:30,TIME,15.6,1014.0,1.9500000000000028,126.75000000000018,0.001267500000000002,107169.5,,,,,,,,,,25000.0,-2.0,29.95,17.2,24900.0,-4.0,14.35,3.55
2026-01-28,CE,25500.0,4,157.55,6239220.0,16.706212,128.6,6681545.0,16.337949,True,True,True,3,25250.0,25240.5,10:30,14:30,TIME,42.05000000000001,2733.250000000001,1.0000000000000568,65.0000000000037,0.0006500000000000369,107234.5,,25350.0,2.0,188.9,174.95,25450.0,4.0,146.85,133.9,,,,,,,,
2026-01-29,CE,25300.0,2,159.95,9217910.0,16.059775,162.4,9335950.0,16.102958,False,True,True,2,25200.0,25187.05,10:30,14:30,TIME,38.7,2515.5,-23.75,-1543.75,-0.0154375,105690.75,,25300.0,2.0,162.4,284.2,25400.0,4.0,123.7,221.75,,,,,,,,
2026-01-30,CE,25500.0,4,115.5,9909705.0,17.203269,112.25,10403120.0,17.342345,True,True,True,3,25300.0,25276.3,10:30,14:30,TIME,36.44999999999999,2369.249999999999,-4.650000000000034,-302.2500000000022,-0.003022500000000022,105388.5,,25400.0,2.0,148.7,175.05,25500.0,4.0,112.25,133.95,,,,,,,,
2026-02-01,CE,25500.0,3,129.0,9559355.0,23.454627,145.4,9471930.0,24.001878,False,False,True,1,,,,,,0.0,0.0,0.0,0.0,0.0,105388.5,conditions_not_met:1/3,,,,,,,,,,,,,,,,
2026-02-02,CE,25000.0,3,72.05,14115985.0,20.584267,62.15,16807895.0,19.672782,True,True,True,3,24850.0,24840.65,10:30,14:30,TIME,31.0,2015.0,-17.350000000000023,-1127.7500000000014,-0.011277500000000013,104260.75,,24950.0,2.0,78.8,112.95,25050.0,4.0,47.8,64.6,,,,,,,,
2026-02-03,CE,26000.0,6,23.5,28737930.0,30.608775,29.95,28173925.0,30.02566,False,False,True,1,,,,,,0.0,0.0,0.0,0.0,0.0,104260.75,conditions_not_met:1/3,,,,,,,,,,,,,,,,
2026-02-04,CE,26000.0,4,88.5,10354370.0,11.752045,75.7,11094655.0,11.682929,True,True,False,2,25750.0,25741.75,10:30,14:30,TIME,36.849999999999994,2395.2499999999995,-4.900000000000006,-318.50000000000034,-0.0031850000000000034,103942.25,,25850.0,2.0,127.0,141.15,25950.0,4.0,90.15,99.4,,,,,,,,
2026-02-05,CE,26000.0,7,40.95,13087035.0,12.044723,40.9,13074880.0,11.302222,True,False,False,1,,,,,,0.0,0.0,0.0,0.0,0.0,103942.25,conditions_not_met:1/3,,,,,,,,,,,,,,,,
2026-02-06,CE,26000.0,9,15.9,17296955.0,11.545509,13.25,17652050.0,11.929983,True,True,False,2,25500.0,25504.6,10:30,14:30,TIME,29.549999999999997,1920.7499999999998,-14.300000000000011,-929.5000000000007,-0.009295000000000006,103012.75,,25600.0,2.0,77.55,110.5,25700.0,4.0,48.0,66.65,,,,,,,,
2026-02-09,CE,26000.0,4,27.5,26676780.0,13.207616,24.4,27485445.0,13.001067,True,True,False,2,25800.0,25815.95,10:30,14:30,TIME,25.25,1641.25,-2.8000000000000114,-182.00000000000074,-0.0018200000000000074,102830.75,,25900.0,2.0,49.65,52.75,26000.0,4.0,24.4,24.7,,,,,,,,
2026-02-10,PE,25900.0,-1,24.95,39648115.0,13.320347,19.2,45693310.0,12.75804,True,True,False,2,25950.0,25965.95,10:30,14:30,TIME,4.45,289.25,2.6999999999999993,175.49999999999994,0.0017549999999999994,103006.25,,,,,,,,,,25850.0,-2.0,9.9,2.7,25750.0,-4.0,5.45,0.95
2026-02-11,CE,26000.0,1,111.15,17517240.0,8.922092,121.7,17743310.0,8.333033,False,True,False,1,,,,,,0.0,0.0,0.0,0.0,0.0,103006.25,conditions_not_met:1/3,,,,,,,,,,,,,,,,
2026-02-12,CE,26000.0,3,64.7,16202745.0,8.301532,64.3,15582840.0,8.337016,True,False,False,1,,,,,,0.0,0.0,0.0,0.0,0.0,103006.25,conditions_not_met:1/3,,,,,,,,,,,,,,,,
2026-02-13,CE,26000.0,9,14.75,19484270.0,11.592134,15.0,19991920.0,11.275736,False,True,False,1,,,,,,0.0,0.0,0.0,0.0,0.0,103006.25,conditions_not_met:1/3,,,,,,,,,,,,,,,,
2026-02-16,CE,25600.0,2,41.85,19760780.0,12.23343,56.2,17584385.0,13.398544,False,False,False,0,,,,,,0.0,0.0,0.0,0.0,0.0,103006.25,conditions_not_met:0/3,,,,,,,,,,,,,,,,
2026-02-17,PE,25600.0,-1,26.0,33325630.0,14.280106,13.8,35867325.0,16.181656,True,True,True,3,25750.0,25729.7,10:30,14:30,TIME,15.15,984.75,7.399999999999999,480.9999999999999,0.004809999999999999,103487.25,,,,,,,,,,25650.0,-2.0,23.55,8.9,25550.0,-4.0,8.4,1.15
2026-02-18,CE,26000.0,7,36.0,11901955.0,9.927235,35.95,13015925.0,9.830119,True,True,False,2,25650.0,25662.2,10:30,14:30,TIME,37.25,2421.25,-17.349999999999994,-1127.7499999999995,-0.011277499999999996,102359.5,,25750.0,2.0,107.5,165.65,25850.0,4.0,70.25,111.05,,,,,,,,
2026-02-19,CE,26000.0,5,41.0,14361945.0,8.746324,37.8,15177565.0,9.309806,True,True,False,2,25750.0,25737.8,10:30,14:30,TIME,31.500000000000007,2047.5000000000005,15.950000000000003,1036.7500000000002,0.010367500000000002,103396.25,,25850.0,2.0,80.4,42.4,25950.0,4.0,48.9,26.85,,,,,,,,
2026-02-20,CE,26000.0,10,16.3,16650335.0,12.427523,21.2,16629990.0,12.166143,False,False,False,0,,,,,,0.0,0.0,0.0,0.0,0.0,103396.25,conditions_not_met:0/3,,,,,,,,,,,,,,,,
2026-02-23,CE,26000.0,6,17.6,17736290.0,15.116596,14.0,19178900.0,14.921557,True,True,False,2,25700.0,25703.05,10:30,14:30,TIME,28.150000000000002,1829.7500000000002,4.299999999999997,279.49999999999983,0.0027949999999999984,103675.75,,25800.0,2.0,56.1,46.95,25900.0,4.0,27.95,23.1,,,,,,,,
2026-02-24,CE,25600.0,2,29.25,32032650.0,16.966178,20.55,34236085.0,15.908726,True,True,True,3,25500.0,25500.4,10:30,14:30,TIME,13.4,871.0,13.2,858.0,0.00858,104533.75,,25600.0,2.0,20.55,0.85,25700.0,4.0,7.15,0.65,,,,,,,,
2026-02-25,PE,25500.0,-2,83.45,9821435.0,11.538653,76.35,11358945.0,11.822018,True,True,False,2,25650.0,25635.4,10:30,14:30,TIME,25.849999999999994,1680.2499999999995,-21.600000000000023,-1404.0000000000014,-0.014040000000000014,103129.75,,,,,,,,,,25550.0,-2.0,90.3,176.85,25450.0,-4.0,64.45,129.4
2026-02-26,CE,25600.0,2,98.7,12320490.0,10.69388,98.85,11683945.0,10.528449,False,False,False,0,,,,,,0.0,0.0,0.0,0.0,0.0,103129.75,conditions_not_met:0/3,,,,,,,,,,,,,,,,
2026-02-27,CE,25500.0,3,47.95,20496125.0,10.615236,44.85,23549045.0,10.662358,True,True,False,2,25300.0,25320.25,10:30,14:30,TIME,32.74999999999999,2128.7499999999995,5.25,341.25,0.0034125,103471.0,,25400.0,2.0,77.6,60.0,25500.0,4.0,44.85,32.5,,,,,,,,
2026-03-02,PE,24900.0,-1,71.2,21753485.0,25.84972,98.2,20604025.0,22.864828,False,False,True,1,,,,,,0.0,0.0,0.0,0.0,0.0,103471.0,conditions_not_met:1/3,,,,,,,,,,,,,,,,
2026-03-04,PE,24000.0,-6,202.2,6198985.0,27.53387,177.0,6644430.0,28.131821,True,True,True,3,24400.0,24415.0,10:30,14:30,TIME,32.85000000000002,2135.2500000000014,3.900000000000034,253.50000000000222,0.002535000000000022,103724.5,,,,,,,,,,24300.0,-2.0,262.05,239.5,24200.0,-4.0,229.2,210.55
2026-03-05,CE,25000.0,7,84.1,7641010.0,17.168904,64.1,7952815.0,17.183176,True,True,True,3,24550.0,24555.3,10:30,14:30,TIME,46.400000000000006,3016.0000000000005,-3.349999999999966,-217.74999999999778,-0.0021774999999999776,103506.75,,24650.0,2.0,189.0,185.35,24750.0,4.0,142.6,135.6,,,,,,,,
2026-03-06,PE,24600.0,-1,199.5,11555570.0,21.162176,195.2,11771955.0,20.889794,True,True,True,3,24650.0,24634.75,10:30,14:30,TIME,33.44999999999999,2174.249999999999,-2.650000000000034,-172.25000000000222,-0.0017225000000000222,103334.5,,,,,,,,,,24550.0,-2.0,175.7,192.85,24450.0,-4.0,142.25,156.75
2026-03-09,PE,23500.0,-5,123.5,9510215.0,39.810231,114.5,10319920.0,38.962676,True,True,True,3,23800.0,23778.9,10:30,14:30,TIME,33.849999999999994,2200.2499999999995,7.699999999999989,500.49999999999926,0.005004999999999993,103835.0,,,,,,,,,,23700.0,-2.0,176.2,133.15,23600.0,-4.0,142.35,107.0
2026-03-10,CE,24200.0,2,46.15,24237590.0,25.379129,64.1,21039265.0,23.614814,False,False,True,1,,,,,,0.0,0.0,0.0,0.0,0.0,103835.0,conditions_not_met:1/3,,,,,,,,,,,,,,,,
2026-03-11,CE,24300.0,3,198.55,6091085.0,19.479987,201.6,6403605.0,20.121849,False,True,True,2,24150.0,24135.4,10:30,14:30,TIME,46.94999999999999,3051.749999999999,12.0,780.0,0.0078,104615.0,,24250.0,2.0,225.45,163.9,24350.0,4.0,178.5,128.95,,,,,,,,
2026-03-12,PE,23500.0,-4,206.35,5339620.0,26.132659,207.8,5309915.0,25.033512,False,False,True,1,,,,,,0.0,0.0,0.0,0.0,0.0,104615.0,conditions_not_met:1/3,,,,,,,,,,,,,,,,
2026-03-13,CE,23500.0,3,174.35,8140470.0,22.898454,177.5,8808605.0,22.734781,False,True,True,2,23350.0,23347.95,10:30,14:30,TIME,43.85000000000002,2850.2500000000014,10.050000000000011,653.2500000000007,0.006532500000000007,105268.25,,23450.0,2.0,199.8,151.0,23550.0,4.0,155.95,117.2,,,,,,,,
2026-03-16,PE,23000.0,-4,103.6,11670165.0,31.913124,154.45,10339160.0,32.234911,False,False,True,1,,,,,,0.0,0.0,0.0,0.0,0.0,105268.25,conditions_not_met:1/3,,,,,,,,,,,,,,,,
2026-03-17,PE,23400.0,-2,41.6,20055035.0,24.900042,39.6,23841415.0,23.311005,True,True,True,3,23500.0,23484.7,10:30,14:30,TIME,22.1,1436.5,21.099999999999998,1371.4999999999998,0.013714999999999998,106639.75,,,,,,,,,,23400.0,-2.0,39.6,2.05,23300.0,-4.0,17.5,1.05
2026-03-18,CE,24000.0,6,93.25,5752890.0,15.867475,99.1,6261060.0,15.593637,False,True,True,2,23700.0,23715.65,10:30,14:30,TIME,43.60000000000002,2834.0000000000014,-9.100000000000023,-591.5000000000015,-0.005915000000000015,106048.25,,23800.0,2.0,178.55,225.9,23900.0,4.0,134.95,173.2,,,,,,,,
2026-03-19,CE,23300.0,1,201.95,6643390.0,19.270798,213.75,6756035.0,18.124503,False,True,True,2,23300.0,23281.85,10:30,14:30,TIME,40.60000000000001,2639.0000000000005,11.350000000000023,737.7500000000015,0.007377500000000015,106786.0,,23400.0,2.0,164.55,111.5,23500.0,4.0,123.95,82.25,,,,,,,,
2026-03-20,PE,23000.0,-5,155.65,9272185.0,26.608745,148.3,9436895.0,26.546348,True,True,True,3,23250.0,23265.2,10:30,14:30,TIME,33.900000000000006,2203.5000000000005,-6.099999999999966,-396.4999999999978,-0.003964999999999978,106389.5,,,,,,,,,,23150.0,-2.0,197.65,230.95,23050.0,-4.0,163.75,190.95
2026-03-23,CE,23000.0,8,71.3,8402550.0,37.504893,66.9,9408425.0,38.985876,True,True,True,3,22550.0,22545.25,10:30,14:30,TIME,42.05000000000001,2733.250000000001,-2.6999999999999886,-175.49999999999926,-0.0017549999999999927,106214.0,,22650.0,2.0,182.75,169.5,22750.0,4.0,140.7,124.75,,,,,,,,
2026-03-24,CE,23000.0,5,20.1,23555220.0,30.480108,12.45,26216905.0,28.765159,True,True,True,3,22700.0,22721.55,10:30,14:30,TIME,27.050000000000004,1758.2500000000002,-48.25,-3136.25,-0.0313625,103077.75,,22800.0,2.0,53.45,134.65,22900.0,4.0,26.4,59.35,,,,,,,,
2026-03-25,PE,23000.0,-6,183.0,8103750.0,28.449452,181.3,8583310.0,28.929741,True,True,True,3,23300.0,23313.0,10:30,14:30,TIME,35.650000000000006,2317.2500000000005,0.7500000000000568,48.750000000003695,0.00048750000000003695,103126.5,,,,,,,,,,23200.0,-2.0,247.65,232.2,23100.0,-4.0,212.0,197.3
2026-03-27,PE,22500.0,-10,93.75,8480225.0,31.839292,82.2,8952385.0,30.771659,True,True,True,3,23000.0,23019.6,10:30,14:30,TIME,34.400000000000006,2236.0000000000005,-11.099999999999966,-721.4999999999977,-0.0072149999999999775,102405.0,,,,,,,,,,22900.0,-2.0,189.75,227.85,22800.0,-4.0,155.35,182.35
2026-03-30,PE,22500.0,-2,73.9,26074880.0,37.790749,83.45,25198485.0,32.824599,False,False,True,1,,,,,,0.0,0.0,0.0,0.0,0.0,102405.0,conditions_not_met:1/3,,,,,,,,,,,,,,,,
2026-04-01,CE,23000.0,2,267.1,4760990.0,24.143428,227.0,5126290.0,24.79516,True,True,True,3,22800.0,22798.8,10:30,14:30,TIME,46.64999999999998,3032.2499999999986,4.649999999999977,302.2499999999985,0.0030224999999999853,102707.25,,22900.0,2.0,273.65,227.6,23000.0,4.0,227.0,185.6,,,,,,,,
2026-04-02,PE,22000.0,-4,216.55,4484870.0,30.074007,210.35,4741555.0,29.693614,True,True,True,3,22200.0,22215.85,,,,0.0,0.0,0.0,0.0,0.0,102707.25,exit_leg_missing_at_1430,,,,,,,,,,,,,,,,
2026-04-06,CE,23000.0,9,59.2,10570885.0,35.667977,63.55,11077040.0,35.336758,False,True,True,2,22600.0,22599.65,10:30,14:30,TIME,39.80000000000001,2587.000000000001,-27.649999999999977,-1797.2499999999986,-0.017972499999999985,100910.0,,22700.0,2.0,159.4,325.7,22800.0,4.0,119.6,258.25,,,,,,,,
2026-04-07,PE,22500.0,-8,7.35,18625945.0,32.973999,4.8,19773260.0,32.839894,True,True,True,3,22950.0,22934.2,10:30,14:30,TIME,27.15,1764.75,26.35,1712.75,0.0171275,102622.75,,,,,,,,,,22850.0,-2.0,54.25,1.5,22750.0,-4.0,27.1,0.7
2026-04-08,CE,24000.0,2,187.8,6871605.0,18.33592,187.4,8278855.0,18.093013,True,True,True,3,23900.0,23915.5,10:30,14:30,TIME,42.349999999999994,2752.7499999999995,-6.449999999999989,-419.24999999999926,-0.004192499999999992,102203.5,,24000.0,2.0,187.4,211.0,24100.0,4.0,145.05,162.2,,,,,,,,
2026-04-09,CE,24000.0,4,126.55,9204390.0,19.731376,145.75,8980075.0,18.651156,False,False,True,1,,,,,,0.0,0.0,0.0,0.0,0.0,102203.5,conditions_not_met:1/3,,,,,,,,,,,,,,,,
2026-04-10,CE,24500.0,10,17.65,10840635.0,15.885426,18.55,11402365.0,15.551165,False,True,True,2,24000.0,24019.95,10:30,14:30,TIME,38.75,2518.75,7.75,503.75,0.0050375,102707.25,,24100.0,2.0,114.85,82.35,24200.0,4.0,76.1,51.35,,,,,,,,
2026-04-13,PE,23500.0,-3,23.9,25982450.0,23.93276,11.5,29714035.0,23.835402,True,True,True,3,23750.0,23725.9,10:30,14:30,TIME,25.55,1660.75,25.250000000000004,1641.2500000000002,0.016412500000000003,104348.5,,,,,,,,,,23650.0,-2.0,44.0,0.9,23550.0,-4.0,18.45,0.6
2026-04-15,CE,24500.0,6,108.6,5180305.0,15.869599,122.8,4837235.0,15.659811,False,False,True,1,,,,,,0.0,0.0,0.0,0.0,0.0,104348.5,conditions_not_met:1/3,,,,,,,,,,,,,,,,
2026-04-16,CE,24400.0,3,132.75,7503405.0,14.64128,141.0,7747025.0,14.092717,False,True,False,1,,,,,,0.0,0.0,0.0,0.0,0.0,104348.5,conditions_not_met:1/3,,,,,,,,,,,,,,,,
2026-04-17,PE,24200.0,-1,160.55,10780965.0,17.902126,135.15,11971505.0,17.606973,True,True,True,3,24300.0,24287.0,10:30,14:30,TIME,34.60000000000001,2249.0000000000005,2.8000000000000114,182.00000000000074,0.0018200000000000074,104530.5,,,,,,,,,,24200.0,-2.0,135.15,113.1,24100.0,-4.0,100.55,81.3
2026-04-20,PE,24300.0,-1,128.25,11598275.0,24.186064,88.55,13468585.0,24.077921,True,True,True,3,24450.0,24426.9,10:30,14:30,TIME,32.69999999999999,2125.499999999999,-1.950000000000017,-126.75000000000111,-0.001267500000000011,104403.75,,,,,,,,,,24350.0,-2.0,106.1,109.0,24250.0,-4.0,73.4,74.35
2026-04-21,PE,24400.0,-2,23.8,29490435.0,18.33383,19.6,33606885.0,17.29536,True,True,True,3,24500.0,24505.0,10:30,14:30,TIME,12.05,783.25,11.85,770.25,0.0077025,105174.0,,,,,,,,,,24400.0,-2.0,19.6,0.6,24300.0,-4.0,7.55,0.4
2026-04-22,CE,24500.0,3,164.0,10754055.0,16.005495,169.2,11818365.0,16.061586,False,True,True,2,24350.0,24374.55,10:30,14:30,TIME,41.80000000000001,2717.000000000001,-3.3000000000000114,-214.50000000000074,-0.0021450000000000076,104959.5,,24450.0,2.0,190.75,191.5,24550.0,4.0,148.95,146.4,,,,,,,,
2026-04-23,CE,24500.0,4,103.65,9182550.0,15.258987,93.4,9830535.0,15.042189,True,True,True,3,24250.0,24255.65,10:30,14:30,TIME,38.55,2505.75,7.649999999999977,497.2499999999985,0.004972499999999986,105456.75,,24350.0,2.0,148.0,108.9,24450.0,4.0,109.45,78.0,,,,,,,,
2026-04-24,CE,24200.0,4,95.45,12756315.0,16.552662,84.8,13023530.0,16.039282,True,True,True,3,23950.0,23959.85,10:30,14:30,TIME,39.0,2535.0,4.399999999999977,285.9999999999985,0.0028599999999999854,105742.75,,24050.0,2.0,139.25,121.8,24150.0,4.0,100.25,87.2,,,,,,,,
2026-04-27,PE,24000.0,-2,62.0,17084665.0,17.820994,81.35,16604835.0,17.504582,False,False,True,1,,,,,,0.0,0.0,0.0,0.0,0.0,105742.75,conditions_not_met:1/3,,,,,,,,,,,,,,,,
2026-04-28,PE,24000.0,-3,9.0,33576530.0,16.637421,6.6,36941320.0,16.178542,True,True,True,3,24150.0,24167.7,10:30,14:30,TIME,6.65,432.25,-28.699999999999996,-1865.4999999999998,-0.018654999999999998,103877.25,,,,,,,,,,24050.0,-2.0,10.8,38.0,23950.0,-4.0,4.15,2.65
2026-04-29,PE,24000.0,-4,102.0,7439185.0,15.328344,87.1,8058700.0,16.294279,True,True,True,3,24250.0,24274.15,10:30,14:30,TIME,30.599999999999994,1988.9999999999995,-7.700000000000017,-500.50000000000114,-0.005005000000000011,103376.75,,,,,,,,,,24150.0,-2.0,130.75,158.45,24050.0,-4.0,100.15,120.15
2026-04-30,CE,24000.0,3,123.05,7243990.0,14.477244,117.25,8544510.0,15.002647,True,True,True,3,23850.0,23834.35,10:30,14:30,TIME,36.0,2340.0,-16.5,-1072.5,-0.010725,102304.25,,23950.0,2.0,136.1,217.65,24050.0,4.0,100.1,165.15,,,,,,,,
2026-05-04,CE,24300.0,1,112.8,14837355.0,21.162542,97.05,19108050.0,21.833382,True,True,True,3,24200.0,24212.15,10:30,14:30,TIME,36.849999999999994,2395.2499999999995,11.699999999999989,760.4999999999993,0.007604999999999993,103064.75,,24300.0,2.0,97.05,61.1,24400.0,4.0,60.2,35.95,,,,,,,,
2026-05-05,PE,24000.0,-1,39.6,32763380.0,16.829077,79.35,21309600.0,16.845572,False,False,True,1,,,,,,0.0,0.0,0.0,0.0,0.0,103064.75,conditions_not_met:1/3,,,,,,,,,,,,,,,,
2026-05-06,CE,24200.0,1,187.3,11748295.0,15.687641,183.95,12508275.0,15.3197,True,True,True,3,24150.0,24132.85,10:30,14:30,TIME,41.80000000000001,2717.000000000001,-19.30000000000001,-1254.5000000000007,-0.012545000000000008,101810.25,,24250.0,2.0,159.8,293.05,24350.0,4.0,118.0,231.95,,,,,,,,
2026-05-07,CE,24500.0,3,120.75,7722780.0,14.087959,124.9,7920965.0,14.113399,False,True,False,1,,,,,,0.0,0.0,0.0,0.0,0.0,101810.25,conditions_not_met:1/3,,,,,,,,,,,,,,,,
2026-05-08,CE,24500.0,6,61.0,12209990.0,15.055529,69.15,12066275.0,14.747839,False,False,False,0,,,,,,0.0,0.0,0.0,0.0,0.0,101810.25,conditions_not_met:0/3,,,,,,,,,,,,,,,,
2026-05-11,CE,24000.0,2,79.7,19241300.0,21.074987,71.5,20626905.0,20.761065,True,True,True,3,23850.0,23864.95,10:30,14:30,TIME,33.9,2203.5,-6.0,-390.0,-0.0039,101420.25,,23950.0,2.0,89.8,97.0,24050.0,4.0,55.9,57.1,,,,,,,,
2026-05-12,CE,23700.0,2,33.9,33689305.0,19.259228,24.8,36322780.0,18.069433,True,True,True,3,23600.0,23607.95,10:30,14:30,TIME,15.65,1017.25,15.6,1014.0,0.01014,102434.25,,23700.0,2.0,24.8,0.75,23800.0,4.0,9.15,0.7,,,,,,,,
2026-05-13,PE,23300.0,-1,194.95,6049875.0,19.66685,158.45,6230835.0,19.518417,True,True,True,3,23450.0,23448.5,10:30,14:30,TIME,33.849999999999994,2200.2499999999995,1.5500000000000114,100.75000000000074,0.0010075000000000073,102535.0,,,,,,,,,,23350.0,-2.0,175.7,154.55,23250.0,-4.0,141.85,122.25
2026-05-14,CE,23500.0,1,187.4,7971990.0,16.784076,204.75,8679255.0,15.747786,False,True,True,2,23500.0,23512.35,,,,0.0,0.0,0.0,0.0,0.0,102535.0,no_1430_bar,,,,,,,,,,,,,,,,
